Serial Number / PAK number,Coverage,Covered Line Status,Business Entity,Sub Business Entity,Product Family,Product ID,Product Description,Asset Type,Product Type,Offer Type,Parent Offer Type,PID Mapping Group,Item Quantity,Covered Line Start Date,Covered Line End Date,Covered Line End Date FY,Covered Line End Date FY-FQ,Contract Type,Contract Number,Ship Date,Ship Date FY,Ship Date FY-FQ,End of Product Sale Date,Last Renewal Date,End of Software Maintenance Date,Last Date of Support,LDOS FY,LDOS FY-FQ,Migration PID Flag,Install Site GU Name,Install Site GU ID,Install Site CR Parent Party Name,Install Site CR Parent Party ID,Install Site CR Party Name,Install Site CR Party ID,Install Site Name,Install Site ID,Install Site Address 1,Install Site City,Install Site State,Major/Minor,Configuration
SSI1609058X,NOT COVERED,EXPIRED,Data Center Networking,NX2/4/5/6K,N5000,N5K-C5548UP-FA,"Nexus 5548 UP Chassis, 32 10GbE Ports, 2 PS, 2 Fans",Hardware,CHASSIS,Others,Others,,1,5/11/17,3/31/18,2018,2018 Q3,SNT,92058507,5/3/12,2012,2012 Q4,5/5/19,8/3/23,5/4/20,5/31/24,2024,2024 Q4,Y,ENTERGY CORPORATION,181149,ENTERGY SERVICES INC,26853,ENTERGY SERVICES INC,177639549,ENTERGY SERVICES INC,402488772,700 LOUISIANA ST,LITTLE ROCK,AR,Major,112646
SSI1609059D,NOT COVERED,EXPIRED,Data Center Networking,NX2/4/5/6K,N5000,N5K-C5548UP-FA,"Nexus 5548 UP Chassis, 32 10GbE Ports, 2 PS, 2 Fans",Hardware,CHASSIS,Others,Others,,1,5/11/17,3/31/18,2018,2018 Q3,SNT,92058507,5/3/12,2012,2012 Q4,5/5/19,8/3/23,5/4/20,5/31/24,2024,2024 Q4,Y,ENTERGY CORPORATION,181149,ENTERGY SERVICES INC,26853,ENTERGY SERVICES INC,177639549,ENTERGY SERVICES INC,402488772,700 LOUISIANA ST,LITTLE ROCK,AR,Major,112645
SSI16150CPB,NOT COVERED,EXPIRED,Data Center Networking,NX2/4/5/6K,N5000,N5K-C5548UP-BUN,Nexus 5548UP in N5548UP-N2K Bundle,Hardware,CHASSIS,Others,Others,,1,9/25/17,3/31/18,2018,2018 Q3,SNT,92058507,7/17/12,2012,2012 Q4,5/5/19,8/3/23,5/4/20,5/31/24,2024,2024 Q4,N,ENTERGY CORPORATION,181149,ENTERGY SERVICES INC,26853,ENTERGY SERVICES INC,177639549,ENTERGY SERVICES INC,402488772,700 LOUISIANA ST,LITTLE ROCK,AR,Major,114123
SSI16150GMX,NOT COVERED,EXPIRED,Data Center Networking,NX2/4/5/6K,N5000,N5K-C5548UP-BUN,Nexus 5548UP in N5548UP-N2K Bundle,Hardware,CHASSIS,Others,Others,,1,9/25/17,3/31/18,2018,2018 Q3,SNT,92058507,7/17/12,2012,2012 Q4,5/5/19,8/3/23,5/4/20,5/31/24,2024,2024 Q4,N,ENTERGY CORPORATION,181149,ENTERGY SERVICES INC,26853,ENTERGY SERVICES INC,177639549,ENTERGY SERVICES INC,402488772,700 LOUISIANA ST,LITTLE ROCK,AR,Major,113808
SSI16150GPP,NOT COVERED,EXPIRED,Data Center Networking,NX2/4/5/6K,N5000,N5K-C5548UP-BUN,Nexus 5548UP in N5548UP-N2K Bundle,Hardware,CHASSIS,Others,Others,,1,4/1/18,3/31/19,2019,2019 Q3,SNT,92058507,7/17/12,2012,2012 Q4,5/5/19,8/3/23,5/4/20,5/31/24,2024,2024 Q4,N,ENTERGY CORPORATION,181149,ENTERGY SERVICES INC,26853,ENTERGY SERVICES INC,177639549,ENTERGY SERVICES INC,402488772,700 LOUISIANA ST,LITTLE ROCK,AR,Major,113943
SSI16150GRR,NOT COVERED,EXPIRED,Data Center Networking,NX2/4/5/6K,N5000,N5K-C5548UP-BUN,Nexus 5548UP in N5548UP-N2K Bundle,Hardware,CHASSIS,Others,Others,,1,4/1/24,5/31/24,2024,2024 Q4,SNT,205483789,7/17/12,2012,2012 Q4,5/5/19,8/3/23,5/4/20,5/31/24,2024,2024 Q4,N,ENTERGY CORPORATION,181149,ENTERGY SERVICES INC,26853,ENTERGY SERVICES INC,177639549,"Entergy Services, Inc.",2000262575,700 LOUISIANA ST,LITTLE ROCK,AR,Major,114239
SSI16150JFM,NOT COVERED,EXPIRED,Data Center Networking,NX2/4/5/6K,N5000,N5K-C5548UP-BUN,Nexus 5548UP in N5548UP-N2K Bundle,Hardware,CHASSIS,Others,Others,,1,4/1/24,5/31/24,2024,2024 Q4,SNT,205483789,7/17/12,2012,2012 Q4,5/5/19,8/3/23,5/4/20,5/31/24,2024,2024 Q4,N,ENTERGY CORPORATION,181149,ENTERGY SERVICES INC,26853,ENTERGY SERVICES INC,177639549,"Entergy Services, Inc.",2000262575,700 LOUISIANA ST,LITTLE ROCK,AR,Major,114007
SSI16160A3L,NOT COVERED,EXPIRED,Data Center Networking,NX2/4/5/6K,N2000,N2K-C2248TP-BUN,Nexus 2248TP for N5K/N2K Bundle,Hardware,CHASSIS,Others,Others,,1,4/30/21,11/30/21,2022,2022 Q2,SNT,92058507,7/17/12,2012,2012 Q4,11/2/16,1/31/21,11/2/17,11/30/21,2022,2022 Q2,Y,ENTERGY CORPORATION,181149,ENTERGY SERVICES INC,26853,ENTERGY SERVICES INC,177639549,ENTERGY SERVICES INC,402488772,700 LOUISIANA ST,LITTLE ROCK,AR,Major,114299
SSI16160A3N,NOT COVERED,EXPIRED,Data Center Networking,NX2/4/5/6K,N2000,N2K-C2248TP-BUN,Nexus 2248TP for N5K/N2K Bundle,Hardware,CHASSIS,Others,Others,,1,4/30/21,11/30/21,2022,2022 Q2,SNT,92058507,7/17/12,2012,2012 Q4,11/2/16,1/31/21,11/2/17,11/30/21,2022,2022 Q2,Y,ENTERGY CORPORATION,181149,ENTERGY SERVICES INC,26853,ENTERGY SERVICES INC,177639549,ENTERGY SERVICES INC,402488772,700 LOUISIANA ST,LITTLE ROCK,AR,Major,114298
SSI161708EW,NOT COVERED,EXPIRED,Data Center Networking,NX2/4/5/6K,N5000,N5K-C5548UP-BUN,Nexus 5548UP in N5548UP-N2K Bundle,Hardware,CHASSIS,Others,Others,,1,4/1/18,3/31/19,2019,2019 Q3,SNT,92058507,7/17/12,2012,2012 Q4,5/5/19,8/3/23,5/4/20,5/31/24,2024,2024 Q4,N,ENTERGY CORPORATION,181149,ENTERGY SERVICES INC,26853,ENTERGY SERVICES INC,177639549,ENTERGY SERVICES INC,402488772,700 LOUISIANA ST,LITTLE ROCK,AR,Major,113887
SSI161708FB,NOT COVERED,EXPIRED,Data Center Networking,NX2/4/5/6K,N5000,N5K-C5548UP-BUN,Nexus 5548UP in N5548UP-N2K Bundle,Hardware,CHASSIS,Others,Others,,1,9/25/17,3/31/18,2018,2018 Q3,SNT,92058507,7/17/12,2012,2012 Q4,5/5/19,8/3/23,5/4/20,5/31/24,2024,2024 Q4,N,ENTERGY CORPORATION,181149,ENTERGY SERVICES INC,26853,ENTERGY SERVICES INC,177639549,ENTERGY SERVICES INC,402488772,700 LOUISIANA ST,LITTLE ROCK,AR,Major,114086
SSI161708HV,NOT COVERED,EXPIRED,Data Center Networking,NX2/4/5/6K,N5000,N5K-C5548UP-BUN,Nexus 5548UP in N5548UP-N2K Bundle,Hardware,CHASSIS,Others,Others,,1,9/25/17,3/31/18,2018,2018 Q3,SNT,92058507,7/17/12,2012,2012 Q4,5/5/19,8/3/23,5/4/20,5/31/24,2024,2024 Q4,N,ENTERGY CORPORATION,181149,ENTERGY SERVICES INC,26853,ENTERGY SERVICES INC,177639549,ENTERGY SERVICES INC,402488772,700 LOUISIANA ST,LITTLE ROCK,AR,Major,113735
SSI161800FR,NOT COVERED,EXPIRED,Data Center Networking,NX2/4/5/6K,N2000,N2K-C2248TP-BUN,Nexus 2248TP for N5K/N2K Bundle,Hardware,CHASSIS,Others,Others,,1,4/30/21,11/30/21,2022,2022 Q2,SNT,92058507,7/17/12,2012,2012 Q4,11/2/16,1/31/21,11/2/17,11/30/21,2022,2022 Q2,Y,ENTERGY CORPORATION,181149,ENTERGY SERVICES INC,26853,ENTERGY SERVICES INC,177639549,ENTERGY SERVICES INC,402488772,700 LOUISIANA ST,LITTLE ROCK,AR,Major,114074
SSI161800FW,NOT COVERED,EXPIRED,Data Center Networking,NX2/4/5/6K,N2000,N2K-C2248TP-BUN,Nexus 2248TP for N5K/N2K Bundle,Hardware,CHASSIS,Others,Others,,1,4/30/21,11/30/21,2022,2022 Q2,SNT,92058507,7/17/12,2012,2012 Q4,11/2/16,1/31/21,11/2/17,11/30/21,2022,2022 Q2,Y,ENTERGY CORPORATION,181149,ENTERGY SERVICES INC,26853,ENTERGY SERVICES INC,177639549,ENTERGY SERVICES INC,402488772,700 LOUISIANA ST,LITTLE ROCK,AR,Major,114076
SSI161800GY,NOT COVERED,EXPIRED,Data Center Networking,NX2/4/5/6K,N2000,N2K-C2248TP-BUN,Nexus 2248TP for N5K/N2K Bundle,Hardware,CHASSIS,Others,Others,,1,4/30/21,11/30/21,2022,2022 Q2,SNT,92058507,7/17/12,2012,2012 Q4,11/2/16,1/31/21,11/2/17,11/30/21,2022,2022 Q2,Y,ENTERGY CORPORATION,181149,ENTERGY SERVICES INC,26853,ENTERGY SERVICES INC,177639549,ENTERGY SERVICES INC,402488772,700 LOUISIANA ST,LITTLE ROCK,AR,Major,114080
SSI1619005J,NOT COVERED,EXPIRED,Data Center Networking,NX2/4/5/6K,N2000,N2K-C2248TP-BUN,Nexus 2248TP for N5K/N2K Bundle,Hardware,CHASSIS,Others,Others,,1,4/30/21,11/30/21,2022,2022 Q2,SNT,92058507,7/17/12,2012,2012 Q4,11/2/16,1/31/21,11/2/17,11/30/21,2022,2022 Q2,Y,ENTERGY CORPORATION,181149,ENTERGY SERVICES INC,26853,ENTERGY SERVICES INC,177639549,ENTERGY SERVICES INC,402488772,700 LOUISIANA ST,LITTLE ROCK,AR,Major,114301
SSI161904Z9,NOT COVERED,EXPIRED,Data Center Networking,NX2/4/5/6K,N2000,N2K-C2248TP-BUN,Nexus 2248TP for N5K/N2K Bundle,Hardware,CHASSIS,Others,Others,,1,4/30/21,11/30/21,2022,2022 Q2,SNT,92058507,7/17/12,2012,2012 Q4,11/2/16,1/31/21,11/2/17,11/30/21,2022,2022 Q2,Y,ENTERGY CORPORATION,181149,ENTERGY SERVICES INC,26853,ENTERGY SERVICES INC,177639549,ENTERGY SERVICES INC,402488772,700 LOUISIANA ST,LITTLE ROCK,AR,Major,114300
SSI1619080K,NOT COVERED,EXPIRED,Data Center Networking,NX2/4/5/6K,N2000,N2K-C2248TP-BUN,Nexus 2248TP for N5K/N2K Bundle,Hardware,CHASSIS,Others,Others,,1,4/1/19,3/31/20,2020,2020 Q3,SNT,202352146,7/17/12,2012,2012 Q4,11/2/16,1/31/21,11/2/17,11/30/21,2022,2022 Q2,Y,ENTERGY CORPORATION,181149,ENTERGY SERVICES INC,26853,ENTERGY SERVICES INC,177639549,ENTERGY SERVICES INC,402488772,700 LOUISIANA ST,LITTLE ROCK,AR,Major,114218
SSI161908Q8,NOT COVERED,EXPIRED,Data Center Networking,NX2/4/5/6K,N2000,N2K-C2248TP-BUN,Nexus 2248TP for N5K/N2K Bundle,Hardware,CHASSIS,Others,Others,,1,4/30/21,11/30/21,2022,2022 Q2,SNT,92058507,7/17/12,2012,2012 Q4,11/2/16,1/31/21,11/2/17,11/30/21,2022,2022 Q2,Y,ENTERGY CORPORATION,181149,ENTERGY SERVICES INC,26853,ENTERGY SERVICES INC,177639549,ENTERGY SERVICES INC,402488772,700 LOUISIANA ST,LITTLE ROCK,AR,Major,114228
SSI161908QH,NOT COVERED,EXPIRED,Data Center Networking,NX2/4/5/6K,N2000,N2K-C2248TP-BUN,Nexus 2248TP for N5K/N2K Bundle,Hardware,CHASSIS,Others,Others,,1,4/30/21,11/30/21,2022,2022 Q2,SNT,92058507,7/17/12,2012,2012 Q4,11/2/16,1/31/21,11/2/17,11/30/21,2022,2022 Q2,Y,ENTERGY CORPORATION,181149,ENTERGY SERVICES INC,26853,ENTERGY SERVICES INC,177639549,ENTERGY SERVICES INC,402488772,700 LOUISIANA ST,LITTLE ROCK,AR,Major,114220
SSI161908QX,NOT COVERED,EXPIRED,Data Center Networking,NX2/4/5/6K,N2000,N2K-C2248TP-BUN,Nexus 2248TP for N5K/N2K Bundle,Hardware,CHASSIS,Others,Others,,1,4/1/19,3/31/20,2020,2020 Q3,SNT,202352146,7/17/12,2012,2012 Q4,11/2/16,1/31/21,11/2/17,11/30/21,2022,2022 Q2,Y,ENTERGY CORPORATION,181149,ENTERGY SERVICES INC,26853,ENTERGY SERVICES INC,177639549,ENTERGY SERVICES INC,402488772,700 LOUISIANA ST,LITTLE ROCK,AR,Major,114226
SSI161908VM,NOT COVERED,EXPIRED,Data Center Networking,NX2/4/5/6K,N2000,N2K-C2248TP-BUN,Nexus 2248TP for N5K/N2K Bundle,Hardware,CHASSIS,Others,Others,,1,4/1/19,3/31/20,2020,2020 Q3,SNT,202352146,7/17/12,2012,2012 Q4,11/2/16,1/31/21,11/2/17,11/30/21,2022,2022 Q2,Y,ENTERGY CORPORATION,181149,ENTERGY SERVICES INC,26853,ENTERGY SERVICES INC,177639549,ENTERGY SERVICES INC,402488772,700 LOUISIANA ST,LITTLE ROCK,AR,Major,114222
SSI161908VN,NOT COVERED,EXPIRED,Data Center Networking,NX2/4/5/6K,N2000,N2K-C2248TP-BUN,Nexus 2248TP for N5K/N2K Bundle,Hardware,CHASSIS,Others,Others,,1,4/30/21,11/30/21,2022,2022 Q2,SNT,92058507,7/17/12,2012,2012 Q4,11/2/16,1/31/21,11/2/17,11/30/21,2022,2022 Q2,Y,ENTERGY CORPORATION,181149,ENTERGY SERVICES INC,26853,ENTERGY SERVICES INC,177639549,ENTERGY SERVICES INC,402488772,700 LOUISIANA ST,LITTLE ROCK,AR,Major,114224
SSI162007AF,NOT COVERED,EXPIRED,Data Center Networking,NX2/4/5/6K,N2000,N2K-C2248TP-BUN,Nexus 2248TP for N5K/N2K Bundle,Hardware,CHASSIS,Others,Others,,1,4/30/21,11/30/21,2022,2022 Q2,SNT,92058507,7/17/12,2012,2012 Q4,11/2/16,1/31/21,11/2/17,11/30/21,2022,2022 Q2,Y,ENTERGY CORPORATION,181149,ENTERGY SERVICES INC,26853,ENTERGY SERVICES INC,177639549,ENTERGY SERVICES INC,402488772,700 LOUISIANA ST,LITTLE ROCK,AR,Major,114236
SSI162007JQ,NOT COVERED,EXPIRED,Data Center Networking,NX2/4/5/6K,N2000,N2K-C2248TP-BUN,Nexus 2248TP for N5K/N2K Bundle,Hardware,CHASSIS,Others,Others,,1,4/30/21,11/30/21,2022,2022 Q2,SNT,92058507,7/17/12,2012,2012 Q4,11/2/16,1/31/21,11/2/17,11/30/21,2022,2022 Q2,Y,ENTERGY CORPORATION,181149,ENTERGY SERVICES INC,26853,ENTERGY SERVICES INC,177639549,ENTERGY SERVICES INC,402488772,700 LOUISIANA ST,LITTLE ROCK,AR,Major,114234
SSI162007JX,NOT COVERED,EXPIRED,Data Center Networking,NX2/4/5/6K,N2000,N2K-C2248TP-BUN,Nexus 2248TP for N5K/N2K Bundle,Hardware,CHASSIS,Others,Others,,1,4/30/21,11/30/21,2022,2022 Q2,SNT,92058507,7/17/12,2012,2012 Q4,11/2/16,1/31/21,11/2/17,11/30/21,2022,2022 Q2,Y,ENTERGY CORPORATION,181149,ENTERGY SERVICES INC,26853,ENTERGY SERVICES INC,177639549,ENTERGY SERVICES INC,402488772,700 LOUISIANA ST,LITTLE ROCK,AR,Major,114232
SSI162007KB,NOT COVERED,EXPIRED,Data Center Networking,NX2/4/5/6K,N2000,N2K-C2248TP-BUN,Nexus 2248TP for N5K/N2K Bundle,Hardware,CHASSIS,Others,Others,,1,4/30/21,11/30/21,2022,2022 Q2,SNT,92058507,7/17/12,2012,2012 Q4,11/2/16,1/31/21,11/2/17,11/30/21,2022,2022 Q2,Y,ENTERGY CORPORATION,181149,ENTERGY SERVICES INC,26853,ENTERGY SERVICES INC,177639549,ENTERGY SERVICES INC,402488772,700 LOUISIANA ST,LITTLE ROCK,AR,Major,114231
SSI162008RV,NOT COVERED,EXPIRED,Data Center Networking,NX2/4/5/6K,N2000,N2K-C2248TP-BUN,Nexus 2248TP for N5K/N2K Bundle,Hardware,CHASSIS,Others,Others,,1,4/30/21,11/30/21,2022,2022 Q2,SNT,92058507,7/17/12,2012,2012 Q4,11/2/16,1/31/21,11/2/17,11/30/21,2022,2022 Q2,Y,ENTERGY CORPORATION,181149,ENTERGY SERVICES INC,26853,ENTERGY SERVICES INC,177639549,ENTERGY SERVICES INC,402488772,700 LOUISIANA ST,LITTLE ROCK,AR,Major,114072
SSI16200AWQ,NOT COVERED,EXPIRED,Data Center Networking,NX2/4/5/6K,N2000,N2K-C2248TP-BUN,Nexus 2248TP for N5K/N2K Bundle,Hardware,CHASSIS,Others,Others,,1,4/30/21,11/30/21,2022,2022 Q2,SNT,92058507,7/17/12,2012,2012 Q4,11/2/16,1/31/21,11/2/17,11/30/21,2022,2022 Q2,Y,ENTERGY CORPORATION,181149,ENTERGY SERVICES INC,26853,ENTERGY SERVICES INC,177639549,ENTERGY SERVICES INC,402488772,700 LOUISIANA ST,LITTLE ROCK,AR,Major,113805
SSI16200AWR,NOT COVERED,EXPIRED,Data Center Networking,NX2/4/5/6K,N2000,N2K-C2248TP-BUN,Nexus 2248TP for N5K/N2K Bundle,Hardware,CHASSIS,Others,Others,,1,4/1/19,3/31/20,2020,2020 Q3,SNT,202352146,7/17/12,2012,2012 Q4,11/2/16,1/31/21,11/2/17,11/30/21,2022,2022 Q2,Y,ENTERGY CORPORATION,181149,ENTERGY SERVICES INC,26853,ENTERGY SERVICES INC,177639549,ENTERGY SERVICES INC,402488772,700 LOUISIANA ST,LITTLE ROCK,AR,Major,113801
SSI16200AX1,NOT COVERED,EXPIRED,Data Center Networking,NX2/4/5/6K,N2000,N2K-C2248TP-BUN,Nexus 2248TP for N5K/N2K Bundle,Hardware,CHASSIS,Others,Others,,1,4/30/21,11/30/21,2022,2022 Q2,SNT,92058507,7/17/12,2012,2012 Q4,11/2/16,1/31/21,11/2/17,11/30/21,2022,2022 Q2,Y,ENTERGY CORPORATION,181149,ENTERGY SERVICES INC,26853,ENTERGY SERVICES INC,177639549,ENTERGY SERVICES INC,402488772,700 LOUISIANA ST,LITTLE ROCK,AR,Major,113800
SSI16200AXB,NOT COVERED,EXPIRED,Data Center Networking,NX2/4/5/6K,N2000,N2K-C2248TP-BUN,Nexus 2248TP for N5K/N2K Bundle,Hardware,CHASSIS,Others,Others,,1,4/30/21,11/30/21,2022,2022 Q2,SNT,92058507,7/17/12,2012,2012 Q4,11/2/16,1/31/21,11/2/17,11/30/21,2022,2022 Q2,Y,ENTERGY CORPORATION,181149,ENTERGY SERVICES INC,26853,ENTERGY SERVICES INC,177639549,ENTERGY SERVICES INC,402488772,700 LOUISIANA ST,LITTLE ROCK,AR,Major,113937
SSI16200C91,NOT COVERED,EXPIRED,Data Center Networking,NX2/4/5/6K,N2000,N2K-C2248TP-BUN,Nexus 2248TP for N5K/N2K Bundle,Hardware,CHASSIS,Others,Others,,1,4/30/21,11/30/21,2022,2022 Q2,SNT,92058507,7/17/12,2012,2012 Q4,11/2/16,1/31/21,11/2/17,11/30/21,2022,2022 Q2,Y,ENTERGY CORPORATION,181149,ENTERGY SERVICES INC,26853,ENTERGY SERVICES INC,177639549,ENTERGY SERVICES INC,402488772,700 LOUISIANA ST,LITTLE ROCK,AR,Major,114114
SSI16200C9C,NOT COVERED,EXPIRED,Data Center Networking,NX2/4/5/6K,N2000,N2K-C2248TP-BUN,Nexus 2248TP for N5K/N2K Bundle,Hardware,CHASSIS,Others,Others,,1,4/30/21,11/30/21,2022,2022 Q2,SNT,92058507,7/17/12,2012,2012 Q4,11/2/16,1/31/21,11/2/17,11/30/21,2022,2022 Q2,Y,ENTERGY CORPORATION,181149,ENTERGY SERVICES INC,26853,ENTERGY SERVICES INC,177639549,ENTERGY SERVICES INC,402488772,700 LOUISIANA ST,LITTLE ROCK,AR,Major,114119
SSI16200CBY,NOT COVERED,EXPIRED,Data Center Networking,NX2/4/5/6K,N2000,N2K-C2248TP-BUN,Nexus 2248TP for N5K/N2K Bundle,Hardware,CHASSIS,Others,Others,,1,4/30/21,11/30/21,2022,2022 Q2,SNT,92058507,7/17/12,2012,2012 Q4,11/2/16,1/31/21,11/2/17,11/30/21,2022,2022 Q2,Y,ENTERGY CORPORATION,181149,ENTERGY SERVICES INC,26853,ENTERGY SERVICES INC,177639549,ENTERGY SERVICES INC,402488772,700 LOUISIANA ST,LITTLE ROCK,AR,Major,114117
SSI16200DAX,NOT COVERED,EXPIRED,Data Center Networking,NX2/4/5/6K,N2000,N2K-C2248TP-BUN,Nexus 2248TP for N5K/N2K Bundle,Hardware,CHASSIS,Others,Others,,1,4/30/21,11/30/21,2022,2022 Q2,SNT,92058507,7/17/12,2012,2012 Q4,11/2/16,1/31/21,11/2/17,11/30/21,2022,2022 Q2,Y,ENTERGY CORPORATION,181149,ENTERGY SERVICES INC,26853,ENTERGY SERVICES INC,177639549,ENTERGY SERVICES INC,402488772,700 LOUISIANA ST,LITTLE ROCK,AR,Major,113803
SSI16200DBB,NOT COVERED,EXPIRED,Data Center Networking,NX2/4/5/6K,N2000,N2248TP-FA-BUN,"^Standard airflow pack: N2K-C2248TP-1GE, 2AC PS, 1Fan",Hardware,CHASSIS,Others,Others,,1,4/30/21,11/30/21,2022,2022 Q2,SNT,92058507,7/17/12,2012,2012 Q4,11/2/16,1/31/21,11/2/17,11/30/21,2022,2022 Q2,Y,ENTERGY CORPORATION,181149,ENTERGY SERVICES INC,26853,ENTERGY SERVICES INC,177639549,ENTERGY SERVICES INC,402488772,700 LOUISIANA ST,LITTLE ROCK,AR,Major,113849
SSI16200DK8,NOT COVERED,EXPIRED,Data Center Networking,NX2/4/5/6K,N2000,N2K-C2248TP-BUN,Nexus 2248TP for N5K/N2K Bundle,Hardware,CHASSIS,Others,Others,,1,4/30/21,11/30/21,2022,2022 Q2,SNT,92058507,7/17/12,2012,2012 Q4,11/2/16,1/31/21,11/2/17,11/30/21,2022,2022 Q2,Y,ENTERGY CORPORATION,181149,ENTERGY SERVICES INC,26853,ENTERGY SERVICES INC,177639549,ENTERGY SERVICES INC,402488772,700 LOUISIANA ST,LITTLE ROCK,AR,Major,114121
SSI16200DLF,NOT COVERED,EXPIRED,Data Center Networking,NX2/4/5/6K,N2000,N2K-C2248TP-BUN,Nexus 2248TP for N5K/N2K Bundle,Hardware,CHASSIS,Others,Others,,1,4/30/21,11/30/21,2022,2022 Q2,SNT,92058507,7/17/12,2012,2012 Q4,11/2/16,1/31/21,11/2/17,11/30/21,2022,2022 Q2,Y,ENTERGY CORPORATION,181149,ENTERGY SERVICES INC,26853,ENTERGY SERVICES INC,177639549,ENTERGY SERVICES INC,402488772,700 LOUISIANA ST,LITTLE ROCK,AR,Major,114078
SSI1621089V,NOT COVERED,EXPIRED,Data Center Networking,NX2/4/5/6K,N2000,N2K-C2248TP-BUN,Nexus 2248TP for N5K/N2K Bundle,Hardware,CHASSIS,Others,Others,,1,4/30/21,11/30/21,2022,2022 Q2,SNT,92058507,7/17/12,2012,2012 Q4,11/2/16,1/31/21,11/2/17,11/30/21,2022,2022 Q2,Y,ENTERGY CORPORATION,181149,ENTERGY SERVICES INC,26853,ENTERGY SERVICES INC,177639549,ENTERGY SERVICES INC,402488772,700 LOUISIANA ST,LITTLE ROCK,AR,Major,113804
SSI16210DN6,NOT COVERED,EXPIRED,Data Center Networking,NX2/4/5/6K,N2000,N2K-C2248TP-BUN,Nexus 2248TP for N5K/N2K Bundle,Hardware,CHASSIS,Others,Others,,1,4/30/21,11/30/21,2022,2022 Q2,SNT,92058507,7/17/12,2012,2012 Q4,11/2/16,1/31/21,11/2/17,11/30/21,2022,2022 Q2,Y,ENTERGY CORPORATION,181149,ENTERGY SERVICES INC,26853,ENTERGY SERVICES INC,177639549,ENTERGY SERVICES INC,402488772,700 LOUISIANA ST,LITTLE ROCK,AR,Major,113927
SSI16210DNZ,NOT COVERED,EXPIRED,Data Center Networking,NX2/4/5/6K,N2000,N2248TP-FA-BUN,"^Standard airflow pack: N2K-C2248TP-1GE, 2AC PS, 1Fan",Hardware,CHASSIS,Others,Others,,1,4/30/21,11/30/21,2022,2022 Q2,SNT,92058507,7/17/12,2012,2012 Q4,11/2/16,1/31/21,11/2/17,11/30/21,2022,2022 Q2,Y,ENTERGY CORPORATION,181149,ENTERGY SERVICES INC,26853,ENTERGY SERVICES INC,177639549,ENTERGY SERVICES INC,402488772,700 LOUISIANA ST,LITTLE ROCK,AR,Major,113867
SSI16210GEB,NOT COVERED,EXPIRED,Data Center Networking,NX2/4/5/6K,N2000,N2K-C2248TP-BUN,Nexus 2248TP for N5K/N2K Bundle,Hardware,CHASSIS,Others,Others,,1,4/1/19,3/31/20,2020,2020 Q3,SNT,202352146,7/17/12,2012,2012 Q4,11/2/16,1/31/21,11/2/17,11/30/21,2022,2022 Q2,Y,ENTERGY CORPORATION,181149,ENTERGY SERVICES INC,26853,ENTERGY SERVICES INC,177639549,ENTERGY SERVICES INC,402488772,700 LOUISIANA ST,LITTLE ROCK,AR,Major,114001
SSI16210HC7,NOT COVERED,EXPIRED,Data Center Networking,NX2/4/5/6K,N2000,N2K-C2248TP-BUN,Nexus 2248TP for N5K/N2K Bundle,Hardware,CHASSIS,Others,Others,,1,4/30/21,11/30/21,2022,2022 Q2,SNT,92058507,7/17/12,2012,2012 Q4,11/2/16,1/31/21,11/2/17,11/30/21,2022,2022 Q2,Y,ENTERGY CORPORATION,181149,ENTERGY SERVICES INC,26853,ENTERGY SERVICES INC,177639549,ENTERGY SERVICES INC,402488772,700 LOUISIANA ST,LITTLE ROCK,AR,Major,114070
SSI16210HF5,NOT COVERED,EXPIRED,Data Center Networking,NX2/4/5/6K,N2000,N2K-C2248TP-BUN,Nexus 2248TP for N5K/N2K Bundle,Hardware,CHASSIS,Others,Others,,1,4/30/21,11/30/21,2022,2022 Q2,SNT,92058507,7/17/12,2012,2012 Q4,11/2/16,1/31/21,11/2/17,11/30/21,2022,2022 Q2,Y,ENTERGY CORPORATION,181149,ENTERGY SERVICES INC,26853,ENTERGY SERVICES INC,177639549,ENTERGY SERVICES INC,402488772,700 LOUISIANA ST,LITTLE ROCK,AR,Major,114004
SSI16210RXJ,NOT COVERED,EXPIRED,Data Center Networking,NX2/4/5/6K,N2000,N2K-C2248TP-BUN,Nexus 2248TP for N5K/N2K Bundle,Hardware,CHASSIS,Others,Others,,1,4/30/21,11/30/21,2022,2022 Q2,SNT,92058507,7/17/12,2012,2012 Q4,11/2/16,1/31/21,11/2/17,11/30/21,2022,2022 Q2,Y,ENTERGY CORPORATION,181149,ENTERGY SERVICES INC,26853,ENTERGY SERVICES INC,177639549,ENTERGY SERVICES INC,402488772,700 LOUISIANA ST,LITTLE ROCK,AR,Major,114003
SSI16210RXX,NOT COVERED,EXPIRED,Data Center Networking,NX2/4/5/6K,N2000,N2248TP-FA-BUN,"^Standard airflow pack: N2K-C2248TP-1GE, 2AC PS, 1Fan",Hardware,CHASSIS,Others,Others,,1,4/30/21,11/30/21,2022,2022 Q2,SNT,92058507,7/17/12,2012,2012 Q4,11/2/16,1/31/21,11/2/17,11/30/21,2022,2022 Q2,Y,ENTERGY CORPORATION,181149,ENTERGY SERVICES INC,26853,ENTERGY SERVICES INC,177639549,ENTERGY SERVICES INC,402488772,700 LOUISIANA ST,LITTLE ROCK,AR,Major,114233
SSI16210RZ4,NOT COVERED,EXPIRED,Data Center Networking,NX2/4/5/6K,N2000,N2K-C2248TP-BUN,Nexus 2248TP for N5K/N2K Bundle,Hardware,CHASSIS,Others,Others,,1,4/30/21,11/30/21,2022,2022 Q2,SNT,92058507,7/17/12,2012,2012 Q4,11/2/16,1/31/21,11/2/17,11/30/21,2022,2022 Q2,Y,ENTERGY CORPORATION,181149,ENTERGY SERVICES INC,26853,ENTERGY SERVICES INC,177639549,ENTERGY SERVICES INC,402488772,700 LOUISIANA ST,LITTLE ROCK,AR,Major,113999
SSI16210S2F,NOT COVERED,EXPIRED,Data Center Networking,NX2/4/5/6K,N2000,N2248TP-FA-BUN,"^Standard airflow pack: N2K-C2248TP-1GE, 2AC PS, 1Fan",Hardware,CHASSIS,Others,Others,,1,4/30/21,11/30/21,2022,2022 Q2,SNT,92058507,7/17/12,2012,2012 Q4,11/2/16,1/31/21,11/2/17,11/30/21,2022,2022 Q2,Y,ENTERGY CORPORATION,181149,ENTERGY SERVICES INC,26853,ENTERGY SERVICES INC,177639549,ENTERGY SERVICES INC,402488772,700 LOUISIANA ST,LITTLE ROCK,AR,Major,113829
SSI16210V47,NOT COVERED,EXPIRED,Data Center Networking,NX2/4/5/6K,N2000,N2K-C2248TP-BUN,Nexus 2248TP for N5K/N2K Bundle,Hardware,CHASSIS,Others,Others,,1,4/30/21,11/30/21,2022,2022 Q2,SNT,92058507,7/17/12,2012,2012 Q4,11/2/16,1/31/21,11/2/17,11/30/21,2022,2022 Q2,Y,ENTERGY CORPORATION,181149,ENTERGY SERVICES INC,26853,ENTERGY SERVICES INC,177639549,ENTERGY SERVICES INC,402488772,700 LOUISIANA ST,LITTLE ROCK,AR,Major,113929
SSI16210V49,NOT COVERED,EXPIRED,Data Center Networking,NX2/4/5/6K,N2000,N2K-C2248TP-BUN,Nexus 2248TP for N5K/N2K Bundle,Hardware,CHASSIS,Others,Others,,1,4/30/21,11/30/21,2022,2022 Q2,SNT,92058507,7/17/12,2012,2012 Q4,11/2/16,1/31/21,11/2/17,11/30/21,2022,2022 Q2,Y,ENTERGY CORPORATION,181149,ENTERGY SERVICES INC,26853,ENTERGY SERVICES INC,177639549,ENTERGY SERVICES INC,402488772,700 LOUISIANA ST,LITTLE ROCK,AR,Major,113935
SSI16210V4A,NOT COVERED,EXPIRED,Data Center Networking,NX2/4/5/6K,N2000,N2K-C2248TP-BUN,Nexus 2248TP for N5K/N2K Bundle,Hardware,CHASSIS,Others,Others,,1,4/30/21,11/30/21,2022,2022 Q2,SNT,92058507,7/17/12,2012,2012 Q4,11/2/16,1/31/21,11/2/17,11/30/21,2022,2022 Q2,Y,ENTERGY CORPORATION,181149,ENTERGY SERVICES INC,26853,ENTERGY SERVICES INC,177639549,ENTERGY SERVICES INC,402488772,700 LOUISIANA ST,LITTLE ROCK,AR,Major,113802
SSI16210V4B,NOT COVERED,EXPIRED,Data Center Networking,NX2/4/5/6K,N2000,N2K-C2248TP-BUN,Nexus 2248TP for N5K/N2K Bundle,Hardware,CHASSIS,Others,Others,,1,4/30/21,11/30/21,2022,2022 Q2,SNT,92058507,7/17/12,2012,2012 Q4,11/2/16,1/31/21,11/2/17,11/30/21,2022,2022 Q2,Y,ENTERGY CORPORATION,181149,ENTERGY SERVICES INC,26853,ENTERGY SERVICES INC,177639549,ENTERGY SERVICES INC,402488772,700 LOUISIANA ST,LITTLE ROCK,AR,Major,113931
SSI16210V4F,NOT COVERED,EXPIRED,Data Center Networking,NX2/4/5/6K,N2000,N2K-C2248TP-BUN,Nexus 2248TP for N5K/N2K Bundle,Hardware,CHASSIS,Others,Others,,1,4/30/21,11/30/21,2022,2022 Q2,SNT,92058507,7/17/12,2012,2012 Q4,11/2/16,1/31/21,11/2/17,11/30/21,2022,2022 Q2,Y,ENTERGY CORPORATION,181149,ENTERGY SERVICES INC,26853,ENTERGY SERVICES INC,177639549,ENTERGY SERVICES INC,402488772,700 LOUISIANA ST,LITTLE ROCK,AR,Major,113933
SSI16210VAL,NOT COVERED,EXPIRED,Data Center Networking,NX2/4/5/6K,N2000,N2248TP-FA-BUN,"^Standard airflow pack: N2K-C2248TP-1GE, 2AC PS, 1Fan",Hardware,CHASSIS,Others,Others,,1,4/30/21,11/30/21,2022,2022 Q2,SNT,92058507,7/17/12,2012,2012 Q4,11/2/16,1/31/21,11/2/17,11/30/21,2022,2022 Q2,Y,ENTERGY CORPORATION,181149,ENTERGY SERVICES INC,26853,ENTERGY SERVICES INC,177639549,ENTERGY SERVICES INC,402488772,700 LOUISIANA ST,LITTLE ROCK,AR,Major,113810
SSI16150JE2,NOT COVERED,EXPIRED,Data Center Networking,NX2/4/5/6K,N5000,N5K-C5548UP-FA,"Nexus 5548 UP Chassis, 32 10GbE Ports, 2 PS, 2 Fans",Hardware,CHASSIS,Others,Others,,1,9/25/17,3/31/18,2018,2018 Q3,SNT,92058507,7/18/12,2012,2012 Q4,5/5/19,8/3/23,5/4/20,5/31/24,2024,2024 Q4,Y,ENTERGY CORPORATION,181149,ENTERGY SERVICES INC,26853,ENTERGY SERVICES INC,177639549,ENTERGY SERVICES INC,402488772,700 LOUISIANA ST,LITTLE ROCK,AR,Major,114370
SSI16170A41,NOT COVERED,EXPIRED,Data Center Networking,NX2/4/5/6K,N5000,N5K-C5548UP-FA,"Nexus 5548 UP Chassis, 32 10GbE Ports, 2 PS, 2 Fans",Hardware,CHASSIS,Others,Others,,1,4/1/18,3/31/19,2019,2019 Q3,SNT,92058507,7/18/12,2012,2012 Q4,5/5/19,8/3/23,5/4/20,5/31/24,2024,2024 Q4,Y,ENTERGY CORPORATION,181149,ENTERGY SERVICES INC,26853,ENTERGY SERVICES INC,177639549,ENTERGY SERVICES INC,402488772,700 LOUISIANA ST,LITTLE ROCK,AR,Major,114368
SSI16170A92,NOT COVERED,EXPIRED,Data Center Networking,NX2/4/5/6K,N5000,N5K-C5548UP-FA,"Nexus 5548 UP Chassis, 32 10GbE Ports, 2 PS, 2 Fans",Hardware,CHASSIS,Others,Others,,1,4/1/24,5/31/24,2024,2024 Q4,SNT,205483789,7/18/12,2012,2012 Q4,5/5/19,8/3/23,5/4/20,5/31/24,2024,2024 Q4,Y,ENTERGY CORPORATION,181149,ENTERGY SERVICES INC,26853,ENTERGY SERVICES INC,177639549,"Entergy Services, Inc.",2000262575,700 LOUISIANA ST,LITTLE ROCK,AR,Major,114367
SSI16170ABH,NOT COVERED,EXPIRED,Data Center Networking,NX2/4/5/6K,N5000,N5K-C5548UP-FA,"Nexus 5548 UP Chassis, 32 10GbE Ports, 2 PS, 2 Fans",Hardware,CHASSIS,Others,Others,,1,4/1/24,5/31/24,2024,2024 Q4,SNT,205483789,7/18/12,2012,2012 Q4,5/5/19,8/3/23,5/4/20,5/31/24,2024,2024 Q4,Y,ENTERGY CORPORATION,181149,ENTERGY SERVICES INC,26853,ENTERGY SERVICES INC,177639549,"Entergy Services, Inc.",2000262575,700 LOUISIANA ST,LITTLE ROCK,AR,Major,114369
SSI16170CNT,NOT COVERED,EXPIRED,Data Center Networking,NX2/4/5/6K,N5000,N5K-C5548UP-FA,"Nexus 5548 UP Chassis, 32 10GbE Ports, 2 PS, 2 Fans",Hardware,CHASSIS,Others,Others,,1,4/1/18,3/31/19,2019,2019 Q3,SNT,92058507,7/18/12,2012,2012 Q4,5/5/19,8/3/23,5/4/20,5/31/24,2024,2024 Q4,Y,ENTERGY CORPORATION,181149,ENTERGY SERVICES INC,26853,ENTERGY SERVICES INC,177639549,ENTERGY SERVICES INC,402488772,700 LOUISIANA ST,LITTLE ROCK,AR,Major,114371
JAF1619BKTM,NOT COVERED,EXPIRED,Data Center Networking,NX7K,N7000,N7K-M148GS-11,"Nexus 7000 - 48 Port 1G,  SFP",Hardware,CARD,Others,Others,,1,9/25/17,3/31/18,2018,2018 Q3,SNT,92058507,7/30/12,2013,2013 Q1,12/18/12,3/18/17,,12/31/17,2018,2018 Q2,Y,ENTERGY CORPORATION,181149,ENTERGY SERVICES INC,26853,ENTERGY SERVICES INC,177639549,ENTERGY SERVICES INC,402488772,700 LOUISIANA ST,LITTLE ROCK,AR,Major,115373
JAF1624BGDB,NOT COVERED,EXPIRED,Data Center Networking,NX7K,N7000,N7K-M148GS-11,"Nexus 7000 - 48 Port 1G,  SFP",Hardware,CARD,Others,Others,,1,9/25/17,3/31/18,2018,2018 Q3,SNT,92058507,7/30/12,2013,2013 Q1,12/18/12,3/18/17,,12/31/17,2018,2018 Q2,Y,ENTERGY CORPORATION,181149,ENTERGY SERVICES INC,26853,ENTERGY SERVICES INC,177639549,ENTERGY SERVICES INC,402488772,700 LOUISIANA ST,LITTLE ROCK,AR,Major,115359
JAF1624BGDS,NOT COVERED,EXPIRED,Data Center Networking,NX7K,N7000,N7K-M148GS-11,"Nexus 7000 - 48 Port 1G,  SFP",Hardware,CARD,Others,Others,,1,9/25/17,3/31/18,2018,2018 Q3,SNT,92058507,7/30/12,2013,2013 Q1,12/18/12,3/18/17,,12/31/17,2018,2018 Q2,Y,ENTERGY CORPORATION,181149,ENTERGY SERVICES INC,26853,ENTERGY SERVICES INC,177639549,ENTERGY SERVICES INC,402488772,700 LOUISIANA ST,LITTLE ROCK,AR,Major,115386
JAF1627AJBM,NOT COVERED,EXPIRED,Data Center Networking,NX7K,N7000,N7K-SUP1-BUN,"^Nexus 7000 - Supervisor 1, Includes External 8GB Flash",Hardware,CARD,Others,Others,,1,9/25/17,3/31/18,2018,2018 Q3,SNT,92058507,7/30/12,2013,2013 Q1,8/15/14,11/13/18,,8/31/19,2020,2020 Q1,Y,ENTERGY CORPORATION,181149,ENTERGY SERVICES INC,26853,ENTERGY SERVICES INC,177639549,ENTERGY SERVICES INC,402488772,700 LOUISIANA ST,LITTLE ROCK,AR,Minor,115347.7
JAF1627AJGE,NOT COVERED,EXPIRED,Data Center Networking,NX7K,N7000,N7K-SUP1-BUN,"^Nexus 7000 - Supervisor 1, Includes External 8GB Flash",Hardware,CARD,Others,Others,,1,9/25/17,3/31/18,2018,2018 Q3,SNT,92058507,7/30/12,2013,2013 Q1,8/15/14,11/13/18,,8/31/19,2020,2020 Q1,Y,ENTERGY CORPORATION,181149,ENTERGY SERVICES INC,26853,ENTERGY SERVICES INC,177639549,ENTERGY SERVICES INC,402488772,700 LOUISIANA ST,LITTLE ROCK,AR,Minor,115365.3
JAF1627APTK,NOT COVERED,EXPIRED,Data Center Networking,NX7K,N7000,N7K-M108X2-12L,Nexus 7000 - 8 Port 10GbE with XL option (req. X2),Hardware,CARD,Others,Others,,1,9/25/17,3/31/18,2018,2018 Q3,SNT,92058507,7/30/12,2013,2013 Q1,10/30/16,1/28/21,10/30/17,10/31/21,2022,2022 Q2,N,ENTERGY CORPORATION,181149,ENTERGY SERVICES INC,26853,ENTERGY SERVICES INC,177639549,ENTERGY SERVICES INC,402488772,700 LOUISIANA ST,LITTLE ROCK,AR,Minor,115383.2
JAF1627AQBT,NOT COVERED,EXPIRED,Data Center Networking,NX7K,N7000,N7K-M108X2-12L,Nexus 7000 - 8 Port 10GbE with XL option (req. X2),Hardware,CARD,Others,Others,,1,9/25/17,3/31/18,2018,2018 Q3,SNT,92058507,7/30/12,2013,2013 Q1,10/30/16,1/28/21,10/30/17,10/31/21,2022,2022 Q2,N,ENTERGY CORPORATION,181149,ENTERGY SERVICES INC,26853,ENTERGY SERVICES INC,177639549,ENTERGY SERVICES INC,402488772,700 LOUISIANA ST,LITTLE ROCK,AR,Minor,115347.6
JAF1627BBEE,NOT COVERED,EXPIRED,Data Center Networking,NX7K,N7000,N7K-F248XP-25,Nexus 7000 F2-Series 48 Port 10GbE (req. SFP+),Hardware,CARD,Others,Others,,1,9/25/17,3/31/18,2018,2018 Q3,SNT,92058507,7/30/12,2013,2013 Q1,2/2/16,5/2/20,2/1/17,1/31/21,2021,2021 Q3,Y,ENTERGY CORPORATION,181149,ENTERGY SERVICES INC,26853,ENTERGY SERVICES INC,177639549,ENTERGY SERVICES INC,402488772,700 LOUISIANA ST,LITTLE ROCK,AR,Minor,115383.5
JAF1628ADHP,NOT COVERED,EXPIRED,Data Center Networking,NX7K,N7000,N7K-SUP1-BUN,"^Nexus 7000 - Supervisor 1, Includes External 8GB Flash",Hardware,CARD,Others,Others,,1,9/25/17,3/31/18,2018,2018 Q3,SNT,92058507,7/30/12,2013,2013 Q1,8/15/14,11/13/18,,8/31/19,2020,2020 Q1,Y,ENTERGY CORPORATION,181149,ENTERGY SERVICES INC,26853,ENTERGY SERVICES INC,177639549,ENTERGY SERVICES INC,402488772,700 LOUISIANA ST,LITTLE ROCK,AR,Minor,115383.4
JAF1628ADJA,NOT COVERED,EXPIRED,Data Center Networking,NX7K,N7000,N7K-SUP1-BUN,"^Nexus 7000 - Supervisor 1, Includes External 8GB Flash",Hardware,CARD,Others,Others,,1,9/25/17,3/31/18,2018,2018 Q3,SNT,92058507,7/30/12,2013,2013 Q1,8/15/14,11/13/18,,8/31/19,2020,2020 Q1,Y,ENTERGY CORPORATION,181149,ENTERGY SERVICES INC,26853,ENTERGY SERVICES INC,177639549,ENTERGY SERVICES INC,402488772,700 LOUISIANA ST,LITTLE ROCK,AR,Minor,115383.3
JAF1628ADND,NOT COVERED,EXPIRED,Data Center Networking,NX7K,N7000,N7K-SUP1-BUN,"^Nexus 7000 - Supervisor 1, Includes External 8GB Flash",Hardware,CARD,Others,Others,,1,9/25/17,3/31/18,2018,2018 Q3,SNT,92058507,7/30/12,2013,2013 Q1,8/15/14,11/13/18,,8/31/19,2020,2020 Q1,Y,ENTERGY CORPORATION,181149,ENTERGY SERVICES INC,26853,ENTERGY SERVICES INC,177639549,ENTERGY SERVICES INC,402488772,700 LOUISIANA ST,LITTLE ROCK,AR,Minor,115347.8
JAF1628ADNE,NOT COVERED,EXPIRED,Data Center Networking,NX7K,N7000,N7K-SUP1-BUN,"^Nexus 7000 - Supervisor 1, Includes External 8GB Flash",Hardware,CARD,Others,Others,,1,9/25/17,3/31/18,2018,2018 Q3,SNT,92058507,7/30/12,2013,2013 Q1,8/15/14,11/13/18,,8/31/19,2020,2020 Q1,Y,ENTERGY CORPORATION,181149,ENTERGY SERVICES INC,26853,ENTERGY SERVICES INC,177639549,ENTERGY SERVICES INC,402488772,700 LOUISIANA ST,LITTLE ROCK,AR,Minor,115365.2
JAF1628APCL,NOT COVERED,EXPIRED,Data Center Networking,NX7K,N7000,N7K-M108X2-12L,Nexus 7000 - 8 Port 10GbE with XL option (req. X2),Hardware,CARD,Others,Others,,1,9/25/17,3/31/18,2018,2018 Q3,SNT,92058507,7/30/12,2013,2013 Q1,10/30/16,1/28/21,10/30/17,10/31/21,2022,2022 Q2,N,ENTERGY CORPORATION,181149,ENTERGY SERVICES INC,26853,ENTERGY SERVICES INC,177639549,ENTERGY SERVICES INC,402488772,700 LOUISIANA ST,LITTLE ROCK,AR,Minor,115365.1
JAF1628BBCH,NOT COVERED,EXPIRED,Data Center Networking,NX7K,N7000,N7K-F248XP-25,Nexus 7000 F2-Series 48 Port 10GbE (req. SFP+),Hardware,CARD,Others,Others,,1,9/25/17,3/31/18,2018,2018 Q3,SNT,92058507,7/30/12,2013,2013 Q1,2/2/16,5/2/20,2/1/17,1/31/21,2021,2021 Q3,Y,ENTERGY CORPORATION,181149,ENTERGY SERVICES INC,26853,ENTERGY SERVICES INC,177639549,ENTERGY SERVICES INC,402488772,700 LOUISIANA ST,LITTLE ROCK,AR,Minor,115347.9
JAF1628BHAP,NOT COVERED,EXPIRED,Data Center Networking,NX7K,N7000,N7K-F248XP-25,Nexus 7000 F2-Series 48 Port 10GbE (req. SFP+),Hardware,CARD,Others,Others,,1,9/25/17,3/31/18,2018,2018 Q3,SNT,92058507,7/30/12,2013,2013 Q1,2/2/16,5/2/20,2/1/17,1/31/21,2021,2021 Q3,Y,ENTERGY CORPORATION,181149,ENTERGY SERVICES INC,26853,ENTERGY SERVICES INC,177639549,ENTERGY SERVICES INC,402488772,700 LOUISIANA ST,LITTLE ROCK,AR,Minor,115365.4
JAF1629AKFC,NOT COVERED,EXPIRED,Data Center Networking,NX7K,N7000,N7K-C7009-BUN2-R,"Nexus 7009 Bundle (Chassis,(2)SUP1,(5)FAB2,(2)AC-6KW PSU)",Hardware,CHASSIS,Others,Others,,1,9/25/17,3/31/18,2018,2018 Q3,SNT,92058507,7/30/12,2013,2013 Q1,8/15/14,11/13/18,,8/31/19,2020,2020 Q1,Y,ENTERGY CORPORATION,181149,ENTERGY SERVICES INC,26853,ENTERGY SERVICES INC,177639549,ENTERGY SERVICES INC,402488772,700 LOUISIANA ST,LITTLE ROCK,AR,Major,115383
JAF1629AKFK,NOT COVERED,EXPIRED,Data Center Networking,NX7K,N7000,N7K-C7009-BUN2-R,"Nexus 7009 Bundle (Chassis,(2)SUP1,(5)FAB2,(2)AC-6KW PSU)",Hardware,CHASSIS,Others,Others,,1,9/25/17,3/31/18,2018,2018 Q3,SNT,92058507,7/30/12,2013,2013 Q1,8/15/14,11/13/18,,8/31/19,2020,2020 Q1,Y,ENTERGY CORPORATION,181149,ENTERGY SERVICES INC,26853,ENTERGY SERVICES INC,177639549,ENTERGY SERVICES INC,402488772,700 LOUISIANA ST,LITTLE ROCK,AR,Major,115347
JAF1629AKFT,NOT COVERED,EXPIRED,Data Center Networking,NX7K,N7000,N7K-C7009-BUN2-R,"Nexus 7009 Bundle (Chassis,(2)SUP1,(5)FAB2,(2)AC-6KW PSU)",Hardware,CHASSIS,Others,Others,,1,9/25/17,3/31/18,2018,2018 Q3,SNT,92058507,7/30/12,2013,2013 Q1,8/15/14,11/13/18,,8/31/19,2020,2020 Q1,Y,ENTERGY CORPORATION,181149,ENTERGY SERVICES INC,26853,ENTERGY SERVICES INC,177639549,ENTERGY SERVICES INC,402488772,700 LOUISIANA ST,LITTLE ROCK,AR,Major,115365
SSI16360DWC,NOT COVERED,EXPIRED,Data Center Networking,NX2/4/5/6K,N2000,N2248TP-E-BA-BUN,"Reversed Airflow packN2K-C2248TP-E-1GE,2 AC PS,1Fan",Hardware,CHASSIS,Others,Others,,1,4/1/19,3/31/20,2020,2020 Q3,SNT,202352146,11/16/12,2013,2013 Q2,8/24/22,11/22/26,8/24/23,8/31/27,2028,2028 Q1,Y,ENTERGY CORPORATION,181149,ENTERGY SERVICES INC,26853,ENTERGY SERVICES INC,177639549,ENTERGY SERVICES INC,1038110409,700 LOUISIANA ST,LITTLE ROCK,AR,Major,2300
SSI16360DXT,NOT COVERED,EXPIRED,Data Center Networking,NX2/4/5/6K,N2000,N2248TP-E-BA-BUN,"Reversed Airflow packN2K-C2248TP-E-1GE,2 AC PS,1Fan",Hardware,CHASSIS,Others,Others,,1,4/1/19,3/31/20,2020,2020 Q3,SNT,202352146,11/16/12,2013,2013 Q2,8/24/22,11/22/26,8/24/23,8/31/27,2028,2028 Q1,Y,ENTERGY CORPORATION,181149,ENTERGY SERVICES INC,26853,ENTERGY SERVICES INC,177639549,ENTERGY SERVICES INC,1038110409,700 LOUISIANA ST,LITTLE ROCK,AR,Major,2304
SSI163905M4,COVERED,ACTIVE,Data Center Networking,NX2/4/5/6K,N2000,N2248TP-E-BA-BUN,"Reversed Airflow packN2K-C2248TP-E-1GE,2 AC PS,1Fan",Hardware,CHASSIS,Others,Others,,1,4/1/23,3/31/26,2026,2026 Q3,SNT,205483789,12/8/12,2013,2013 Q2,8/24/22,11/22/26,8/24/23,8/31/27,2028,2028 Q1,Y,ENTERGY CORPORATION,181149,ENTERGY SERVICES INC,26853,ENTERGY SERVICES INC,177639549,ENTERGY SERVICES INC,1038110409,700 LOUISIANA ST,LITTLE ROCK,AR,Major,2590
SSI163905P4,NOT COVERED,EXPIRED,Data Center Networking,NX2/4/5/6K,N2000,N2248TP-E-BA-BUN,"Reversed Airflow packN2K-C2248TP-E-1GE,2 AC PS,1Fan",Hardware,CHASSIS,Others,Others,,1,4/1/19,3/31/20,2020,2020 Q3,SNT,202352146,12/8/12,2013,2013 Q2,8/24/22,11/22/26,8/24/23,8/31/27,2028,2028 Q1,Y,ENTERGY CORPORATION,181149,ENTERGY SERVICES INC,26853,ENTERGY SERVICES INC,177639549,ENTERGY SERVICES INC,1038110409,700 LOUISIANA ST,LITTLE ROCK,AR,Major,2589
SSI164708RW,NOT COVERED,EXPIRED,Data Center Networking,NX2/4/5/6K,N2000,N2232PP-FA-BUN,"^Standard airflow pack: N2K-C2232PP-10GE, 2AC PS, 1Fan",Hardware,CHASSIS,Others,Others,,1,9/23/22,8/1/23,2024,2024 Q1,SNT,205159677,2/6/13,2013,2013 Q3,9/9/20,12/8/24,9/9/21,9/30/25,2026,2026 Q1,N,ENTERGY CORPORATION,181149,ENTERGY SERVICES INC,26853,ENTERGY SERVICES INC,7455577,ENTERGY SERVICES INC,410842157,10055 GROGANS MILL RD,SPRING,TX,Major,2939
FCH1703V08N,NOT COVERED,EXPIRED,Data Center Networking,NX1K,N1000,N1K-1110-X=,1 Nexus 1110-X RMA unit (NO Nexus 1000V licenses),Hardware,CHASSIS,Others,Others,,1,7/1/20,6/30/21,2021,2021 Q4,SNT,204084990,2/20/13,2013,2013 Q3,11/4/16,1/30/21,,11/30/21,2022,2022 Q2,Y,ENTERGY CORPORATION,181149,ENTERGY CORPORATION,181149,ENTERGY CORPORATION,151965991,ENTERGY SERVICES INC,1042938668,10055 GROGANS MILL RD,SPRING,TX,Minor,19348.1
FOC1704R0H8,NOT COVERED,EXPIRED,Data Center Networking,NX2/4/5/6K,N2000,N2K-B22HP-F,Cisco Nexus B22 Fabric Extender for HP with FETs,Hardware,CHASSIS,Others,Others,,1,9/23/22,7/31/23,2024,2024 Q1,SNT,205159677,3/25/13,2013,2013 Q3,5/2/21,7/31/25,5/2/22,5/31/26,2026,2026 Q4,N,ENTERGY CORPORATION,181149,ENTERGY SERVICES INC,26853,ENTERGY SERVICES INC,7455577,ENTERGY SERVICES INC,410842157,10055 GROGANS MILL RD,SPRING,TX,Major,3284
SSI17040LEE,NOT COVERED,EXPIRED,Data Center Networking,NX2/4/5/6K,N5000,N5K-C5548UPM-B-S48,"N5548UP Storage Solutions Bundle, 48 port storage serv Licen",Hardware,CHASSIS,Others,Others,,1,4/1/23,5/31/24,2024,2024 Q4,SNT,205483789,4/29/13,2013,2013 Q4,5/5/19,8/3/23,5/4/20,5/31/24,2024,2024 Q4,N,ENTERGY CORPORATION,181149,ENTERGY SERVICES INC,26853,ENTERGY SERVICES INC,888373,"Entergy Services, Inc.",2000585304,1340 ECHELON PKWY,JACKSON,MS,Major,5306
SSI171102T0,NOT COVERED,EXPIRED,Data Center Networking,NX2/4/5/6K,N5000,N5K-C5548UPM-B-S48,"N5548UP Storage Solutions Bundle, 48 port storage serv Licen",Hardware,CHASSIS,Others,Others,,1,4/1/23,5/31/24,2024,2024 Q4,SNT,205483789,4/29/13,2013,2013 Q4,5/5/19,8/3/23,5/4/20,5/31/24,2024,2024 Q4,N,ENTERGY CORPORATION,181149,ENTERGY SERVICES INC,26853,ENTERGY SERVICES INC,888373,"Entergy Services, Inc.",2000585304,1340 ECHELON PKWY,JACKSON,MS,Major,5312
SSI17110022,NOT COVERED,EXPIRED,Data Center Networking,NX2/4/5/6K,N5000,N5K-C5548UPM-B-S48,"N5548UP Storage Solutions Bundle, 48 port storage serv Licen",Hardware,CHASSIS,Others,Others,,1,4/1/23,5/31/24,2024,2024 Q4,SNT,205483789,5/3/13,2013,2013 Q4,5/5/19,8/3/23,5/4/20,5/31/24,2024,2024 Q4,N,ENTERGY CORPORATION,181149,ENTERGY SERVICES INC,26853,ENTERGY SERVICES INC,177639549,"Entergy Services, Inc.",2000262575,700 LOUISIANA ST,LITTLE ROCK,AR,Major,5533
SSI171100LC,NOT COVERED,EXPIRED,Data Center Networking,NX2/4/5/6K,N5000,N5K-C5548UPM-B-S48,"N5548UP Storage Solutions Bundle, 48 port storage serv Licen",Hardware,CHASSIS,Others,Others,,1,4/1/23,5/31/24,2024,2024 Q4,SNT,205483789,5/3/13,2013,2013 Q4,5/5/19,8/3/23,5/4/20,5/31/24,2024,2024 Q4,N,ENTERGY CORPORATION,181149,ENTERGY SERVICES INC,26853,ENTERGY SERVICES INC,177639549,"Entergy Services, Inc.",2000262575,700 LOUISIANA ST,LITTLE ROCK,AR,Major,5527
SSI17130CJR,NOT COVERED,EXPIRED,Data Center Networking,NX2/4/5/6K,N5000,N5K-C5548UP-FA,"Nexus 5548 UP Chassis, 32 10GbE Ports, 2 PS, 2 Fans",Hardware,CHASSIS,Others,Others,,1,4/1/24,5/31/24,2024,2024 Q4,SNT,205483789,5/21/13,2013,2013 Q4,5/5/19,8/3/23,5/4/20,5/31/24,2024,2024 Q4,Y,ENTERGY CORPORATION,181149,ENTERGY SERVICES INC,26853,ENTERGY SERVICES INC,888373,"Entergy Services, Inc.",2000585304,1340 ECHELON PKWY,JACKSON,MS,Major,7083
SSI17130CK5,NOT COVERED,EXPIRED,Data Center Networking,NX2/4/5/6K,N5000,N5K-C5548UP-FA,"Nexus 5548 UP Chassis, 32 10GbE Ports, 2 PS, 2 Fans",Hardware,CHASSIS,Others,Others,,1,4/1/24,5/31/24,2024,2024 Q4,SNT,205483789,5/21/13,2013,2013 Q4,5/5/19,8/3/23,5/4/20,5/31/24,2024,2024 Q4,Y,ENTERGY CORPORATION,181149,ENTERGY SERVICES INC,26853,ENTERGY SERVICES INC,888373,"Entergy Services, Inc.",2000585304,1340 ECHELON PKWY,JACKSON,MS,Major,7084
FOC1704R0T9,NOT COVERED,EXPIRED,Data Center Networking,NX2/4/5/6K,N2000,N2K-B22HP-F,Cisco Nexus B22 Fabric Extender for HP with FETs,Hardware,CHASSIS,Others,Others,,1,9/23/22,7/31/23,2024,2024 Q1,SNT,205159677,6/22/13,2013,2013 Q4,5/2/21,7/31/25,5/2/22,5/31/26,2026,2026 Q4,N,ENTERGY CORPORATION,181149,ENTERGY SERVICES INC,26853,ENTERGY SERVICES INC,7455577,ENTERGY SERVICES INC,410842157,10055 GROGANS MILL RD,SPRING,TX,Major,7856
FOC1713R0C2,NOT COVERED,EXPIRED,Data Center Networking,NX2/4/5/6K,N2000,N2K-B22HP-F,Cisco Nexus B22 Fabric Extender for HP with FETs,Hardware,CHASSIS,Others,Others,,1,9/23/22,7/31/23,2024,2024 Q1,SNT,205159677,6/22/13,2013,2013 Q4,5/2/21,7/31/25,5/2/22,5/31/26,2026,2026 Q4,N,ENTERGY CORPORATION,181149,ENTERGY SERVICES INC,26853,ENTERGY SERVICES INC,7455577,ENTERGY SERVICES INC,410842157,10055 GROGANS MILL RD,SPRING,TX,Major,7857
FOC1713R0ET,NOT COVERED,EXPIRED,Data Center Networking,NX2/4/5/6K,N2000,N2K-B22HP-F,Cisco Nexus B22 Fabric Extender for HP with FETs,Hardware,CHASSIS,Others,Others,,1,9/23/22,7/31/23,2024,2024 Q1,SNT,205159677,7/8/13,2013,2013 Q4,5/2/21,7/31/25,5/2/22,5/31/26,2026,2026 Q4,N,ENTERGY CORPORATION,181149,ENTERGY SERVICES INC,26853,ENTERGY SERVICES INC,7455577,ENTERGY SERVICES INC,410842157,10055 GROGANS MILL RD,SPRING,TX,Major,8014
FOC1715R08E,NOT COVERED,EXPIRED,Data Center Networking,NX2/4/5/6K,N2000,N2K-B22HP-F,Cisco Nexus B22 Fabric Extender for HP with FETs,Hardware,CHASSIS,Others,Others,,1,9/23/22,7/31/23,2024,2024 Q1,SNT,205159677,7/11/13,2013,2013 Q4,5/2/21,7/31/25,5/2/22,5/31/26,2026,2026 Q4,N,ENTERGY CORPORATION,181149,ENTERGY SERVICES INC,26853,ENTERGY SERVICES INC,7455577,ENTERGY SERVICES INC,410842157,10055 GROGANS MILL RD,SPRING,TX,Major,8022
FOC1719R06R,NOT COVERED,EXPIRED,Data Center Networking,NX2/4/5/6K,N2000,N2K-B22HP-F,Cisco Nexus B22 Fabric Extender for HP with FETs,Hardware,CHASSIS,Others,Others,,1,9/23/22,7/31/23,2024,2024 Q1,SNT,205159677,7/11/13,2013,2013 Q4,5/2/21,7/31/25,5/2/22,5/31/26,2026,2026 Q4,N,ENTERGY CORPORATION,181149,ENTERGY SERVICES INC,26853,ENTERGY SERVICES INC,7455577,ENTERGY SERVICES INC,410842157,10055 GROGANS MILL RD,SPRING,TX,Major,8019
FOC1714R026,NOT COVERED,EXPIRED,Data Center Networking,NX2/4/5/6K,N2000,N2K-B22HP-P,Cisco Nexus B22 Fabric Extender for HP,Hardware,CHASSIS,Others,Others,,1,9/23/22,7/31/23,2024,2024 Q1,SNT,205159677,7/13/13,2013,2013 Q4,5/2/21,7/31/25,5/2/22,5/31/26,2026,2026 Q4,N,ENTERGY CORPORATION,181149,ENTERGY SERVICES INC,26853,ENTERGY SERVICES INC,7455577,ENTERGY SERVICES INC,410842157,10055 GROGANS MILL RD,SPRING,TX,Major,8038
FOC1717R2SQ,NOT COVERED,EXPIRED,Data Center Networking,NX2/4/5/6K,N2000,N2K-B22HP-P,Cisco Nexus B22 Fabric Extender for HP,Hardware,CHASSIS,Others,Others,,1,9/23/22,7/31/23,2024,2024 Q1,SNT,205159677,7/13/13,2013,2013 Q4,5/2/21,7/31/25,5/2/22,5/31/26,2026,2026 Q4,N,ENTERGY CORPORATION,181149,ENTERGY SERVICES INC,26853,ENTERGY SERVICES INC,7455577,ENTERGY SERVICES INC,410842157,10055 GROGANS MILL RD,SPRING,TX,Major,8036
FOC1723R02C,NOT COVERED,EXPIRED,Data Center Networking,NX2/4/5/6K,N2000,N2K-B22HP-P,Cisco Nexus B22 Fabric Extender for HP,Hardware,CHASSIS,Others,Others,,1,9/23/22,7/31/23,2024,2024 Q1,SNT,205159677,7/13/13,2013,2013 Q4,5/2/21,7/31/25,5/2/22,5/31/26,2026,2026 Q4,N,ENTERGY CORPORATION,181149,ENTERGY SERVICES INC,26853,ENTERGY SERVICES INC,7455577,ENTERGY SERVICES INC,410842157,10055 GROGANS MILL RD,SPRING,TX,Major,8037
JAF1744ARTH,NOT COVERED,EXPIRED,Data Center Networking,NX7K,N7000,N7K-SUP2,"Nexus 7000 - Supervisor 2, Includes External 8GB USB Flash",Hardware,CARD,Others,Others,,1,1/12/19,3/31/19,2019,2019 Q3,SNT,92058507,12/6/13,2014,2014 Q2,2/28/22,5/29/26,2/28/23,2/28/27,2027,2027 Q3,Y,ENTERGY CORPORATION,181149,ENTERGY SERVICES INC,26853,ENTERGY SERVICES INC,177639549,ENTERGY SERVICES INC,1038110409,700 LOUISIANA ST,LITTLE ROCK,AR,Minor,10505.2
JAF1745BAQA,NOT COVERED,EXPIRED,Data Center Networking,NX7K,N7000,N7K-F248XP-25E,Nexus 7000 F2-Series 48 Port 1/10G (SFP+) Enhanced,Hardware,CARD,Others,Others,,1,1/12/19,3/31/19,2019,2019 Q3,SNT,92058507,12/6/13,2014,2014 Q2,10/31/17,1/29/22,10/31/18,10/31/22,2023,2023 Q2,Y,ENTERGY CORPORATION,181149,ENTERGY SERVICES INC,26853,ENTERGY SERVICES INC,177639549,ENTERGY SERVICES INC,402488772,700 LOUISIANA ST,LITTLE ROCK,AR,Major,10502
JAF1745BDPC,NOT COVERED,EXPIRED,Data Center Networking,NX7K,N7000,N7K-SUP2,"Nexus 7000 - Supervisor 2, Includes External 8GB USB Flash",Hardware,CARD,Others,Others,,1,1/12/19,3/31/19,2019,2019 Q3,SNT,92058507,12/6/13,2014,2014 Q2,2/28/22,5/29/26,2/28/23,2/28/27,2027,2027 Q3,Y,ENTERGY CORPORATION,181149,ENTERGY SERVICES INC,26853,ENTERGY SERVICES INC,177639549,ENTERGY SERVICES INC,1038110409,700 LOUISIANA ST,LITTLE ROCK,AR,Minor,10501.2
JAF1745BGFC,NOT COVERED,EXPIRED,Data Center Networking,NX7K,N7000,N7K-SUP2,"Nexus 7000 - Supervisor 2, Includes External 8GB USB Flash",Hardware,CARD,Others,Others,,1,1/12/19,3/31/19,2019,2019 Q3,SNT,92058507,12/6/13,2014,2014 Q2,2/28/22,5/29/26,2/28/23,2/28/27,2027,2027 Q3,Y,ENTERGY CORPORATION,181149,ENTERGY SERVICES INC,26853,ENTERGY SERVICES INC,177639549,ENTERGY SERVICES INC,1038110409,700 LOUISIANA ST,LITTLE ROCK,AR,Minor,10501.3
JAF1745BMCJ,NOT COVERED,EXPIRED,Data Center Networking,NX7K,N7000,N7K-F248XP-25E,Nexus 7000 F2-Series 48 Port 1/10G (SFP+) Enhanced,Hardware,CARD,Others,Others,,1,1/12/19,3/31/19,2019,2019 Q3,SNT,92058507,12/6/13,2014,2014 Q2,10/31/17,1/29/22,10/31/18,10/31/22,2023,2023 Q2,Y,ENTERGY CORPORATION,181149,ENTERGY SERVICES INC,26853,ENTERGY SERVICES INC,177639549,ENTERGY SERVICES INC,402488772,700 LOUISIANA ST,LITTLE ROCK,AR,Major,10503
JAF1745BMDQ,NOT COVERED,EXPIRED,Data Center Networking,NX7K,N7000,N7K-F248XP-25E,Nexus 7000 F2-Series 48 Port 1/10G (SFP+) Enhanced,Hardware,CARD,Others,Others,,1,1/12/19,3/31/19,2019,2019 Q3,SNT,92058507,12/6/13,2014,2014 Q2,10/31/17,1/29/22,10/31/18,10/31/22,2023,2023 Q2,Y,ENTERGY CORPORATION,181149,ENTERGY SERVICES INC,26853,ENTERGY SERVICES INC,177639549,ENTERGY SERVICES INC,402488772,700 LOUISIANA ST,LITTLE ROCK,AR,Major,10507
JAF1745BMEE,NOT COVERED,EXPIRED,Data Center Networking,NX7K,N7000,N7K-SUP2,"Nexus 7000 - Supervisor 2, Includes External 8GB USB Flash",Hardware,CARD,Others,Others,,1,1/12/19,3/31/19,2019,2019 Q3,SNT,92058507,12/6/13,2014,2014 Q2,2/28/22,5/29/26,2/28/23,2/28/27,2027,2027 Q3,Y,ENTERGY CORPORATION,181149,ENTERGY SERVICES INC,26853,ENTERGY SERVICES INC,177639549,ENTERGY SERVICES INC,1038110409,700 LOUISIANA ST,LITTLE ROCK,AR,Minor,10505.1
JAF1746AHBE,NOT COVERED,EXPIRED,Data Center Networking,NX7K,N7000,N7K-F248XP-25E,Nexus 7000 F2-Series 48 Port 1/10G (SFP+) Enhanced,Hardware,CARD,Others,Others,,1,1/12/19,3/31/19,2019,2019 Q3,SNT,92058507,12/6/13,2014,2014 Q2,10/31/17,1/29/22,10/31/18,10/31/22,2023,2023 Q2,Y,ENTERGY CORPORATION,181149,ENTERGY SERVICES INC,26853,ENTERGY SERVICES INC,177639549,ENTERGY SERVICES INC,402488772,700 LOUISIANA ST,LITTLE ROCK,AR,Major,10504
JAF1746AHER,NOT COVERED,EXPIRED,Data Center Networking,NX7K,N7000,N7K-F248XP-25E,Nexus 7000 F2-Series 48 Port 1/10G (SFP+) Enhanced,Hardware,CARD,Others,Others,,1,1/12/19,3/31/19,2019,2019 Q3,SNT,92058507,12/6/13,2014,2014 Q2,10/31/17,1/29/22,10/31/18,10/31/22,2023,2023 Q2,Y,ENTERGY CORPORATION,181149,ENTERGY SERVICES INC,26853,ENTERGY SERVICES INC,177639549,ENTERGY SERVICES INC,402488772,700 LOUISIANA ST,LITTLE ROCK,AR,Major,10508
JAF1746AHHB,NOT COVERED,EXPIRED,Data Center Networking,NX7K,N7000,N7K-F248XP-25E,Nexus 7000 F2-Series 48 Port 1/10G (SFP+) Enhanced,Hardware,CARD,Others,Others,,1,1/12/19,3/31/19,2019,2019 Q3,SNT,92058507,12/6/13,2014,2014 Q2,10/31/17,1/29/22,10/31/18,10/31/22,2023,2023 Q2,Y,ENTERGY CORPORATION,181149,ENTERGY SERVICES INC,26853,ENTERGY SERVICES INC,177639549,ENTERGY SERVICES INC,402488772,700 LOUISIANA ST,LITTLE ROCK,AR,Major,10506
JAF1746BBJC,NOT COVERED,EXPIRED,Data Center Networking,NX7K,N7000,N7K-M224XP-23L,Nexus 7000 M2-Series 24 Port 10GE with XL Option (req. SFP+),Hardware,CARD,Others,Others,,1,1/12/19,3/31/19,2019,2019 Q3,SNT,92058507,12/6/13,2014,2014 Q2,5/5/19,8/3/23,5/4/20,5/31/24,2024,2024 Q4,Y,ENTERGY CORPORATION,181149,ENTERGY SERVICES INC,26853,ENTERGY SERVICES INC,177639549,ENTERGY SERVICES INC,1038110409,700 LOUISIANA ST,LITTLE ROCK,AR,Minor,10501.1
JAF1747ABMH,NOT COVERED,EXPIRED,Data Center Networking,NX7K,N7000,N7K-M224XP-23L,Nexus 7000 M2-Series 24 Port 10GE with XL Option (req. SFP+),Hardware,CARD,Others,Others,,1,1/12/19,3/31/19,2019,2019 Q3,SNT,92058507,12/6/13,2014,2014 Q2,5/5/19,8/3/23,5/4/20,5/31/24,2024,2024 Q4,Y,ENTERGY CORPORATION,181149,ENTERGY SERVICES INC,26853,ENTERGY SERVICES INC,177639549,ENTERGY SERVICES INC,1038110409,700 LOUISIANA ST,LITTLE ROCK,AR,Minor,10505.8
FOX1751GJ32,NOT COVERED,EXPIRED,Data Center Networking,NX2/4/5/6K,N2000,N2248TP-FA-BUN,"^Standard airflow pack: N2K-C2248TP-1GE, 2AC PS, 1Fan",Hardware,CHASSIS,Others,Others,,1,4/9/19,3/31/20,2020,2020 Q3,SNT,202352146,4/4/14,2014,2014 Q3,11/2/16,1/31/21,11/2/17,11/30/21,2022,2022 Q2,Y,ENTERGY CORPORATION,181149,ENTERGY SERVICES INC,26853,ENTERGY SERVICES INC,177639549,"ENTERGY SERVICES, INC.",404264195,700 LOUISIANA ST,LITTLE ROCK,AR,Major,12320
N/A,NOT COVERED,EXPIRED,Data Center Networking,NX2/4/5/6K,N2000,N2K-C2248TF,"Nexus 2248TP with 8 FET, choice of airflow/power",Hardware,CHASSIS,Others,Others,,1,4/9/19,3/31/20,2020,2020 Q3,SNT,202352146,4/9/14,2014,2014 Q3,11/2/16,1/31/21,11/2/17,11/30/21,2022,2022 Q2,Y,ENTERGY CORPORATION,181149,ENTERGY SERVICES INC,26853,ENTERGY SERVICES INC,177639549,"ENTERGY SERVICES, INC.",404264195,700 LOUISIANA ST,LITTLE ROCK,AR,Major,12339
N/A,NOT COVERED,EXPIRED,Data Center Networking,NX2/4/5/6K,N2000,N2K-C2232PP,"N2K-C2232PP-10GE (32x1/10GE+8x10GE), airflow/power option",Hardware,CHASSIS,Others,Others,,1,8/21/19,3/31/20,2020,2020 Q3,SNTP,202352146,7/13/14,2014,2014 Q4,9/9/20,12/8/24,9/9/21,9/30/25,2026,2026 Q1,Y,ENTERGY CORPORATION,181149,ENTERGY SERVICES INC,26853,ENTERGY SERVICES INC,177639549,ENTERGY SERVICES INC,1038110409,700 LOUISIANA ST,LITTLE ROCK,AR,Major,13877
N/A,NOT COVERED,EXPIRED,Data Center Networking,NX2/4/5/6K,N2000,N2K-C2232PP,"N2K-C2232PP-10GE (32x1/10GE+8x10GE), airflow/power option",Hardware,CHASSIS,Others,Others,,1,8/21/19,3/31/20,2020,2020 Q3,SNTP,202352146,7/13/14,2014,2014 Q4,9/9/20,12/8/24,9/9/21,9/30/25,2026,2026 Q1,Y,ENTERGY CORPORATION,181149,ENTERGY SERVICES INC,26853,ENTERGY SERVICES INC,177639549,ENTERGY SERVICES INC,1038110409,700 LOUISIANA ST,LITTLE ROCK,AR,Major,13879
N/A,NOT COVERED,EXPIRED,Data Center Networking,NX2/4/5/6K,N2000,N2K-C2232PP,"N2K-C2232PP-10GE (32x1/10GE+8x10GE), airflow/power option",Hardware,CHASSIS,Others,Others,,1,8/21/19,3/31/20,2020,2020 Q3,SNTP,202352146,7/13/14,2014,2014 Q4,9/9/20,12/8/24,9/9/21,9/30/25,2026,2026 Q1,Y,ENTERGY CORPORATION,181149,ENTERGY SERVICES INC,26853,ENTERGY SERVICES INC,177639549,ENTERGY SERVICES INC,1038110409,700 LOUISIANA ST,LITTLE ROCK,AR,Major,13880
N/A,NOT COVERED,EXPIRED,Data Center Networking,NX2/4/5/6K,N2000,N2K-C2232PP,"N2K-C2232PP-10GE (32x1/10GE+8x10GE), airflow/power option",Hardware,CHASSIS,Others,Others,,1,8/21/19,3/31/20,2020,2020 Q3,SNTP,202352146,7/13/14,2014,2014 Q4,9/9/20,12/8/24,9/9/21,9/30/25,2026,2026 Q1,Y,ENTERGY CORPORATION,181149,ENTERGY SERVICES INC,26853,ENTERGY SERVICES INC,177639549,ENTERGY SERVICES INC,1038110409,700 LOUISIANA ST,LITTLE ROCK,AR,Major,13881
SSI18070CMG,NOT COVERED,EXPIRED,Data Center Networking,NX2/4/5/6K,N2000,N2232PP-FA-BUN,"^Standard airflow pack: N2K-C2232PP-10GE, 2AC PS, 1Fan",Hardware,CHASSIS,Others,Others,,1,8/21/19,3/31/20,2020,2020 Q3,SNTP,202352146,7/13/14,2014,2014 Q4,9/9/20,12/8/24,9/9/21,9/30/25,2026,2026 Q1,N,ENTERGY CORPORATION,181149,ENTERGY SERVICES INC,26853,ENTERGY SERVICES INC,177639549,ENTERGY SERVICES INC,1038110409,700 LOUISIANA ST,LITTLE ROCK,AR,Minor,13879.1
SSI181000AT,NOT COVERED,EXPIRED,Data Center Networking,NX2/4/5/6K,N2000,N2232PP-FA-BUN,"^Standard airflow pack: N2K-C2232PP-10GE, 2AC PS, 1Fan",Hardware,CHASSIS,Others,Others,,1,8/21/19,3/31/20,2020,2020 Q3,SNTP,202352146,7/13/14,2014,2014 Q4,9/9/20,12/8/24,9/9/21,9/30/25,2026,2026 Q1,N,ENTERGY CORPORATION,181149,ENTERGY SERVICES INC,26853,ENTERGY SERVICES INC,177639549,ENTERGY SERVICES INC,1038110409,700 LOUISIANA ST,LITTLE ROCK,AR,Minor,13880.1
SSI181200PX,NOT COVERED,EXPIRED,Data Center Networking,NX2/4/5/6K,N2000,N2232PP-FA-BUN,"^Standard airflow pack: N2K-C2232PP-10GE, 2AC PS, 1Fan",Hardware,CHASSIS,Others,Others,,1,8/21/19,3/31/20,2020,2020 Q3,SNTP,202352146,7/13/14,2014,2014 Q4,9/9/20,12/8/24,9/9/21,9/30/25,2026,2026 Q1,N,ENTERGY CORPORATION,181149,ENTERGY SERVICES INC,26853,ENTERGY SERVICES INC,177639549,ENTERGY SERVICES INC,1038110409,700 LOUISIANA ST,LITTLE ROCK,AR,Minor,13877.1
SSI181200WF,NOT COVERED,EXPIRED,Data Center Networking,NX2/4/5/6K,N2000,N2232PP-FA-BUN,"^Standard airflow pack: N2K-C2232PP-10GE, 2AC PS, 1Fan",Hardware,CHASSIS,Others,Others,,1,8/21/19,3/31/20,2020,2020 Q3,SNTP,202352146,7/13/14,2014,2014 Q4,9/9/20,12/8/24,9/9/21,9/30/25,2026,2026 Q1,N,ENTERGY CORPORATION,181149,ENTERGY SERVICES INC,26853,ENTERGY SERVICES INC,177639549,ENTERGY SERVICES INC,1038110409,700 LOUISIANA ST,LITTLE ROCK,AR,Minor,13881.1
FOC1838R2VD,NOT COVERED,EXPIRED,Data Center Networking,NX2/4/5/6K,N5000,N5K-C5672UP,"Nexus 5672UP 1RU, 32x10G SFP+, 16pxUP SFP+,  6x40G QSFP+",Hardware,CHASSIS,Others,Others,,1,9/23/22,7/31/23,2024,2024 Q1,SNT,205159677,11/3/14,2015,2015 Q2,5/5/21,8/3/25,5/5/22,5/31/26,2026,2026 Q4,N,ENTERGY CORPORATION,181149,ENTERGY SERVICES INC,26853,ENTERGY SERVICES INC,7455577,ENTERGY SERVICES INC,410842157,10055 GROGANS MILL RD,SPRING,TX,Major,19396
JAF1847ACER,NOT COVERED,EXPIRED,Data Center Networking,NX7K,N7000,N7K-M148GT-11L,Nexus 7000 - 48 Port 10/100/1000 Module with XL option,Hardware,CARD,Others,Others,,1,7/1/21,10/31/21,2022,2022 Q2,SNT,204271090,12/8/14,2015,2015 Q2,10/30/16,1/28/21,10/30/17,10/31/21,2022,2022 Q2,N,ENTERGY CORPORATION,181149,ENTERGY SERVICES INC,26853,ENTERGY SERVICES INC,7455577,ENTERGY SERVICES INC,410842157,10055 GROGANS MILL RD,SPRING,TX,Major,22087
JAF1847ADDJ,NOT COVERED,EXPIRED,Data Center Networking,NX7K,N7000,N7K-M148GT-11L,Nexus 7000 - 48 Port 10/100/1000 Module with XL option,Hardware,CARD,Others,Others,,1,7/1/21,10/31/21,2022,2022 Q2,SNT,204271090,12/8/14,2015,2015 Q2,10/30/16,1/28/21,10/30/17,10/31/21,2022,2022 Q2,N,ENTERGY CORPORATION,181149,ENTERGY SERVICES INC,26853,ENTERGY SERVICES INC,7455577,ENTERGY SERVICES INC,410842157,10055 GROGANS MILL RD,SPRING,TX,Major,22086
FOX1847G736,NOT COVERED,EXPIRED,Data Center Networking,NX2/4/5/6K,N5000,N5K-C5596UP-NFA,"Nexus 5596 UP chassis, 2 PS and 4 Fans",Hardware,CHASSIS,Others,Others,,1,4/1/19,3/31/20,2020,2020 Q3,SNT,202352146,12/21/14,2015,2015 Q2,5/5/19,8/3/23,5/4/20,5/31/24,2024,2024 Q4,N,ENTERGY CORPORATION,181149,ENTERGY CORPORATION,181149,ENTERGY SERVICES INC,26853,"Entergy Services, Inc.",2000265637,639 LOYOLA AVE,NEW ORLEANS,LA,Major,22143
FOX1847G737,NOT COVERED,EXPIRED,Data Center Networking,NX2/4/5/6K,N5000,N5K-C5596UP-NFA,"Nexus 5596 UP chassis, 2 PS and 4 Fans",Hardware,CHASSIS,Others,Others,,1,4/1/19,3/31/20,2020,2020 Q3,SNT,202352146,12/21/14,2015,2015 Q2,5/5/19,8/3/23,5/4/20,5/31/24,2024,2024 Q4,N,ENTERGY CORPORATION,181149,ENTERGY CORPORATION,181149,ENTERGY SERVICES INC,26853,"Entergy Services, Inc.",2000265637,639 LOYOLA AVE,NEW ORLEANS,LA,Major,22142
FOX1847G757,NOT COVERED,EXPIRED,Data Center Networking,NX2/4/5/6K,N5000,N5K-C5596UP-NFA,"Nexus 5596 UP chassis, 2 PS and 4 Fans",Hardware,CHASSIS,Others,Others,,1,4/1/19,3/31/20,2020,2020 Q3,SNT,202352146,12/21/14,2015,2015 Q2,5/5/19,8/3/23,5/4/20,5/31/24,2024,2024 Q4,N,ENTERGY CORPORATION,181149,ENTERGY CORPORATION,181149,ENTERGY SERVICES INC,26853,"Entergy Services, Inc.",2000265637,639 LOYOLA AVE,NEW ORLEANS,LA,Major,22144
FOX1849GQS5,NOT COVERED,EXPIRED,Data Center Networking,NX2/4/5/6K,N5000,N5K-C5596UP-NFA,"Nexus 5596 UP chassis, 2 PS and 4 Fans",Hardware,CHASSIS,Others,Others,,1,4/1/19,3/31/20,2020,2020 Q3,SNT,202352146,12/21/14,2015,2015 Q2,5/5/19,8/3/23,5/4/20,5/31/24,2024,2024 Q4,N,ENTERGY CORPORATION,181149,ENTERGY CORPORATION,181149,ENTERGY SERVICES INC,26853,"Entergy Services, Inc.",2000265637,639 LOYOLA AVE,NEW ORLEANS,LA,Major,22145
FOX1920GDNQ,NOT COVERED,EXPIRED,Data Center Networking,NX2/4/5/6K,N2000,N2248TP-E-BA-BUN,"Reversed Airflow packN2K-C2248TP-E-1GE,2 AC PS,1Fan",Hardware,CHASSIS,Others,Others,,1,9/23/22,8/1/23,2024,2024 Q1,SNT,205159677,7/26/15,2016,2016 Q1,8/24/22,11/22/26,8/24/23,8/31/27,2028,2028 Q1,Y,ENTERGY CORPORATION,181149,ENTERGY SERVICES INC,26853,ENTERGY SERVICES INC,7455577,ENTERGY SERVICES INC,410842157,10055 GROGANS MILL RD,SPRING,TX,Major,25062
SSI194205XJ,NOT COVERED,EXPIRED,Data Center Networking,NX2/4/5/6K,N5000,N5K-C5548UP-FA,"Nexus 5548 UP Chassis, 32 10GbE Ports, 2 PS, 2 Fans",Hardware,CHASSIS,Others,Others,,1,4/1/24,5/31/24,2024,2024 Q4,SNT,205483789,1/5/16,2016,2016 Q2,5/5/19,8/3/23,5/4/20,5/31/24,2024,2024 Q4,Y,ENTERGY CORPORATION,181149,ENTERGY SERVICES INC,26853,ENTERGY SERVICES INC,177639549,"Entergy Services, Inc.",2000262575,700 LOUISIANA ST,LITTLE ROCK,AR,Major,29471
SSI194205XL,NOT COVERED,EXPIRED,Data Center Networking,NX2/4/5/6K,N5000,N5K-C5548UP-FA,"Nexus 5548 UP Chassis, 32 10GbE Ports, 2 PS, 2 Fans",Hardware,CHASSIS,Others,Others,,1,4/1/24,5/31/24,2024,2024 Q4,SNT,205483789,1/5/16,2016,2016 Q2,5/5/19,8/3/23,5/4/20,5/31/24,2024,2024 Q4,Y,ENTERGY CORPORATION,181149,ENTERGY SERVICES INC,26853,ENTERGY SERVICES INC,177639549,"Entergy Services, Inc.",2000262575,700 LOUISIANA ST,LITTLE ROCK,AR,Major,29472
SSI194500WE,NOT COVERED,EXPIRED,Data Center Networking,NX2/4/5/6K,N5000,N5K-C5548UP-FA,"Nexus 5548 UP Chassis, 32 10GbE Ports, 2 PS, 2 Fans",Hardware,CHASSIS,Others,Others,,1,4/1/23,3/31/24,2024,2024 Q3,SNT,205483789,1/5/16,2016,2016 Q2,5/5/19,8/3/23,5/4/20,5/31/24,2024,2024 Q4,Y,ENTERGY CORPORATION,181149,ENTERGY SERVICES INC,26853,ENTERGY SERVICES INC,888373,"Entergy Services, Inc.",2000585304,1340 ECHELON PKWY,JACKSON,MS,Major,29461
SSI194500WL,NOT COVERED,EXPIRED,Data Center Networking,NX2/4/5/6K,N5000,N5K-C5548UP-FA,"Nexus 5548 UP Chassis, 32 10GbE Ports, 2 PS, 2 Fans",Hardware,CHASSIS,Others,Others,,1,1/5/16,1/4/21,2021,2021 Q2,SNT,92058507,1/5/16,2016,2016 Q2,5/5/19,8/3/23,5/4/20,5/31/24,2024,2024 Q4,Y,ENTERGY CORPORATION,181149,ENTERGY SERVICES INC,26853,ENTERGY SERVICES INC,888373,"Entergy Services, Inc.",2000585304,1340 ECHELON PKWY,JACKSON,MS,Major,29462
SSI194205WF,NOT COVERED,EXPIRED,Data Center Networking,NX2/4/5/6K,N5000,N5K-C5548UP-FA,"Nexus 5548 UP Chassis, 32 10GbE Ports, 2 PS, 2 Fans",Hardware,CHASSIS,Others,Others,,1,1/26/16,1/25/21,2021,2021 Q3,SNT,92058507,1/26/16,2016,2016 Q3,5/5/19,8/3/23,5/4/20,5/31/24,2024,2024 Q4,Y,ENTERGY CORPORATION,181149,ENTERGY SERVICES INC,26853,ENTERGY SERVICES INC,888373,"Entergy Services, Inc.",2000585304,1340 ECHELON PKWY,JACKSON,MS,Major,29833
SSI194205WH,NOT COVERED,EXPIRED,Data Center Networking,NX2/4/5/6K,N5000,N5K-C5548UP-FA,"Nexus 5548 UP Chassis, 32 10GbE Ports, 2 PS, 2 Fans",Hardware,CHASSIS,Others,Others,,1,1/26/16,1/25/21,2021,2021 Q3,SNT,92058507,1/26/16,2016,2016 Q3,5/5/19,8/3/23,5/4/20,5/31/24,2024,2024 Q4,Y,ENTERGY CORPORATION,181149,ENTERGY SERVICES INC,26853,ENTERGY SERVICES INC,177639549,"ENTERGY SERVICES, INC.",404264195,700 LOUISIANA ST,LITTLE ROCK,AR,Major,29834
FOX2016G2TF,NOT COVERED,EXPIRED,Data Center Networking,NX2/4/5/6K,N2000,N2248TP-E-FA-BUN,"Standard Airflow packN2K-C2248TP-E-1GE, 2 AC PS, 1Fan",Hardware,CHASSIS,Others,Others,,1,4/1/22,3/31/23,2023,2023 Q3,SNT,204690491,7/30/16,2016,2016 Q4,8/24/22,11/22/26,8/24/23,8/31/27,2028,2028 Q1,Y,ENTERGY CORPORATION,181149,ENTERGY SERVICES INC,26853,ENTERGY SERVICES INC,888373,"Entergy Services, Inc.",2000585304,1340 ECHELON PKWY,JACKSON,MS,Minor,33894.1
FOX2017G01N,COVERED,ACTIVE,Data Center Networking,NX2/4/5/6K,N2000,N2248TP-E-FA-BUN,"Standard Airflow packN2K-C2248TP-E-1GE, 2 AC PS, 1Fan",Hardware,CHASSIS,Others,Others,,1,4/1/23,3/31/26,2026,2026 Q3,SNT,205483789,7/30/16,2016,2016 Q4,8/24/22,11/22/26,8/24/23,8/31/27,2028,2028 Q1,Y,ENTERGY CORPORATION,181149,ENTERGY SERVICES INC,26853,ENTERGY SERVICES INC,888373,"Entergy Services, Inc.",2000585304,1340 ECHELON PKWY,JACKSON,MS,Minor,33962.1
FOX2017G03B,NOT COVERED,EXPIRED,Data Center Networking,NX2/4/5/6K,N2000,N2248TP-E-FA-BUN,"Standard Airflow packN2K-C2248TP-E-1GE, 2 AC PS, 1Fan",Hardware,CHASSIS,Others,Others,,1,4/1/23,3/31/24,2024,2024 Q3,SNT,205483789,7/30/16,2016,2016 Q4,8/24/22,11/22/26,8/24/23,8/31/27,2028,2028 Q1,Y,ENTERGY CORPORATION,181149,ENTERGY SERVICES INC,26853,ENTERGY SERVICES INC,888373,"Entergy Services, Inc.",2000585304,1340 ECHELON PKWY,JACKSON,MS,Minor,33917.1
FOX2017G05M,COVERED,ACTIVE,Data Center Networking,NX2/4/5/6K,N2000,N2248TP-E-FA-BUN,"Standard Airflow packN2K-C2248TP-E-1GE, 2 AC PS, 1Fan",Hardware,CHASSIS,Others,Others,,1,4/1/23,3/31/26,2026,2026 Q3,SNT,205483789,7/30/16,2016,2016 Q4,8/24/22,11/22/26,8/24/23,8/31/27,2028,2028 Q1,Y,ENTERGY CORPORATION,181149,ENTERGY SERVICES INC,26853,ENTERGY SERVICES INC,888373,"Entergy Services, Inc.",2000585304,1340 ECHELON PKWY,JACKSON,MS,Minor,33934.1
FOX2017G05Q,NOT COVERED,EXPIRED,Data Center Networking,NX2/4/5/6K,N2000,N2248TP-E-FA-BUN,"Standard Airflow packN2K-C2248TP-E-1GE, 2 AC PS, 1Fan",Hardware,CHASSIS,Others,Others,,1,4/1/22,3/31/23,2023,2023 Q3,SNT,204690491,7/30/16,2016,2016 Q4,8/24/22,11/22/26,8/24/23,8/31/27,2028,2028 Q1,Y,ENTERGY CORPORATION,181149,ENTERGY SERVICES INC,26853,ENTERGY SERVICES INC,888373,"Entergy Services, Inc.",2000585304,1340 ECHELON PKWY,JACKSON,MS,Minor,33935.1
FOX2018G0ZC,NOT COVERED,EXPIRED,Data Center Networking,NX2/4/5/6K,N2000,N2248TP-E-FA-BUN,"Standard Airflow packN2K-C2248TP-E-1GE, 2 AC PS, 1Fan",Hardware,CHASSIS,Others,Others,,1,4/1/22,3/31/23,2023,2023 Q3,SNT,204690491,7/30/16,2016,2016 Q4,8/24/22,11/22/26,8/24/23,8/31/27,2028,2028 Q1,Y,ENTERGY CORPORATION,181149,ENTERGY SERVICES INC,26853,ENTERGY SERVICES INC,888373,"Entergy Services, Inc.",2000585304,1340 ECHELON PKWY,JACKSON,MS,Minor,33937.1
FOX2018G0ZG,NOT COVERED,EXPIRED,Data Center Networking,NX2/4/5/6K,N2000,N2248TP-E-FA-BUN,"Standard Airflow packN2K-C2248TP-E-1GE, 2 AC PS, 1Fan",Hardware,CHASSIS,Others,Others,,1,4/1/22,3/31/23,2023,2023 Q3,SNT,204690491,7/30/16,2016,2016 Q4,8/24/22,11/22/26,8/24/23,8/31/27,2028,2028 Q1,Y,ENTERGY CORPORATION,181149,ENTERGY SERVICES INC,26853,ENTERGY SERVICES INC,888373,"Entergy Services, Inc.",2000585304,1340 ECHELON PKWY,JACKSON,MS,Minor,33897.1
FOX2018G107,COVERED,ACTIVE,Data Center Networking,NX2/4/5/6K,N2000,N2248TP-E-FA-BUN,"Standard Airflow packN2K-C2248TP-E-1GE, 2 AC PS, 1Fan",Hardware,CHASSIS,Others,Others,,1,4/1/24,3/31/26,2026,2026 Q3,SNT,205483789,7/30/16,2016,2016 Q4,8/24/22,11/22/26,8/24/23,8/31/27,2028,2028 Q1,Y,ENTERGY CORPORATION,181149,ENTERGY SERVICES INC,26853,ENTERGY SERVICES INC,888373,"Entergy Services, Inc.",2000585304,1340 ECHELON PKWY,JACKSON,MS,Minor,33903.1
FOX2018G10L,NOT COVERED,EXPIRED,Data Center Networking,NX2/4/5/6K,N2000,N2248TP-E-FA-BUN,"Standard Airflow packN2K-C2248TP-E-1GE, 2 AC PS, 1Fan",Hardware,CHASSIS,Others,Others,,1,4/1/22,3/31/23,2023,2023 Q3,SNT,204690491,7/30/16,2016,2016 Q4,8/24/22,11/22/26,8/24/23,8/31/27,2028,2028 Q1,Y,ENTERGY CORPORATION,181149,ENTERGY SERVICES INC,26853,ENTERGY SERVICES INC,888373,"Entergy Services, Inc.",2000585304,1340 ECHELON PKWY,JACKSON,MS,Minor,33964.1
FOX2018G10M,NOT COVERED,EXPIRED,Data Center Networking,NX2/4/5/6K,N2000,N2248TP-E-FA-BUN,"Standard Airflow packN2K-C2248TP-E-1GE, 2 AC PS, 1Fan",Hardware,CHASSIS,Others,Others,,1,4/1/22,3/31/23,2023,2023 Q3,SNT,204690491,7/30/16,2016,2016 Q4,8/24/22,11/22/26,8/24/23,8/31/27,2028,2028 Q1,Y,ENTERGY CORPORATION,181149,ENTERGY SERVICES INC,26853,ENTERGY SERVICES INC,888373,"Entergy Services, Inc.",2000585304,1340 ECHELON PKWY,JACKSON,MS,Minor,33968.1
FOX2018G10T,NOT COVERED,EXPIRED,Data Center Networking,NX2/4/5/6K,N2000,N2248TP-E-FA-BUN,"Standard Airflow packN2K-C2248TP-E-1GE, 2 AC PS, 1Fan",Hardware,CHASSIS,Others,Others,,1,4/1/22,3/31/23,2023,2023 Q3,SNT,204690491,7/30/16,2016,2016 Q4,8/24/22,11/22/26,8/24/23,8/31/27,2028,2028 Q1,Y,ENTERGY CORPORATION,181149,ENTERGY SERVICES INC,26853,ENTERGY SERVICES INC,888373,"Entergy Services, Inc.",2000585304,1340 ECHELON PKWY,JACKSON,MS,Minor,33945.1
FOX2018G10Z,NOT COVERED,EXPIRED,Data Center Networking,NX2/4/5/6K,N2000,N2248TP-E-FA-BUN,"Standard Airflow packN2K-C2248TP-E-1GE, 2 AC PS, 1Fan",Hardware,CHASSIS,Others,Others,,1,4/1/22,3/31/23,2023,2023 Q3,SNT,204690491,7/30/16,2016,2016 Q4,8/24/22,11/22/26,8/24/23,8/31/27,2028,2028 Q1,Y,ENTERGY CORPORATION,181149,ENTERGY SERVICES INC,26853,ENTERGY SERVICES INC,888373,"Entergy Services, Inc.",2000585304,1340 ECHELON PKWY,JACKSON,MS,Minor,33951.1
FOX2018G111,COVERED,ACTIVE,Data Center Networking,NX2/4/5/6K,N2000,N2248TP-E-FA-BUN,"Standard Airflow packN2K-C2248TP-E-1GE, 2 AC PS, 1Fan",Hardware,CHASSIS,Others,Others,,1,4/1/23,3/31/26,2026,2026 Q3,SNT,205483789,7/30/16,2016,2016 Q4,8/24/22,11/22/26,8/24/23,8/31/27,2028,2028 Q1,Y,ENTERGY CORPORATION,181149,ENTERGY SERVICES INC,26853,ENTERGY SERVICES INC,888373,"Entergy Services, Inc.",2000585304,1340 ECHELON PKWY,JACKSON,MS,Minor,33943.1
FOX2018G11C,COVERED,ACTIVE,Data Center Networking,NX2/4/5/6K,N2000,N2248TP-E-FA-BUN,"Standard Airflow packN2K-C2248TP-E-1GE, 2 AC PS, 1Fan",Hardware,CHASSIS,Others,Others,,1,4/1/23,3/31/26,2026,2026 Q3,SNT,205483789,7/30/16,2016,2016 Q4,8/24/22,11/22/26,8/24/23,8/31/27,2028,2028 Q1,Y,ENTERGY CORPORATION,181149,ENTERGY SERVICES INC,26853,ENTERGY SERVICES INC,888373,"Entergy Services, Inc.",2000585304,1340 ECHELON PKWY,JACKSON,MS,Minor,33932.1
FOX2018G123,NOT COVERED,EXPIRED,Data Center Networking,NX2/4/5/6K,N2000,N2248TP-E-FA-BUN,"Standard Airflow packN2K-C2248TP-E-1GE, 2 AC PS, 1Fan",Hardware,CHASSIS,Others,Others,,1,7/30/16,7/29/21,2021,2021 Q4,SNT,92058507,7/30/16,2016,2016 Q4,8/24/22,11/22/26,8/24/23,8/31/27,2028,2028 Q1,Y,ENTERGY CORPORATION,181149,ENTERGY SERVICES INC,26853,ENTERGY SERVICES INC,888373,"Entergy Services, Inc.",2000585304,1340 ECHELON PKWY,JACKSON,MS,Minor,33947.2
FOX2018G125,COVERED,ACTIVE,Data Center Networking,NX2/4/5/6K,N2000,N2248TP-E-FA-BUN,"Standard Airflow packN2K-C2248TP-E-1GE, 2 AC PS, 1Fan",Hardware,CHASSIS,Others,Others,,1,4/1/23,3/31/26,2026,2026 Q3,SNT,205483789,7/30/16,2016,2016 Q4,8/24/22,11/22/26,8/24/23,8/31/27,2028,2028 Q1,Y,ENTERGY CORPORATION,181149,ENTERGY SERVICES INC,26853,ENTERGY SERVICES INC,888373,"Entergy Services, Inc.",2000585304,1340 ECHELON PKWY,JACKSON,MS,Minor,33928.1
FOX2018G128,NOT COVERED,EXPIRED,Data Center Networking,NX2/4/5/6K,N2000,N2248TP-E-FA-BUN,"Standard Airflow packN2K-C2248TP-E-1GE, 2 AC PS, 1Fan",Hardware,CHASSIS,Others,Others,,1,7/30/16,7/29/21,2021,2021 Q4,SNT,92058507,7/30/16,2016,2016 Q4,8/24/22,11/22/26,8/24/23,8/31/27,2028,2028 Q1,Y,ENTERGY CORPORATION,181149,ENTERGY SERVICES INC,26853,ENTERGY SERVICES INC,888373,"Entergy Services, Inc.",2000585304,1340 ECHELON PKWY,JACKSON,MS,Minor,33950.1
FOX2018G13E,COVERED,ACTIVE,Data Center Networking,NX2/4/5/6K,N2000,N2248TP-E-FA-BUN,"Standard Airflow packN2K-C2248TP-E-1GE, 2 AC PS, 1Fan",Hardware,CHASSIS,Others,Others,,1,4/1/24,3/31/26,2026,2026 Q3,SNT,205483789,7/30/16,2016,2016 Q4,8/24/22,11/22/26,8/24/23,8/31/27,2028,2028 Q1,Y,ENTERGY CORPORATION,181149,ENTERGY SERVICES INC,26853,ENTERGY SERVICES INC,888373,"Entergy Services, Inc.",2000585304,1340 ECHELON PKWY,JACKSON,MS,Minor,33918.1
FOX2018G3C9,COVERED,ACTIVE,Data Center Networking,NX2/4/5/6K,N2000,N2248TP-E-FA-BUN,"Standard Airflow packN2K-C2248TP-E-1GE, 2 AC PS, 1Fan",Hardware,CHASSIS,Others,Others,,1,4/1/23,3/31/26,2026,2026 Q3,SNT,205483789,7/30/16,2016,2016 Q4,8/24/22,11/22/26,8/24/23,8/31/27,2028,2028 Q1,Y,ENTERGY CORPORATION,181149,ENTERGY SERVICES INC,26853,ENTERGY SERVICES INC,888373,"Entergy Services, Inc.",2000585304,1340 ECHELON PKWY,JACKSON,MS,Minor,33959.1
FOX2018G3CC,NOT COVERED,EXPIRED,Data Center Networking,NX2/4/5/6K,N2000,N2248TP-E-FA-BUN,"Standard Airflow packN2K-C2248TP-E-1GE, 2 AC PS, 1Fan",Hardware,CHASSIS,Others,Others,,1,7/30/16,7/29/21,2021,2021 Q4,SNT,92058507,7/30/16,2016,2016 Q4,8/24/22,11/22/26,8/24/23,8/31/27,2028,2028 Q1,Y,ENTERGY CORPORATION,181149,ENTERGY SERVICES INC,26853,ENTERGY SERVICES INC,888373,"Entergy Services, Inc.",2000585304,1340 ECHELON PKWY,JACKSON,MS,Minor,33891.1
FOX2018G3DB,NOT COVERED,EXPIRED,Data Center Networking,NX2/4/5/6K,N2000,N2248TP-E-FA-BUN,"Standard Airflow packN2K-C2248TP-E-1GE, 2 AC PS, 1Fan",Hardware,CHASSIS,Others,Others,,1,4/1/22,3/31/23,2023,2023 Q3,SNT,204690491,7/30/16,2016,2016 Q4,8/24/22,11/22/26,8/24/23,8/31/27,2028,2028 Q1,Y,ENTERGY CORPORATION,181149,ENTERGY SERVICES INC,26853,ENTERGY SERVICES INC,888373,"Entergy Services, Inc.",2000585304,1340 ECHELON PKWY,JACKSON,MS,Minor,33953.1
FOX2018G3E8,COVERED,ACTIVE,Data Center Networking,NX2/4/5/6K,N2000,N2248TP-E-FA-BUN,"Standard Airflow packN2K-C2248TP-E-1GE, 2 AC PS, 1Fan",Hardware,CHASSIS,Others,Others,,1,4/1/24,3/31/26,2026,2026 Q3,SNT,205483789,7/30/16,2016,2016 Q4,8/24/22,11/22/26,8/24/23,8/31/27,2028,2028 Q1,Y,ENTERGY CORPORATION,181149,ENTERGY SERVICES INC,26853,ENTERGY SERVICES INC,888373,"Entergy Services, Inc.",2000585304,1340 ECHELON PKWY,JACKSON,MS,Minor,33963.1
FOX2018G3EA,NOT COVERED,EXPIRED,Data Center Networking,NX2/4/5/6K,N2000,N2248TP-E-FA-BUN,"Standard Airflow packN2K-C2248TP-E-1GE, 2 AC PS, 1Fan",Hardware,CHASSIS,Others,Others,,1,4/1/22,3/31/23,2023,2023 Q3,SNT,204690491,7/30/16,2016,2016 Q4,8/24/22,11/22/26,8/24/23,8/31/27,2028,2028 Q1,Y,ENTERGY CORPORATION,181149,ENTERGY SERVICES INC,26853,ENTERGY SERVICES INC,888373,"Entergy Services, Inc.",2000585304,1340 ECHELON PKWY,JACKSON,MS,Minor,33942.1
FOX2018G3EM,COVERED,ACTIVE,Data Center Networking,NX2/4/5/6K,N2000,N2248TP-E-FA-BUN,"Standard Airflow packN2K-C2248TP-E-1GE, 2 AC PS, 1Fan",Hardware,CHASSIS,Others,Others,,1,4/1/23,3/31/26,2026,2026 Q3,SNT,205483789,7/30/16,2016,2016 Q4,8/24/22,11/22/26,8/24/23,8/31/27,2028,2028 Q1,Y,ENTERGY CORPORATION,181149,ENTERGY SERVICES INC,26853,ENTERGY SERVICES INC,888373,"Entergy Services, Inc.",2000585304,1340 ECHELON PKWY,JACKSON,MS,Minor,33954.1
FOX2018G3EP,NOT COVERED,EXPIRED,Data Center Networking,NX2/4/5/6K,N2000,N2248TP-E-FA-BUN,"Standard Airflow packN2K-C2248TP-E-1GE, 2 AC PS, 1Fan",Hardware,CHASSIS,Others,Others,,1,4/1/22,3/31/23,2023,2023 Q3,SNT,204690491,7/30/16,2016,2016 Q4,8/24/22,11/22/26,8/24/23,8/31/27,2028,2028 Q1,Y,ENTERGY CORPORATION,181149,ENTERGY SERVICES INC,26853,ENTERGY SERVICES INC,888373,"Entergy Services, Inc.",2000585304,1340 ECHELON PKWY,JACKSON,MS,Minor,33929.1
FOX2018G3EW,COVERED,ACTIVE,Data Center Networking,NX2/4/5/6K,N2000,N2248TP-E-FA-BUN,"Standard Airflow packN2K-C2248TP-E-1GE, 2 AC PS, 1Fan",Hardware,CHASSIS,Others,Others,,1,4/1/23,3/31/26,2026,2026 Q3,SNT,205483789,7/30/16,2016,2016 Q4,8/24/22,11/22/26,8/24/23,8/31/27,2028,2028 Q1,Y,ENTERGY CORPORATION,181149,ENTERGY SERVICES INC,26853,ENTERGY SERVICES INC,888373,"Entergy Services, Inc.",2000585304,1340 ECHELON PKWY,JACKSON,MS,Minor,33948.1
FOX2018G3H2,COVERED,ACTIVE,Data Center Networking,NX2/4/5/6K,N2000,N2248TP-E-FA-BUN,"Standard Airflow packN2K-C2248TP-E-1GE, 2 AC PS, 1Fan",Hardware,CHASSIS,Others,Others,,1,4/1/24,3/31/26,2026,2026 Q3,SNT,205483789,7/30/16,2016,2016 Q4,8/24/22,11/22/26,8/24/23,8/31/27,2028,2028 Q1,Y,ENTERGY CORPORATION,181149,ENTERGY SERVICES INC,26853,ENTERGY SERVICES INC,888373,"Entergy Services, Inc.",2000585304,1340 ECHELON PKWY,JACKSON,MS,Minor,33908.1
FOX2018G3HR,NOT COVERED,EXPIRED,Data Center Networking,NX2/4/5/6K,N2000,N2248TP-E-FA-BUN,"Standard Airflow packN2K-C2248TP-E-1GE, 2 AC PS, 1Fan",Hardware,CHASSIS,Others,Others,,1,7/30/16,7/29/21,2021,2021 Q4,SNT,92058507,7/30/16,2016,2016 Q4,8/24/22,11/22/26,8/24/23,8/31/27,2028,2028 Q1,Y,ENTERGY CORPORATION,181149,ENTERGY SERVICES INC,26853,ENTERGY SERVICES INC,888373,"Entergy Services, Inc.",2000585304,1340 ECHELON PKWY,JACKSON,MS,Minor,33969.1
FOX2018G3J5,NOT COVERED,EXPIRED,Data Center Networking,NX2/4/5/6K,N2000,N2248TP-E-FA-BUN,"Standard Airflow packN2K-C2248TP-E-1GE, 2 AC PS, 1Fan",Hardware,CHASSIS,Others,Others,,1,7/30/16,7/29/21,2021,2021 Q4,SNT,92058507,7/30/16,2016,2016 Q4,8/24/22,11/22/26,8/24/23,8/31/27,2028,2028 Q1,Y,ENTERGY CORPORATION,181149,ENTERGY SERVICES INC,26853,ENTERGY SERVICES INC,888373,"Entergy Services, Inc.",2000585304,1340 ECHELON PKWY,JACKSON,MS,Minor,33952.1
FOX2018G3JC,COVERED,ACTIVE,Data Center Networking,NX2/4/5/6K,N2000,N2248TP-E-FA-BUN,"Standard Airflow packN2K-C2248TP-E-1GE, 2 AC PS, 1Fan",Hardware,CHASSIS,Others,Others,,1,4/1/23,3/31/26,2026,2026 Q3,SNT,205483789,7/30/16,2016,2016 Q4,8/24/22,11/22/26,8/24/23,8/31/27,2028,2028 Q1,Y,ENTERGY CORPORATION,181149,ENTERGY SERVICES INC,26853,ENTERGY SERVICES INC,888373,"Entergy Services, Inc.",2000585304,1340 ECHELON PKWY,JACKSON,MS,Minor,33925.1
FOX2018G3JQ,COVERED,ACTIVE,Data Center Networking,NX2/4/5/6K,N2000,N2248TP-E-FA-BUN,"Standard Airflow packN2K-C2248TP-E-1GE, 2 AC PS, 1Fan",Hardware,CHASSIS,Others,Others,,1,4/1/24,3/31/26,2026,2026 Q3,SNT,205483789,7/30/16,2016,2016 Q4,8/24/22,11/22/26,8/24/23,8/31/27,2028,2028 Q1,Y,ENTERGY CORPORATION,181149,ENTERGY SERVICES INC,26853,ENTERGY SERVICES INC,888373,"Entergy Services, Inc.",2000585304,1340 ECHELON PKWY,JACKSON,MS,Minor,33915.1
FOX2018G3KT,COVERED,ACTIVE,Data Center Networking,NX2/4/5/6K,N2000,N2248TP-E-FA-BUN,"Standard Airflow packN2K-C2248TP-E-1GE, 2 AC PS, 1Fan",Hardware,CHASSIS,Others,Others,,1,4/1/23,3/31/26,2026,2026 Q3,SNT,205483789,7/30/16,2016,2016 Q4,8/24/22,11/22/26,8/24/23,8/31/27,2028,2028 Q1,Y,ENTERGY CORPORATION,181149,ENTERGY SERVICES INC,26853,ENTERGY SERVICES INC,888373,"Entergy Services, Inc.",2000585304,1340 ECHELON PKWY,JACKSON,MS,Minor,33941.1
FOX2018G3L1,COVERED,ACTIVE,Data Center Networking,NX2/4/5/6K,N2000,N2248TP-E-FA-BUN,"Standard Airflow packN2K-C2248TP-E-1GE, 2 AC PS, 1Fan",Hardware,CHASSIS,Others,Others,,1,4/1/24,3/31/26,2026,2026 Q3,SNT,205483789,7/30/16,2016,2016 Q4,8/24/22,11/22/26,8/24/23,8/31/27,2028,2028 Q1,Y,ENTERGY CORPORATION,181149,ENTERGY SERVICES INC,26853,ENTERGY SERVICES INC,888373,"Entergy Services, Inc.",2000585304,1340 ECHELON PKWY,JACKSON,MS,Minor,33936.1
FOX2018G3LB,COVERED,ACTIVE,Data Center Networking,NX2/4/5/6K,N2000,N2248TP-E-FA-BUN,"Standard Airflow packN2K-C2248TP-E-1GE, 2 AC PS, 1Fan",Hardware,CHASSIS,Others,Others,,1,4/1/23,3/31/26,2026,2026 Q3,SNT,205483789,7/30/16,2016,2016 Q4,8/24/22,11/22/26,8/24/23,8/31/27,2028,2028 Q1,Y,ENTERGY CORPORATION,181149,ENTERGY SERVICES INC,26853,ENTERGY SERVICES INC,888373,"Entergy Services, Inc.",2000585304,1340 ECHELON PKWY,JACKSON,MS,Minor,33933.1
FOX2018G6YB,NOT COVERED,EXPIRED,Data Center Networking,NX2/4/5/6K,N2000,N2248TP-E-FA-BUN,"Standard Airflow packN2K-C2248TP-E-1GE, 2 AC PS, 1Fan",Hardware,CHASSIS,Others,Others,,1,4/1/22,3/31/23,2023,2023 Q3,SNT,204690491,7/30/16,2016,2016 Q4,8/24/22,11/22/26,8/24/23,8/31/27,2028,2028 Q1,Y,ENTERGY CORPORATION,181149,ENTERGY SERVICES INC,26853,ENTERGY SERVICES INC,888373,"Entergy Services, Inc.",2000585304,1340 ECHELON PKWY,JACKSON,MS,Minor,33961.1
FOX2018G6YR,COVERED,ACTIVE,Data Center Networking,NX2/4/5/6K,N2000,N2248TP-E-FA-BUN,"Standard Airflow packN2K-C2248TP-E-1GE, 2 AC PS, 1Fan",Hardware,CHASSIS,Others,Others,,1,4/1/23,3/31/26,2026,2026 Q3,SNT,205483789,7/30/16,2016,2016 Q4,8/24/22,11/22/26,8/24/23,8/31/27,2028,2028 Q1,Y,ENTERGY CORPORATION,181149,ENTERGY SERVICES INC,26853,ENTERGY SERVICES INC,888373,"Entergy Services, Inc.",2000585304,1340 ECHELON PKWY,JACKSON,MS,Minor,33944.1
FOX2018G6YU,COVERED,ACTIVE,Data Center Networking,NX2/4/5/6K,N2000,N2248TP-E-FA-BUN,"Standard Airflow packN2K-C2248TP-E-1GE, 2 AC PS, 1Fan",Hardware,CHASSIS,Others,Others,,1,4/1/23,3/31/26,2026,2026 Q3,SNT,205483789,7/30/16,2016,2016 Q4,8/24/22,11/22/26,8/24/23,8/31/27,2028,2028 Q1,Y,ENTERGY CORPORATION,181149,ENTERGY SERVICES INC,26853,ENTERGY SERVICES INC,888373,"Entergy Services, Inc.",2000585304,1340 ECHELON PKWY,JACKSON,MS,Minor,33896.1
FOX2018G6ZY,COVERED,ACTIVE,Data Center Networking,NX2/4/5/6K,N2000,N2248TP-E-FA-BUN,"Standard Airflow packN2K-C2248TP-E-1GE, 2 AC PS, 1Fan",Hardware,CHASSIS,Others,Others,,1,4/1/23,3/31/26,2026,2026 Q3,SNT,205483789,7/30/16,2016,2016 Q4,8/24/22,11/22/26,8/24/23,8/31/27,2028,2028 Q1,Y,ENTERGY CORPORATION,181149,ENTERGY SERVICES INC,26853,ENTERGY SERVICES INC,888373,"Entergy Services, Inc.",2000585304,1340 ECHELON PKWY,JACKSON,MS,Minor,33940.1
FOX2018G70V,COVERED,ACTIVE,Data Center Networking,NX2/4/5/6K,N2000,N2248TP-E-FA-BUN,"Standard Airflow packN2K-C2248TP-E-1GE, 2 AC PS, 1Fan",Hardware,CHASSIS,Others,Others,,1,4/1/24,3/31/26,2026,2026 Q3,SNT,205483789,7/30/16,2016,2016 Q4,8/24/22,11/22/26,8/24/23,8/31/27,2028,2028 Q1,Y,ENTERGY CORPORATION,181149,ENTERGY SERVICES INC,26853,ENTERGY SERVICES INC,888373,"Entergy Services, Inc.",2000585304,1340 ECHELON PKWY,JACKSON,MS,Minor,33922.1
FOX2018G72S,NOT COVERED,EXPIRED,Data Center Networking,NX2/4/5/6K,N2000,N2248TP-E-FA-BUN,"Standard Airflow packN2K-C2248TP-E-1GE, 2 AC PS, 1Fan",Hardware,CHASSIS,Others,Others,,1,4/1/22,3/31/23,2023,2023 Q3,SNT,204690491,7/30/16,2016,2016 Q4,8/24/22,11/22/26,8/24/23,8/31/27,2028,2028 Q1,Y,ENTERGY CORPORATION,181149,ENTERGY SERVICES INC,26853,ENTERGY SERVICES INC,888373,"Entergy Services, Inc.",2000585304,1340 ECHELON PKWY,JACKSON,MS,Minor,33930.1
FOX2018G74J,COVERED,ACTIVE,Data Center Networking,NX2/4/5/6K,N2000,N2248TP-E-FA-BUN,"Standard Airflow packN2K-C2248TP-E-1GE, 2 AC PS, 1Fan",Hardware,CHASSIS,Others,Others,,1,4/1/24,3/31/26,2026,2026 Q3,SNT,205483789,7/30/16,2016,2016 Q4,8/24/22,11/22/26,8/24/23,8/31/27,2028,2028 Q1,Y,ENTERGY CORPORATION,181149,ENTERGY SERVICES INC,26853,ENTERGY SERVICES INC,888373,"Entergy Services, Inc.",2000585304,1340 ECHELON PKWY,JACKSON,MS,Minor,33910.1
FOX2018G74Y,COVERED,ACTIVE,Data Center Networking,NX2/4/5/6K,N2000,N2248TP-E-FA-BUN,"Standard Airflow packN2K-C2248TP-E-1GE, 2 AC PS, 1Fan",Hardware,CHASSIS,Others,Others,,1,4/1/23,3/31/26,2026,2026 Q3,SNT,205483789,7/30/16,2016,2016 Q4,8/24/22,11/22/26,8/24/23,8/31/27,2028,2028 Q1,Y,ENTERGY CORPORATION,181149,ENTERGY SERVICES INC,26853,ENTERGY SERVICES INC,888373,"Entergy Services, Inc.",2000585304,1340 ECHELON PKWY,JACKSON,MS,Minor,33938.1
FOX2018G75P,COVERED,ACTIVE,Data Center Networking,NX2/4/5/6K,N2000,N2248TP-E-FA-BUN,"Standard Airflow packN2K-C2248TP-E-1GE, 2 AC PS, 1Fan",Hardware,CHASSIS,Others,Others,,1,4/1/23,3/31/26,2026,2026 Q3,SNT,205483789,7/30/16,2016,2016 Q4,8/24/22,11/22/26,8/24/23,8/31/27,2028,2028 Q1,Y,ENTERGY CORPORATION,181149,ENTERGY SERVICES INC,26853,ENTERGY SERVICES INC,888373,"Entergy Services, Inc.",2000585304,1340 ECHELON PKWY,JACKSON,MS,Minor,33927.1
FOX2018G75Q,COVERED,ACTIVE,Data Center Networking,NX2/4/5/6K,N2000,N2248TP-E-FA-BUN,"Standard Airflow packN2K-C2248TP-E-1GE, 2 AC PS, 1Fan",Hardware,CHASSIS,Others,Others,,1,4/1/23,3/31/26,2026,2026 Q3,SNT,205483789,7/30/16,2016,2016 Q4,8/24/22,11/22/26,8/24/23,8/31/27,2028,2028 Q1,Y,ENTERGY CORPORATION,181149,ENTERGY SERVICES INC,26853,ENTERGY SERVICES INC,888373,"Entergy Services, Inc.",2000585304,1340 ECHELON PKWY,JACKSON,MS,Minor,33921.1
FOX2018G75S,COVERED,ACTIVE,Data Center Networking,NX2/4/5/6K,N2000,N2248TP-E-FA-BUN,"Standard Airflow packN2K-C2248TP-E-1GE, 2 AC PS, 1Fan",Hardware,CHASSIS,Others,Others,,1,4/1/23,3/31/26,2026,2026 Q3,SNT,205483789,7/30/16,2016,2016 Q4,8/24/22,11/22/26,8/24/23,8/31/27,2028,2028 Q1,Y,ENTERGY CORPORATION,181149,ENTERGY SERVICES INC,26853,ENTERGY SERVICES INC,888373,"Entergy Services, Inc.",2000585304,1340 ECHELON PKWY,JACKSON,MS,Minor,33967.1
FOX2018G75W,COVERED,ACTIVE,Data Center Networking,NX2/4/5/6K,N2000,N2248TP-E-FA-BUN,"Standard Airflow packN2K-C2248TP-E-1GE, 2 AC PS, 1Fan",Hardware,CHASSIS,Others,Others,,1,4/1/23,3/31/26,2026,2026 Q3,SNT,205483789,7/30/16,2016,2016 Q4,8/24/22,11/22/26,8/24/23,8/31/27,2028,2028 Q1,Y,ENTERGY CORPORATION,181149,ENTERGY SERVICES INC,26853,ENTERGY SERVICES INC,888373,"Entergy Services, Inc.",2000585304,1340 ECHELON PKWY,JACKSON,MS,Minor,33955.1
FOX2018G768,NOT COVERED,EXPIRED,Data Center Networking,NX2/4/5/6K,N2000,N2248TP-E-FA-BUN,"Standard Airflow packN2K-C2248TP-E-1GE, 2 AC PS, 1Fan",Hardware,CHASSIS,Others,Others,,1,4/1/22,3/31/23,2023,2023 Q3,SNT,204690491,7/30/16,2016,2016 Q4,8/24/22,11/22/26,8/24/23,8/31/27,2028,2028 Q1,Y,ENTERGY CORPORATION,181149,ENTERGY SERVICES INC,26853,ENTERGY SERVICES INC,888373,"Entergy Services, Inc.",2000585304,1340 ECHELON PKWY,JACKSON,MS,Minor,33958.1
FOX2018G76A,NOT COVERED,EXPIRED,Data Center Networking,NX2/4/5/6K,N2000,N2248TP-E-FA-BUN,"Standard Airflow packN2K-C2248TP-E-1GE, 2 AC PS, 1Fan",Hardware,CHASSIS,Others,Others,,1,4/1/22,3/31/23,2023,2023 Q3,SNT,204690491,7/30/16,2016,2016 Q4,8/24/22,11/22/26,8/24/23,8/31/27,2028,2028 Q1,Y,ENTERGY CORPORATION,181149,ENTERGY SERVICES INC,26853,ENTERGY SERVICES INC,888373,"Entergy Services, Inc.",2000585304,1340 ECHELON PKWY,JACKSON,MS,Minor,33931.1
FOX2018G76G,NOT COVERED,EXPIRED,Data Center Networking,NX2/4/5/6K,N2000,N2248TP-E-FA-BUN,"Standard Airflow packN2K-C2248TP-E-1GE, 2 AC PS, 1Fan",Hardware,CHASSIS,Others,Others,,1,7/30/16,7/29/21,2021,2021 Q4,SNT,92058507,7/30/16,2016,2016 Q4,8/24/22,11/22/26,8/24/23,8/31/27,2028,2028 Q1,Y,ENTERGY CORPORATION,181149,ENTERGY SERVICES INC,26853,ENTERGY SERVICES INC,888373,"Entergy Services, Inc.",2000585304,1340 ECHELON PKWY,JACKSON,MS,Minor,33965.1
FOX2018G7BG,COVERED,ACTIVE,Data Center Networking,NX2/4/5/6K,N2000,N2248TP-E-FA-BUN,"Standard Airflow packN2K-C2248TP-E-1GE, 2 AC PS, 1Fan",Hardware,CHASSIS,Others,Others,,1,4/1/24,3/31/26,2026,2026 Q3,SNT,205483789,7/30/16,2016,2016 Q4,8/24/22,11/22/26,8/24/23,8/31/27,2028,2028 Q1,Y,ENTERGY CORPORATION,181149,ENTERGY SERVICES INC,26853,ENTERGY SERVICES INC,888373,"Entergy Services, Inc.",2000585304,1340 ECHELON PKWY,JACKSON,MS,Minor,33912.1
FOX2018G7BH,COVERED,ACTIVE,Data Center Networking,NX2/4/5/6K,N2000,N2248TP-E-FA-BUN,"Standard Airflow packN2K-C2248TP-E-1GE, 2 AC PS, 1Fan",Hardware,CHASSIS,Others,Others,,1,4/1/23,3/31/26,2026,2026 Q3,SNT,205483789,7/30/16,2016,2016 Q4,8/24/22,11/22/26,8/24/23,8/31/27,2028,2028 Q1,Y,ENTERGY CORPORATION,181149,ENTERGY SERVICES INC,26853,ENTERGY SERVICES INC,888373,"Entergy Services, Inc.",2000585304,1340 ECHELON PKWY,JACKSON,MS,Minor,33949.1
FOX2018G7C3,NOT COVERED,EXPIRED,Data Center Networking,NX2/4/5/6K,N2000,N2248TP-E-FA-BUN,"Standard Airflow packN2K-C2248TP-E-1GE, 2 AC PS, 1Fan",Hardware,CHASSIS,Others,Others,,1,4/1/22,3/31/23,2023,2023 Q3,SNT,204690491,7/30/16,2016,2016 Q4,8/24/22,11/22/26,8/24/23,8/31/27,2028,2028 Q1,Y,ENTERGY CORPORATION,181149,ENTERGY SERVICES INC,26853,ENTERGY SERVICES INC,888373,"Entergy Services, Inc.",2000585304,1340 ECHELON PKWY,JACKSON,MS,Minor,33919.1
FOX2018G7C8,COVERED,ACTIVE,Data Center Networking,NX2/4/5/6K,N2000,N2248TP-E-FA-BUN,"Standard Airflow packN2K-C2248TP-E-1GE, 2 AC PS, 1Fan",Hardware,CHASSIS,Others,Others,,1,4/1/24,3/31/26,2026,2026 Q3,SNT,205483789,7/30/16,2016,2016 Q4,8/24/22,11/22/26,8/24/23,8/31/27,2028,2028 Q1,Y,ENTERGY CORPORATION,181149,ENTERGY SERVICES INC,26853,ENTERGY SERVICES INC,888373,"Entergy Services, Inc.",2000585304,1340 ECHELON PKWY,JACKSON,MS,Minor,33916.1
FOX2018G8LA,NOT COVERED,EXPIRED,Data Center Networking,NX2/4/5/6K,N2000,N2248TP-E-FA-BUN,"Standard Airflow packN2K-C2248TP-E-1GE, 2 AC PS, 1Fan",Hardware,CHASSIS,Others,Others,,1,4/1/22,3/31/23,2023,2023 Q3,SNT,204690491,7/30/16,2016,2016 Q4,8/24/22,11/22/26,8/24/23,8/31/27,2028,2028 Q1,Y,ENTERGY CORPORATION,181149,ENTERGY SERVICES INC,26853,ENTERGY SERVICES INC,888373,"Entergy Services, Inc.",2000585304,1340 ECHELON PKWY,JACKSON,MS,Minor,33923.1
FOX2018G8LD,COVERED,ACTIVE,Data Center Networking,NX2/4/5/6K,N2000,N2248TP-E-FA-BUN,"Standard Airflow packN2K-C2248TP-E-1GE, 2 AC PS, 1Fan",Hardware,CHASSIS,Others,Others,,1,4/1/24,3/31/26,2026,2026 Q3,SNT,205483789,7/30/16,2016,2016 Q4,8/24/22,11/22/26,8/24/23,8/31/27,2028,2028 Q1,Y,ENTERGY CORPORATION,181149,ENTERGY SERVICES INC,26853,ENTERGY SERVICES INC,888373,"Entergy Services, Inc.",2000585304,1340 ECHELON PKWY,JACKSON,MS,Minor,33956.1
FOX2018G8LF,NOT COVERED,EXPIRED,Data Center Networking,NX2/4/5/6K,N2000,N2248TP-E-FA-BUN,"Standard Airflow packN2K-C2248TP-E-1GE, 2 AC PS, 1Fan",Hardware,CHASSIS,Others,Others,,1,4/1/22,3/31/23,2023,2023 Q3,SNT,204690491,7/30/16,2016,2016 Q4,8/24/22,11/22/26,8/24/23,8/31/27,2028,2028 Q1,Y,ENTERGY CORPORATION,181149,ENTERGY SERVICES INC,26853,ENTERGY SERVICES INC,888373,"Entergy Services, Inc.",2000585304,1340 ECHELON PKWY,JACKSON,MS,Minor,33899.1
FOX2018G8LJ,NOT COVERED,EXPIRED,Data Center Networking,NX2/4/5/6K,N2000,N2248TP-E-FA-BUN,"Standard Airflow packN2K-C2248TP-E-1GE, 2 AC PS, 1Fan",Hardware,CHASSIS,Others,Others,,1,7/30/16,7/29/21,2021,2021 Q4,SNT,92058507,7/30/16,2016,2016 Q4,8/24/22,11/22/26,8/24/23,8/31/27,2028,2028 Q1,Y,ENTERGY CORPORATION,181149,ENTERGY SERVICES INC,26853,ENTERGY SERVICES INC,888373,"Entergy Services, Inc.",2000585304,1340 ECHELON PKWY,JACKSON,MS,Minor,33900.1
FOX2018G8LM,COVERED,ACTIVE,Data Center Networking,NX2/4/5/6K,N2000,N2248TP-E-FA-BUN,"Standard Airflow packN2K-C2248TP-E-1GE, 2 AC PS, 1Fan",Hardware,CHASSIS,Others,Others,,1,4/1/24,3/31/26,2026,2026 Q3,SNT,205483789,7/30/16,2016,2016 Q4,8/24/22,11/22/26,8/24/23,8/31/27,2028,2028 Q1,Y,ENTERGY CORPORATION,181149,ENTERGY SERVICES INC,26853,ENTERGY SERVICES INC,888373,"Entergy Services, Inc.",2000585304,1340 ECHELON PKWY,JACKSON,MS,Minor,33913.1
FOX2018G8LT,COVERED,ACTIVE,Data Center Networking,NX2/4/5/6K,N2000,N2248TP-E-FA-BUN,"Standard Airflow packN2K-C2248TP-E-1GE, 2 AC PS, 1Fan",Hardware,CHASSIS,Others,Others,,1,4/1/24,3/31/26,2026,2026 Q3,SNT,205483789,7/30/16,2016,2016 Q4,8/24/22,11/22/26,8/24/23,8/31/27,2028,2028 Q1,Y,ENTERGY CORPORATION,181149,ENTERGY SERVICES INC,26853,ENTERGY SERVICES INC,888373,"Entergy Services, Inc.",2000585304,1340 ECHELON PKWY,JACKSON,MS,Minor,33893.1
FOX2018G8LW,COVERED,ACTIVE,Data Center Networking,NX2/4/5/6K,N2000,N2248TP-E-FA-BUN,"Standard Airflow packN2K-C2248TP-E-1GE, 2 AC PS, 1Fan",Hardware,CHASSIS,Others,Others,,1,4/1/24,3/31/26,2026,2026 Q3,SNT,205483789,7/30/16,2016,2016 Q4,8/24/22,11/22/26,8/24/23,8/31/27,2028,2028 Q1,Y,ENTERGY CORPORATION,181149,ENTERGY SERVICES INC,26853,ENTERGY SERVICES INC,888373,"Entergy Services, Inc.",2000585304,1340 ECHELON PKWY,JACKSON,MS,Minor,33904.1
FOX2018G8LX,COVERED,ACTIVE,Data Center Networking,NX2/4/5/6K,N2000,N2248TP-E-FA-BUN,"Standard Airflow packN2K-C2248TP-E-1GE, 2 AC PS, 1Fan",Hardware,CHASSIS,Others,Others,,1,4/1/24,3/31/26,2026,2026 Q3,SNT,205483789,7/30/16,2016,2016 Q4,8/24/22,11/22/26,8/24/23,8/31/27,2028,2028 Q1,Y,ENTERGY CORPORATION,181149,ENTERGY SERVICES INC,26853,ENTERGY SERVICES INC,888373,"Entergy Services, Inc.",2000585304,1340 ECHELON PKWY,JACKSON,MS,Minor,33914.1
FOX2018G8M6,NOT COVERED,EXPIRED,Data Center Networking,NX2/4/5/6K,N2000,N2248TP-E-FA-BUN,"Standard Airflow packN2K-C2248TP-E-1GE, 2 AC PS, 1Fan",Hardware,CHASSIS,Others,Others,,1,4/1/22,3/31/23,2023,2023 Q3,SNT,204690491,7/30/16,2016,2016 Q4,8/24/22,11/22/26,8/24/23,8/31/27,2028,2028 Q1,Y,ENTERGY CORPORATION,181149,ENTERGY SERVICES INC,26853,ENTERGY SERVICES INC,888373,"Entergy Services, Inc.",2000585304,1340 ECHELON PKWY,JACKSON,MS,Minor,33901.1
FOX2018G8M8,NOT COVERED,EXPIRED,Data Center Networking,NX2/4/5/6K,N2000,N2248TP-E-FA-BUN,"Standard Airflow packN2K-C2248TP-E-1GE, 2 AC PS, 1Fan",Hardware,CHASSIS,Others,Others,,1,4/1/23,3/31/24,2024,2024 Q3,SNT,205483789,7/30/16,2016,2016 Q4,8/24/22,11/22/26,8/24/23,8/31/27,2028,2028 Q1,Y,ENTERGY CORPORATION,181149,ENTERGY SERVICES INC,26853,ENTERGY SERVICES INC,888373,"Entergy Services, Inc.",2000585304,1340 ECHELON PKWY,JACKSON,MS,Minor,33909.1
FOX2018G8MA,NOT COVERED,EXPIRED,Data Center Networking,NX2/4/5/6K,N2000,N2248TP-E-FA-BUN,"Standard Airflow packN2K-C2248TP-E-1GE, 2 AC PS, 1Fan",Hardware,CHASSIS,Others,Others,,1,4/1/22,3/31/23,2023,2023 Q3,SNT,204690491,7/30/16,2016,2016 Q4,8/24/22,11/22/26,8/24/23,8/31/27,2028,2028 Q1,Y,ENTERGY CORPORATION,181149,ENTERGY SERVICES INC,26853,ENTERGY SERVICES INC,888373,"Entergy Services, Inc.",2000585304,1340 ECHELON PKWY,JACKSON,MS,Minor,33960.1
FOX2018G8MB,NOT COVERED,EXPIRED,Data Center Networking,NX2/4/5/6K,N2000,N2248TP-E-FA-BUN,"Standard Airflow packN2K-C2248TP-E-1GE, 2 AC PS, 1Fan",Hardware,CHASSIS,Others,Others,,1,4/1/22,3/31/23,2023,2023 Q3,SNT,204690491,7/30/16,2016,2016 Q4,8/24/22,11/22/26,8/24/23,8/31/27,2028,2028 Q1,Y,ENTERGY CORPORATION,181149,ENTERGY SERVICES INC,26853,ENTERGY SERVICES INC,888373,"Entergy Services, Inc.",2000585304,1340 ECHELON PKWY,JACKSON,MS,Minor,33888.1
FOX2018G8MF,COVERED,ACTIVE,Data Center Networking,NX2/4/5/6K,N2000,N2248TP-E-FA-BUN,"Standard Airflow packN2K-C2248TP-E-1GE, 2 AC PS, 1Fan",Hardware,CHASSIS,Others,Others,,1,4/1/24,3/31/26,2026,2026 Q3,SNT,205483789,7/30/16,2016,2016 Q4,8/24/22,11/22/26,8/24/23,8/31/27,2028,2028 Q1,Y,ENTERGY CORPORATION,181149,ENTERGY SERVICES INC,26853,ENTERGY SERVICES INC,888373,"Entergy Services, Inc.",2000585304,1340 ECHELON PKWY,JACKSON,MS,Minor,33907.1
FOX2018G8NF,COVERED,ACTIVE,Data Center Networking,NX2/4/5/6K,N2000,N2248TP-E-FA-BUN,"Standard Airflow packN2K-C2248TP-E-1GE, 2 AC PS, 1Fan",Hardware,CHASSIS,Others,Others,,1,4/1/24,3/31/26,2026,2026 Q3,SNT,205483789,7/30/16,2016,2016 Q4,8/24/22,11/22/26,8/24/23,8/31/27,2028,2028 Q1,Y,ENTERGY CORPORATION,181149,ENTERGY SERVICES INC,26853,ENTERGY SERVICES INC,888373,"Entergy Services, Inc.",2000585304,1340 ECHELON PKWY,JACKSON,MS,Minor,33905.1
FOX2018G8NM,NOT COVERED,EXPIRED,Data Center Networking,NX2/4/5/6K,N2000,N2248TP-E-FA-BUN,"Standard Airflow packN2K-C2248TP-E-1GE, 2 AC PS, 1Fan",Hardware,CHASSIS,Others,Others,,1,4/1/22,3/31/23,2023,2023 Q3,SNT,204690491,7/30/16,2016,2016 Q4,8/24/22,11/22/26,8/24/23,8/31/27,2028,2028 Q1,Y,ENTERGY CORPORATION,181149,ENTERGY SERVICES INC,26853,ENTERGY SERVICES INC,888373,"Entergy Services, Inc.",2000585304,1340 ECHELON PKWY,JACKSON,MS,Minor,33895.1
FOX2018G8NQ,NOT COVERED,EXPIRED,Data Center Networking,NX2/4/5/6K,N2000,N2248TP-E-FA-BUN,"Standard Airflow packN2K-C2248TP-E-1GE, 2 AC PS, 1Fan",Hardware,CHASSIS,Others,Others,,1,4/1/22,3/31/23,2023,2023 Q3,SNT,204690491,7/30/16,2016,2016 Q4,8/24/22,11/22/26,8/24/23,8/31/27,2028,2028 Q1,Y,ENTERGY CORPORATION,181149,ENTERGY SERVICES INC,26853,ENTERGY SERVICES INC,888373,"Entergy Services, Inc.",2000585304,1340 ECHELON PKWY,JACKSON,MS,Minor,33890.1
FOX2018G8RP,COVERED,ACTIVE,Data Center Networking,NX2/4/5/6K,N2000,N2248TP-E-FA-BUN,"Standard Airflow packN2K-C2248TP-E-1GE, 2 AC PS, 1Fan",Hardware,CHASSIS,Others,Others,,1,4/1/24,3/31/26,2026,2026 Q3,SNT,205483789,7/30/16,2016,2016 Q4,8/24/22,11/22/26,8/24/23,8/31/27,2028,2028 Q1,Y,ENTERGY CORPORATION,181149,ENTERGY SERVICES INC,26853,ENTERGY SERVICES INC,888373,"Entergy Services, Inc.",2000585304,1340 ECHELON PKWY,JACKSON,MS,Minor,33911.1
FOX2018G8SN,COVERED,ACTIVE,Data Center Networking,NX2/4/5/6K,N2000,N2248TP-E-FA-BUN,"Standard Airflow packN2K-C2248TP-E-1GE, 2 AC PS, 1Fan",Hardware,CHASSIS,Others,Others,,1,4/1/23,3/31/26,2026,2026 Q3,SNT,205483789,7/30/16,2016,2016 Q4,8/24/22,11/22/26,8/24/23,8/31/27,2028,2028 Q1,Y,ENTERGY CORPORATION,181149,ENTERGY SERVICES INC,26853,ENTERGY SERVICES INC,888373,"Entergy Services, Inc.",2000585304,1340 ECHELON PKWY,JACKSON,MS,Minor,33966.1
FOX2019G46Z,NOT COVERED,EXPIRED,Data Center Networking,NX2/4/5/6K,N2000,N2248TP-E-FA-BUN,"Standard Airflow packN2K-C2248TP-E-1GE, 2 AC PS, 1Fan",Hardware,CHASSIS,Others,Others,,1,4/1/22,3/31/23,2023,2023 Q3,SNT,204690491,7/30/16,2016,2016 Q4,8/24/22,11/22/26,8/24/23,8/31/27,2028,2028 Q1,Y,ENTERGY CORPORATION,181149,ENTERGY SERVICES INC,26853,ENTERGY SERVICES INC,888373,"Entergy Services, Inc.",2000585304,1340 ECHELON PKWY,JACKSON,MS,Minor,33926.1
FOX2019G470,COVERED,ACTIVE,Data Center Networking,NX2/4/5/6K,N2000,N2248TP-E-FA-BUN,"Standard Airflow packN2K-C2248TP-E-1GE, 2 AC PS, 1Fan",Hardware,CHASSIS,Others,Others,,1,4/1/23,3/31/26,2026,2026 Q3,SNT,205483789,7/30/16,2016,2016 Q4,8/24/22,11/22/26,8/24/23,8/31/27,2028,2028 Q1,Y,ENTERGY CORPORATION,181149,ENTERGY SERVICES INC,26853,ENTERGY SERVICES INC,888373,"Entergy Services, Inc.",2000585304,1340 ECHELON PKWY,JACKSON,MS,Minor,33920.1
FOX2019G471,NOT COVERED,EXPIRED,Data Center Networking,NX2/4/5/6K,N2000,N2248TP-E-FA-BUN,"Standard Airflow packN2K-C2248TP-E-1GE, 2 AC PS, 1Fan",Hardware,CHASSIS,Others,Others,,1,4/1/22,3/31/23,2023,2023 Q3,SNT,204690491,7/30/16,2016,2016 Q4,8/24/22,11/22/26,8/24/23,8/31/27,2028,2028 Q1,Y,ENTERGY CORPORATION,181149,ENTERGY SERVICES INC,26853,ENTERGY SERVICES INC,888373,"Entergy Services, Inc.",2000585304,1340 ECHELON PKWY,JACKSON,MS,Minor,33898.1
FOX2019G473,COVERED,ACTIVE,Data Center Networking,NX2/4/5/6K,N2000,N2248TP-E-FA-BUN,"Standard Airflow packN2K-C2248TP-E-1GE, 2 AC PS, 1Fan",Hardware,CHASSIS,Others,Others,,1,4/1/23,3/31/26,2026,2026 Q3,SNT,205483789,7/30/16,2016,2016 Q4,8/24/22,11/22/26,8/24/23,8/31/27,2028,2028 Q1,Y,ENTERGY CORPORATION,181149,ENTERGY SERVICES INC,26853,ENTERGY SERVICES INC,888373,"Entergy Services, Inc.",2000585304,1340 ECHELON PKWY,JACKSON,MS,Minor,33889.1
FOX2019G474,COVERED,ACTIVE,Data Center Networking,NX2/4/5/6K,N2000,N2248TP-E-FA-BUN,"Standard Airflow packN2K-C2248TP-E-1GE, 2 AC PS, 1Fan",Hardware,CHASSIS,Others,Others,,1,4/1/24,3/31/26,2026,2026 Q3,SNT,205483789,7/30/16,2016,2016 Q4,8/24/22,11/22/26,8/24/23,8/31/27,2028,2028 Q1,Y,ENTERGY CORPORATION,181149,ENTERGY SERVICES INC,26853,ENTERGY SERVICES INC,888373,"Entergy Services, Inc.",2000585304,1340 ECHELON PKWY,JACKSON,MS,Minor,33902.1
FOX2020G8F7,NOT COVERED,EXPIRED,Data Center Networking,NX2/4/5/6K,N2000,N2248TP-E-FA-BUN,"Standard Airflow packN2K-C2248TP-E-1GE, 2 AC PS, 1Fan",Hardware,CHASSIS,Others,Others,,1,4/1/22,3/31/23,2023,2023 Q3,SNT,204690491,7/30/16,2016,2016 Q4,8/24/22,11/22/26,8/24/23,8/31/27,2028,2028 Q1,Y,ENTERGY CORPORATION,181149,ENTERGY SERVICES INC,26853,ENTERGY SERVICES INC,888373,"Entergy Services, Inc.",2000585304,1340 ECHELON PKWY,JACKSON,MS,Minor,33939.1
FOX2020G8FP,COVERED,ACTIVE,Data Center Networking,NX2/4/5/6K,N2000,N2248TP-E-FA-BUN,"Standard Airflow packN2K-C2248TP-E-1GE, 2 AC PS, 1Fan",Hardware,CHASSIS,Others,Others,,1,4/1/23,3/31/26,2026,2026 Q3,SNT,205483789,7/30/16,2016,2016 Q4,8/24/22,11/22/26,8/24/23,8/31/27,2028,2028 Q1,Y,ENTERGY CORPORATION,181149,ENTERGY SERVICES INC,26853,ENTERGY SERVICES INC,888373,"Entergy Services, Inc.",2000585304,1340 ECHELON PKWY,JACKSON,MS,Minor,33892.1
FOX2020G8FQ,COVERED,ACTIVE,Data Center Networking,NX2/4/5/6K,N2000,N2248TP-E-FA-BUN,"Standard Airflow packN2K-C2248TP-E-1GE, 2 AC PS, 1Fan",Hardware,CHASSIS,Others,Others,,1,4/1/23,3/31/26,2026,2026 Q3,SNT,205483789,7/30/16,2016,2016 Q4,8/24/22,11/22/26,8/24/23,8/31/27,2028,2028 Q1,Y,ENTERGY CORPORATION,181149,ENTERGY SERVICES INC,26853,ENTERGY SERVICES INC,888373,"Entergy Services, Inc.",2000585304,1340 ECHELON PKWY,JACKSON,MS,Minor,33957.1
FOX2020G8FZ,COVERED,ACTIVE,Data Center Networking,NX2/4/5/6K,N2000,N2248TP-E-FA-BUN,"Standard Airflow packN2K-C2248TP-E-1GE, 2 AC PS, 1Fan",Hardware,CHASSIS,Others,Others,,1,4/1/23,3/31/26,2026,2026 Q3,SNT,205483789,7/30/16,2016,2016 Q4,8/24/22,11/22/26,8/24/23,8/31/27,2028,2028 Q1,Y,ENTERGY CORPORATION,181149,ENTERGY SERVICES INC,26853,ENTERGY SERVICES INC,888373,"Entergy Services, Inc.",2000585304,1340 ECHELON PKWY,JACKSON,MS,Minor,33924.1
FOX2020GCRH,COVERED,ACTIVE,Data Center Networking,NX2/4/5/6K,N2000,N2248TP-E-FA-BUN,"Standard Airflow packN2K-C2248TP-E-1GE, 2 AC PS, 1Fan",Hardware,CHASSIS,Others,Others,,1,4/1/23,3/31/26,2026,2026 Q3,SNT,205483789,7/30/16,2016,2016 Q4,8/24/22,11/22/26,8/24/23,8/31/27,2028,2028 Q1,Y,ENTERGY CORPORATION,181149,ENTERGY SERVICES INC,26853,ENTERGY SERVICES INC,888373,"Entergy Services, Inc.",2000585304,1340 ECHELON PKWY,JACKSON,MS,Minor,33946.1
N/A,NOT COVERED,EXPIRED,Data Center Networking,NX2/4/5/6K,N2000,N2K-C2248TP-E,"N2K-C2248TP-E-1GE (48x100/1000-T+4x10GE), airflow/PS option",Hardware,CHASSIS,Others,Others,,1,4/1/22,3/31/23,2023,2023 Q3,SNT,204690491,7/30/16,2016,2016 Q4,8/24/22,11/22/26,8/24/23,8/31/27,2028,2028 Q1,Y,ENTERGY CORPORATION,181149,ENTERGY SERVICES INC,26853,ENTERGY SERVICES INC,888373,"Entergy Services, Inc.",2000585304,1340 ECHELON PKWY,JACKSON,MS,Major,33888
N/A,COVERED,ACTIVE,Data Center Networking,NX2/4/5/6K,N2000,N2K-C2248TP-E,"N2K-C2248TP-E-1GE (48x100/1000-T+4x10GE), airflow/PS option",Hardware,CHASSIS,Others,Others,,1,4/1/23,3/31/26,2026,2026 Q3,SNT,205483789,7/30/16,2016,2016 Q4,8/24/22,11/22/26,8/24/23,8/31/27,2028,2028 Q1,Y,ENTERGY CORPORATION,181149,ENTERGY SERVICES INC,26853,ENTERGY SERVICES INC,888373,"Entergy Services, Inc.",2000585304,1340 ECHELON PKWY,JACKSON,MS,Major,33889
N/A,COVERED,ACTIVE,Data Center Networking,NX2/4/5/6K,N2000,N2K-C2248TP-E,"N2K-C2248TP-E-1GE (48x100/1000-T+4x10GE), airflow/PS option",Hardware,CHASSIS,Others,Others,,1,4/1/23,3/31/26,2026,2026 Q3,SNT,205483789,7/30/16,2016,2016 Q4,8/24/22,11/22/26,8/24/23,8/31/27,2028,2028 Q1,Y,ENTERGY CORPORATION,181149,ENTERGY SERVICES INC,26853,ENTERGY SERVICES INC,888373,"Entergy Services, Inc.",2000585304,1340 ECHELON PKWY,JACKSON,MS,Major,33890
N/A,NOT COVERED,EXPIRED,Data Center Networking,NX2/4/5/6K,N2000,N2K-C2248TP-E,"N2K-C2248TP-E-1GE (48x100/1000-T+4x10GE), airflow/PS option",Hardware,CHASSIS,Others,Others,,1,7/30/16,7/29/21,2021,2021 Q4,SNT,92058507,7/30/16,2016,2016 Q4,8/24/22,11/22/26,8/24/23,8/31/27,2028,2028 Q1,Y,ENTERGY CORPORATION,181149,ENTERGY SERVICES INC,26853,ENTERGY SERVICES INC,888373,"Entergy Services, Inc.",2000585304,1340 ECHELON PKWY,JACKSON,MS,Major,33891
N/A,COVERED,ACTIVE,Data Center Networking,NX2/4/5/6K,N2000,N2K-C2248TP-E,"N2K-C2248TP-E-1GE (48x100/1000-T+4x10GE), airflow/PS option",Hardware,CHASSIS,Others,Others,,1,4/1/23,3/31/26,2026,2026 Q3,SNT,205483789,7/30/16,2016,2016 Q4,8/24/22,11/22/26,8/24/23,8/31/27,2028,2028 Q1,Y,ENTERGY CORPORATION,181149,ENTERGY SERVICES INC,26853,ENTERGY SERVICES INC,888373,"Entergy Services, Inc.",2000585304,1340 ECHELON PKWY,JACKSON,MS,Major,33892
N/A,COVERED,ACTIVE,Data Center Networking,NX2/4/5/6K,N2000,N2K-C2248TP-E,"N2K-C2248TP-E-1GE (48x100/1000-T+4x10GE), airflow/PS option",Hardware,CHASSIS,Others,Others,,1,4/1/24,3/31/26,2026,2026 Q3,SNT,205483789,7/30/16,2016,2016 Q4,8/24/22,11/22/26,8/24/23,8/31/27,2028,2028 Q1,Y,ENTERGY CORPORATION,181149,ENTERGY SERVICES INC,26853,ENTERGY SERVICES INC,888373,"Entergy Services, Inc.",2000585304,1340 ECHELON PKWY,JACKSON,MS,Major,33893
N/A,COVERED,ACTIVE,Data Center Networking,NX2/4/5/6K,N2000,N2K-C2248TP-E,"N2K-C2248TP-E-1GE (48x100/1000-T+4x10GE), airflow/PS option",Hardware,CHASSIS,Others,Others,,1,4/1/23,3/31/26,2026,2026 Q3,SNT,205483789,7/30/16,2016,2016 Q4,8/24/22,11/22/26,8/24/23,8/31/27,2028,2028 Q1,Y,ENTERGY CORPORATION,181149,ENTERGY SERVICES INC,26853,ENTERGY SERVICES INC,888373,"Entergy Services, Inc.",2000585304,1340 ECHELON PKWY,JACKSON,MS,Major,33894
N/A,COVERED,ACTIVE,Data Center Networking,NX2/4/5/6K,N2000,N2K-C2248TP-E,"N2K-C2248TP-E-1GE (48x100/1000-T+4x10GE), airflow/PS option",Hardware,CHASSIS,Others,Others,,1,4/1/23,3/31/26,2026,2026 Q3,SNT,205483789,7/30/16,2016,2016 Q4,8/24/22,11/22/26,8/24/23,8/31/27,2028,2028 Q1,Y,ENTERGY CORPORATION,181149,ENTERGY SERVICES INC,26853,ENTERGY SERVICES INC,888373,"Entergy Services, Inc.",2000585304,1340 ECHELON PKWY,JACKSON,MS,Major,33895
N/A,COVERED,ACTIVE,Data Center Networking,NX2/4/5/6K,N2000,N2K-C2248TP-E,"N2K-C2248TP-E-1GE (48x100/1000-T+4x10GE), airflow/PS option",Hardware,CHASSIS,Others,Others,,1,4/1/23,3/31/26,2026,2026 Q3,SNT,205483789,7/30/16,2016,2016 Q4,8/24/22,11/22/26,8/24/23,8/31/27,2028,2028 Q1,Y,ENTERGY CORPORATION,181149,ENTERGY SERVICES INC,26853,ENTERGY SERVICES INC,888373,"Entergy Services, Inc.",2000585304,1340 ECHELON PKWY,JACKSON,MS,Major,33896
N/A,COVERED,ACTIVE,Data Center Networking,NX2/4/5/6K,N2000,N2K-C2248TP-E,"N2K-C2248TP-E-1GE (48x100/1000-T+4x10GE), airflow/PS option",Hardware,CHASSIS,Others,Others,,1,4/1/23,3/31/26,2026,2026 Q3,SNT,205483789,7/30/16,2016,2016 Q4,8/24/22,11/22/26,8/24/23,8/31/27,2028,2028 Q1,Y,ENTERGY CORPORATION,181149,ENTERGY SERVICES INC,26853,ENTERGY SERVICES INC,888373,"Entergy Services, Inc.",2000585304,1340 ECHELON PKWY,JACKSON,MS,Major,33897
N/A,COVERED,ACTIVE,Data Center Networking,NX2/4/5/6K,N2000,N2K-C2248TP-E,"N2K-C2248TP-E-1GE (48x100/1000-T+4x10GE), airflow/PS option",Hardware,CHASSIS,Others,Others,,1,4/1/23,3/31/26,2026,2026 Q3,SNT,205483789,7/30/16,2016,2016 Q4,8/24/22,11/22/26,8/24/23,8/31/27,2028,2028 Q1,Y,ENTERGY CORPORATION,181149,ENTERGY SERVICES INC,26853,ENTERGY SERVICES INC,888373,"Entergy Services, Inc.",2000585304,1340 ECHELON PKWY,JACKSON,MS,Major,33898
N/A,NOT COVERED,EXPIRED,Data Center Networking,NX2/4/5/6K,N2000,N2K-C2248TP-E,"N2K-C2248TP-E-1GE (48x100/1000-T+4x10GE), airflow/PS option",Hardware,CHASSIS,Others,Others,,1,4/1/22,3/31/23,2023,2023 Q3,SNT,204690491,7/30/16,2016,2016 Q4,8/24/22,11/22/26,8/24/23,8/31/27,2028,2028 Q1,Y,ENTERGY CORPORATION,181149,ENTERGY SERVICES INC,26853,ENTERGY SERVICES INC,888373,"Entergy Services, Inc.",2000585304,1340 ECHELON PKWY,JACKSON,MS,Major,33899
N/A,NOT COVERED,EXPIRED,Data Center Networking,NX2/4/5/6K,N2000,N2K-C2248TP-E,"N2K-C2248TP-E-1GE (48x100/1000-T+4x10GE), airflow/PS option",Hardware,CHASSIS,Others,Others,,1,7/30/16,7/29/21,2021,2021 Q4,SNT,92058507,7/30/16,2016,2016 Q4,8/24/22,11/22/26,8/24/23,8/31/27,2028,2028 Q1,Y,ENTERGY CORPORATION,181149,ENTERGY SERVICES INC,26853,ENTERGY SERVICES INC,888373,"Entergy Services, Inc.",2000585304,1340 ECHELON PKWY,JACKSON,MS,Major,33900
N/A,COVERED,ACTIVE,Data Center Networking,NX2/4/5/6K,N2000,N2K-C2248TP-E,"N2K-C2248TP-E-1GE (48x100/1000-T+4x10GE), airflow/PS option",Hardware,CHASSIS,Others,Others,,1,4/1/23,3/31/26,2026,2026 Q3,SNT,205483789,7/30/16,2016,2016 Q4,8/24/22,11/22/26,8/24/23,8/31/27,2028,2028 Q1,Y,ENTERGY CORPORATION,181149,ENTERGY SERVICES INC,26853,ENTERGY SERVICES INC,888373,"Entergy Services, Inc.",2000585304,1340 ECHELON PKWY,JACKSON,MS,Major,33901
N/A,COVERED,ACTIVE,Data Center Networking,NX2/4/5/6K,N2000,N2K-C2248TP-E,"N2K-C2248TP-E-1GE (48x100/1000-T+4x10GE), airflow/PS option",Hardware,CHASSIS,Others,Others,,1,4/1/24,3/31/26,2026,2026 Q3,SNT,205483789,7/30/16,2016,2016 Q4,8/24/22,11/22/26,8/24/23,8/31/27,2028,2028 Q1,Y,ENTERGY CORPORATION,181149,ENTERGY SERVICES INC,26853,ENTERGY SERVICES INC,888373,"Entergy Services, Inc.",2000585304,1340 ECHELON PKWY,JACKSON,MS,Major,33902
N/A,COVERED,ACTIVE,Data Center Networking,NX2/4/5/6K,N2000,N2K-C2248TP-E,"N2K-C2248TP-E-1GE (48x100/1000-T+4x10GE), airflow/PS option",Hardware,CHASSIS,Others,Others,,1,4/1/24,3/31/26,2026,2026 Q3,SNT,205483789,7/30/16,2016,2016 Q4,8/24/22,11/22/26,8/24/23,8/31/27,2028,2028 Q1,Y,ENTERGY CORPORATION,181149,ENTERGY SERVICES INC,26853,ENTERGY SERVICES INC,888373,"Entergy Services, Inc.",2000585304,1340 ECHELON PKWY,JACKSON,MS,Major,33903
N/A,COVERED,ACTIVE,Data Center Networking,NX2/4/5/6K,N2000,N2K-C2248TP-E,"N2K-C2248TP-E-1GE (48x100/1000-T+4x10GE), airflow/PS option",Hardware,CHASSIS,Others,Others,,1,4/1/24,3/31/26,2026,2026 Q3,SNT,205483789,7/30/16,2016,2016 Q4,8/24/22,11/22/26,8/24/23,8/31/27,2028,2028 Q1,Y,ENTERGY CORPORATION,181149,ENTERGY SERVICES INC,26853,ENTERGY SERVICES INC,888373,"Entergy Services, Inc.",2000585304,1340 ECHELON PKWY,JACKSON,MS,Major,33904
N/A,COVERED,ACTIVE,Data Center Networking,NX2/4/5/6K,N2000,N2K-C2248TP-E,"N2K-C2248TP-E-1GE (48x100/1000-T+4x10GE), airflow/PS option",Hardware,CHASSIS,Others,Others,,1,4/1/24,3/31/26,2026,2026 Q3,SNT,205483789,7/30/16,2016,2016 Q4,8/24/22,11/22/26,8/24/23,8/31/27,2028,2028 Q1,Y,ENTERGY CORPORATION,181149,ENTERGY SERVICES INC,26853,ENTERGY SERVICES INC,888373,"Entergy Services, Inc.",2000585304,1340 ECHELON PKWY,JACKSON,MS,Major,33905
N/A,COVERED,ACTIVE,Data Center Networking,NX2/4/5/6K,N2000,N2K-C2248TP-E,"N2K-C2248TP-E-1GE (48x100/1000-T+4x10GE), airflow/PS option",Hardware,CHASSIS,Others,Others,,1,4/1/23,3/31/26,2026,2026 Q3,SNT,205483789,7/30/16,2016,2016 Q4,8/24/22,11/22/26,8/24/23,8/31/27,2028,2028 Q1,Y,ENTERGY CORPORATION,181149,ENTERGY SERVICES INC,26853,ENTERGY SERVICES INC,888373,"Entergy Services, Inc.",2000585304,1340 ECHELON PKWY,JACKSON,MS,Major,33906
N/A,COVERED,ACTIVE,Data Center Networking,NX2/4/5/6K,N2000,N2K-C2248TP-E,"N2K-C2248TP-E-1GE (48x100/1000-T+4x10GE), airflow/PS option",Hardware,CHASSIS,Others,Others,,1,4/1/24,3/31/26,2026,2026 Q3,SNT,205483789,7/30/16,2016,2016 Q4,8/24/22,11/22/26,8/24/23,8/31/27,2028,2028 Q1,Y,ENTERGY CORPORATION,181149,ENTERGY SERVICES INC,26853,ENTERGY SERVICES INC,888373,"Entergy Services, Inc.",2000585304,1340 ECHELON PKWY,JACKSON,MS,Major,33907
N/A,COVERED,ACTIVE,Data Center Networking,NX2/4/5/6K,N2000,N2K-C2248TP-E,"N2K-C2248TP-E-1GE (48x100/1000-T+4x10GE), airflow/PS option",Hardware,CHASSIS,Others,Others,,1,4/1/24,3/31/26,2026,2026 Q3,SNT,205483789,7/30/16,2016,2016 Q4,8/24/22,11/22/26,8/24/23,8/31/27,2028,2028 Q1,Y,ENTERGY CORPORATION,181149,ENTERGY SERVICES INC,26853,ENTERGY SERVICES INC,888373,"Entergy Services, Inc.",2000585304,1340 ECHELON PKWY,JACKSON,MS,Major,33908
N/A,COVERED,ACTIVE,Data Center Networking,NX2/4/5/6K,N2000,N2K-C2248TP-E,"N2K-C2248TP-E-1GE (48x100/1000-T+4x10GE), airflow/PS option",Hardware,CHASSIS,Others,Others,,1,4/1/24,3/31/26,2026,2026 Q3,SNT,205483789,7/30/16,2016,2016 Q4,8/24/22,11/22/26,8/24/23,8/31/27,2028,2028 Q1,Y,ENTERGY CORPORATION,181149,ENTERGY SERVICES INC,26853,ENTERGY SERVICES INC,888373,"Entergy Services, Inc.",2000585304,1340 ECHELON PKWY,JACKSON,MS,Major,33909
N/A,COVERED,ACTIVE,Data Center Networking,NX2/4/5/6K,N2000,N2K-C2248TP-E,"N2K-C2248TP-E-1GE (48x100/1000-T+4x10GE), airflow/PS option",Hardware,CHASSIS,Others,Others,,1,4/1/24,3/31/26,2026,2026 Q3,SNT,205483789,7/30/16,2016,2016 Q4,8/24/22,11/22/26,8/24/23,8/31/27,2028,2028 Q1,Y,ENTERGY CORPORATION,181149,ENTERGY SERVICES INC,26853,ENTERGY SERVICES INC,888373,"Entergy Services, Inc.",2000585304,1340 ECHELON PKWY,JACKSON,MS,Major,33910
N/A,COVERED,ACTIVE,Data Center Networking,NX2/4/5/6K,N2000,N2K-C2248TP-E,"N2K-C2248TP-E-1GE (48x100/1000-T+4x10GE), airflow/PS option",Hardware,CHASSIS,Others,Others,,1,4/1/24,3/31/26,2026,2026 Q3,SNT,205483789,7/30/16,2016,2016 Q4,8/24/22,11/22/26,8/24/23,8/31/27,2028,2028 Q1,Y,ENTERGY CORPORATION,181149,ENTERGY SERVICES INC,26853,ENTERGY SERVICES INC,888373,"Entergy Services, Inc.",2000585304,1340 ECHELON PKWY,JACKSON,MS,Major,33911
N/A,COVERED,ACTIVE,Data Center Networking,NX2/4/5/6K,N2000,N2K-C2248TP-E,"N2K-C2248TP-E-1GE (48x100/1000-T+4x10GE), airflow/PS option",Hardware,CHASSIS,Others,Others,,1,4/1/24,3/31/26,2026,2026 Q3,SNT,205483789,7/30/16,2016,2016 Q4,8/24/22,11/22/26,8/24/23,8/31/27,2028,2028 Q1,Y,ENTERGY CORPORATION,181149,ENTERGY SERVICES INC,26853,ENTERGY SERVICES INC,888373,"Entergy Services, Inc.",2000585304,1340 ECHELON PKWY,JACKSON,MS,Major,33912
N/A,COVERED,ACTIVE,Data Center Networking,NX2/4/5/6K,N2000,N2K-C2248TP-E,"N2K-C2248TP-E-1GE (48x100/1000-T+4x10GE), airflow/PS option",Hardware,CHASSIS,Others,Others,,1,4/1/24,3/31/26,2026,2026 Q3,SNT,205483789,7/30/16,2016,2016 Q4,8/24/22,11/22/26,8/24/23,8/31/27,2028,2028 Q1,Y,ENTERGY CORPORATION,181149,ENTERGY SERVICES INC,26853,ENTERGY SERVICES INC,888373,"Entergy Services, Inc.",2000585304,1340 ECHELON PKWY,JACKSON,MS,Major,33913
N/A,COVERED,ACTIVE,Data Center Networking,NX2/4/5/6K,N2000,N2K-C2248TP-E,"N2K-C2248TP-E-1GE (48x100/1000-T+4x10GE), airflow/PS option",Hardware,CHASSIS,Others,Others,,1,4/1/24,3/31/26,2026,2026 Q3,SNT,205483789,7/30/16,2016,2016 Q4,8/24/22,11/22/26,8/24/23,8/31/27,2028,2028 Q1,Y,ENTERGY CORPORATION,181149,ENTERGY SERVICES INC,26853,ENTERGY SERVICES INC,888373,"Entergy Services, Inc.",2000585304,1340 ECHELON PKWY,JACKSON,MS,Major,33914
N/A,COVERED,ACTIVE,Data Center Networking,NX2/4/5/6K,N2000,N2K-C2248TP-E,"N2K-C2248TP-E-1GE (48x100/1000-T+4x10GE), airflow/PS option",Hardware,CHASSIS,Others,Others,,1,4/1/24,3/31/26,2026,2026 Q3,SNT,205483789,7/30/16,2016,2016 Q4,8/24/22,11/22/26,8/24/23,8/31/27,2028,2028 Q1,Y,ENTERGY CORPORATION,181149,ENTERGY SERVICES INC,26853,ENTERGY SERVICES INC,888373,"Entergy Services, Inc.",2000585304,1340 ECHELON PKWY,JACKSON,MS,Major,33915
N/A,COVERED,ACTIVE,Data Center Networking,NX2/4/5/6K,N2000,N2K-C2248TP-E,"N2K-C2248TP-E-1GE (48x100/1000-T+4x10GE), airflow/PS option",Hardware,CHASSIS,Others,Others,,1,4/1/24,3/31/26,2026,2026 Q3,SNT,205483789,7/30/16,2016,2016 Q4,8/24/22,11/22/26,8/24/23,8/31/27,2028,2028 Q1,Y,ENTERGY CORPORATION,181149,ENTERGY SERVICES INC,26853,ENTERGY SERVICES INC,888373,"Entergy Services, Inc.",2000585304,1340 ECHELON PKWY,JACKSON,MS,Major,33916
N/A,COVERED,ACTIVE,Data Center Networking,NX2/4/5/6K,N2000,N2K-C2248TP-E,"N2K-C2248TP-E-1GE (48x100/1000-T+4x10GE), airflow/PS option",Hardware,CHASSIS,Others,Others,,1,4/1/24,3/31/26,2026,2026 Q3,SNT,205483789,7/30/16,2016,2016 Q4,8/24/22,11/22/26,8/24/23,8/31/27,2028,2028 Q1,Y,ENTERGY CORPORATION,181149,ENTERGY SERVICES INC,26853,ENTERGY SERVICES INC,888373,"Entergy Services, Inc.",2000585304,1340 ECHELON PKWY,JACKSON,MS,Major,33917
N/A,COVERED,ACTIVE,Data Center Networking,NX2/4/5/6K,N2000,N2K-C2248TP-E,"N2K-C2248TP-E-1GE (48x100/1000-T+4x10GE), airflow/PS option",Hardware,CHASSIS,Others,Others,,1,4/1/24,3/31/26,2026,2026 Q3,SNT,205483789,7/30/16,2016,2016 Q4,8/24/22,11/22/26,8/24/23,8/31/27,2028,2028 Q1,Y,ENTERGY CORPORATION,181149,ENTERGY SERVICES INC,26853,ENTERGY SERVICES INC,888373,"Entergy Services, Inc.",2000585304,1340 ECHELON PKWY,JACKSON,MS,Major,33918
N/A,COVERED,ACTIVE,Data Center Networking,NX2/4/5/6K,N2000,N2K-C2248TP-E,"N2K-C2248TP-E-1GE (48x100/1000-T+4x10GE), airflow/PS option",Hardware,CHASSIS,Others,Others,,1,4/1/23,3/31/26,2026,2026 Q3,SNT,205483789,7/30/16,2016,2016 Q4,8/24/22,11/22/26,8/24/23,8/31/27,2028,2028 Q1,Y,ENTERGY CORPORATION,181149,ENTERGY SERVICES INC,26853,ENTERGY SERVICES INC,888373,"Entergy Services, Inc.",2000585304,1340 ECHELON PKWY,JACKSON,MS,Major,33919
N/A,COVERED,ACTIVE,Data Center Networking,NX2/4/5/6K,N2000,N2K-C2248TP-E,"N2K-C2248TP-E-1GE (48x100/1000-T+4x10GE), airflow/PS option",Hardware,CHASSIS,Others,Others,,1,4/1/23,3/31/26,2026,2026 Q3,SNT,205483789,7/30/16,2016,2016 Q4,8/24/22,11/22/26,8/24/23,8/31/27,2028,2028 Q1,Y,ENTERGY CORPORATION,181149,ENTERGY SERVICES INC,26853,ENTERGY SERVICES INC,888373,"Entergy Services, Inc.",2000585304,1340 ECHELON PKWY,JACKSON,MS,Major,33920
N/A,COVERED,ACTIVE,Data Center Networking,NX2/4/5/6K,N2000,N2K-C2248TP-E,"N2K-C2248TP-E-1GE (48x100/1000-T+4x10GE), airflow/PS option",Hardware,CHASSIS,Others,Others,,1,4/1/23,3/31/26,2026,2026 Q3,SNT,205483789,7/30/16,2016,2016 Q4,8/24/22,11/22/26,8/24/23,8/31/27,2028,2028 Q1,Y,ENTERGY CORPORATION,181149,ENTERGY SERVICES INC,26853,ENTERGY SERVICES INC,888373,"Entergy Services, Inc.",2000585304,1340 ECHELON PKWY,JACKSON,MS,Major,33921
N/A,COVERED,ACTIVE,Data Center Networking,NX2/4/5/6K,N2000,N2K-C2248TP-E,"N2K-C2248TP-E-1GE (48x100/1000-T+4x10GE), airflow/PS option",Hardware,CHASSIS,Others,Others,,1,4/1/24,3/31/26,2026,2026 Q3,SNT,205483789,7/30/16,2016,2016 Q4,8/24/22,11/22/26,8/24/23,8/31/27,2028,2028 Q1,Y,ENTERGY CORPORATION,181149,ENTERGY SERVICES INC,26853,ENTERGY SERVICES INC,888373,"Entergy Services, Inc.",2000585304,1340 ECHELON PKWY,JACKSON,MS,Major,33922
N/A,NOT COVERED,EXPIRED,Data Center Networking,NX2/4/5/6K,N2000,N2K-C2248TP-E,"N2K-C2248TP-E-1GE (48x100/1000-T+4x10GE), airflow/PS option",Hardware,CHASSIS,Others,Others,,1,4/1/22,3/31/23,2023,2023 Q3,SNT,204690491,7/30/16,2016,2016 Q4,8/24/22,11/22/26,8/24/23,8/31/27,2028,2028 Q1,Y,ENTERGY CORPORATION,181149,ENTERGY SERVICES INC,26853,ENTERGY SERVICES INC,888373,"Entergy Services, Inc.",2000585304,1340 ECHELON PKWY,JACKSON,MS,Major,33923
N/A,COVERED,ACTIVE,Data Center Networking,NX2/4/5/6K,N2000,N2K-C2248TP-E,"N2K-C2248TP-E-1GE (48x100/1000-T+4x10GE), airflow/PS option",Hardware,CHASSIS,Others,Others,,1,4/1/23,3/31/26,2026,2026 Q3,SNT,205483789,7/30/16,2016,2016 Q4,8/24/22,11/22/26,8/24/23,8/31/27,2028,2028 Q1,Y,ENTERGY CORPORATION,181149,ENTERGY SERVICES INC,26853,ENTERGY SERVICES INC,888373,"Entergy Services, Inc.",2000585304,1340 ECHELON PKWY,JACKSON,MS,Major,33924
N/A,COVERED,ACTIVE,Data Center Networking,NX2/4/5/6K,N2000,N2K-C2248TP-E,"N2K-C2248TP-E-1GE (48x100/1000-T+4x10GE), airflow/PS option",Hardware,CHASSIS,Others,Others,,1,4/1/23,3/31/26,2026,2026 Q3,SNT,205483789,7/30/16,2016,2016 Q4,8/24/22,11/22/26,8/24/23,8/31/27,2028,2028 Q1,Y,ENTERGY CORPORATION,181149,ENTERGY SERVICES INC,26853,ENTERGY SERVICES INC,888373,"Entergy Services, Inc.",2000585304,1340 ECHELON PKWY,JACKSON,MS,Major,33925
N/A,NOT COVERED,EXPIRED,Data Center Networking,NX2/4/5/6K,N2000,N2K-C2248TP-E,"N2K-C2248TP-E-1GE (48x100/1000-T+4x10GE), airflow/PS option",Hardware,CHASSIS,Others,Others,,1,4/1/22,3/31/23,2023,2023 Q3,SNT,204690491,7/30/16,2016,2016 Q4,8/24/22,11/22/26,8/24/23,8/31/27,2028,2028 Q1,Y,ENTERGY CORPORATION,181149,ENTERGY SERVICES INC,26853,ENTERGY SERVICES INC,888373,"Entergy Services, Inc.",2000585304,1340 ECHELON PKWY,JACKSON,MS,Major,33926
N/A,COVERED,ACTIVE,Data Center Networking,NX2/4/5/6K,N2000,N2K-C2248TP-E,"N2K-C2248TP-E-1GE (48x100/1000-T+4x10GE), airflow/PS option",Hardware,CHASSIS,Others,Others,,1,4/1/23,3/31/26,2026,2026 Q3,SNT,205483789,7/30/16,2016,2016 Q4,8/24/22,11/22/26,8/24/23,8/31/27,2028,2028 Q1,Y,ENTERGY CORPORATION,181149,ENTERGY SERVICES INC,26853,ENTERGY SERVICES INC,888373,"Entergy Services, Inc.",2000585304,1340 ECHELON PKWY,JACKSON,MS,Major,33927
N/A,COVERED,ACTIVE,Data Center Networking,NX2/4/5/6K,N2000,N2K-C2248TP-E,"N2K-C2248TP-E-1GE (48x100/1000-T+4x10GE), airflow/PS option",Hardware,CHASSIS,Others,Others,,1,4/1/23,3/31/26,2026,2026 Q3,SNT,205483789,7/30/16,2016,2016 Q4,8/24/22,11/22/26,8/24/23,8/31/27,2028,2028 Q1,Y,ENTERGY CORPORATION,181149,ENTERGY SERVICES INC,26853,ENTERGY SERVICES INC,888373,"Entergy Services, Inc.",2000585304,1340 ECHELON PKWY,JACKSON,MS,Major,33928
N/A,COVERED,ACTIVE,Data Center Networking,NX2/4/5/6K,N2000,N2K-C2248TP-E,"N2K-C2248TP-E-1GE (48x100/1000-T+4x10GE), airflow/PS option",Hardware,CHASSIS,Others,Others,,1,4/1/23,3/31/26,2026,2026 Q3,SNT,205483789,7/30/16,2016,2016 Q4,8/24/22,11/22/26,8/24/23,8/31/27,2028,2028 Q1,Y,ENTERGY CORPORATION,181149,ENTERGY SERVICES INC,26853,ENTERGY SERVICES INC,888373,"Entergy Services, Inc.",2000585304,1340 ECHELON PKWY,JACKSON,MS,Major,33929
N/A,COVERED,ACTIVE,Data Center Networking,NX2/4/5/6K,N2000,N2K-C2248TP-E,"N2K-C2248TP-E-1GE (48x100/1000-T+4x10GE), airflow/PS option",Hardware,CHASSIS,Others,Others,,1,4/1/23,3/31/26,2026,2026 Q3,SNT,205483789,7/30/16,2016,2016 Q4,8/24/22,11/22/26,8/24/23,8/31/27,2028,2028 Q1,Y,ENTERGY CORPORATION,181149,ENTERGY SERVICES INC,26853,ENTERGY SERVICES INC,888373,"Entergy Services, Inc.",2000585304,1340 ECHELON PKWY,JACKSON,MS,Major,33930
N/A,COVERED,ACTIVE,Data Center Networking,NX2/4/5/6K,N2000,N2K-C2248TP-E,"N2K-C2248TP-E-1GE (48x100/1000-T+4x10GE), airflow/PS option",Hardware,CHASSIS,Others,Others,,1,4/1/23,3/31/26,2026,2026 Q3,SNT,205483789,7/30/16,2016,2016 Q4,8/24/22,11/22/26,8/24/23,8/31/27,2028,2028 Q1,Y,ENTERGY CORPORATION,181149,ENTERGY SERVICES INC,26853,ENTERGY SERVICES INC,888373,"Entergy Services, Inc.",2000585304,1340 ECHELON PKWY,JACKSON,MS,Major,33931
N/A,COVERED,ACTIVE,Data Center Networking,NX2/4/5/6K,N2000,N2K-C2248TP-E,"N2K-C2248TP-E-1GE (48x100/1000-T+4x10GE), airflow/PS option",Hardware,CHASSIS,Others,Others,,1,4/1/23,3/31/26,2026,2026 Q3,SNT,205483789,7/30/16,2016,2016 Q4,8/24/22,11/22/26,8/24/23,8/31/27,2028,2028 Q1,Y,ENTERGY CORPORATION,181149,ENTERGY SERVICES INC,26853,ENTERGY SERVICES INC,888373,"Entergy Services, Inc.",2000585304,1340 ECHELON PKWY,JACKSON,MS,Major,33932
N/A,COVERED,ACTIVE,Data Center Networking,NX2/4/5/6K,N2000,N2K-C2248TP-E,"N2K-C2248TP-E-1GE (48x100/1000-T+4x10GE), airflow/PS option",Hardware,CHASSIS,Others,Others,,1,4/1/23,3/31/26,2026,2026 Q3,SNT,205483789,7/30/16,2016,2016 Q4,8/24/22,11/22/26,8/24/23,8/31/27,2028,2028 Q1,Y,ENTERGY CORPORATION,181149,ENTERGY SERVICES INC,26853,ENTERGY SERVICES INC,888373,"Entergy Services, Inc.",2000585304,1340 ECHELON PKWY,JACKSON,MS,Major,33933
N/A,COVERED,ACTIVE,Data Center Networking,NX2/4/5/6K,N2000,N2K-C2248TP-E,"N2K-C2248TP-E-1GE (48x100/1000-T+4x10GE), airflow/PS option",Hardware,CHASSIS,Others,Others,,1,4/1/23,3/31/26,2026,2026 Q3,SNT,205483789,7/30/16,2016,2016 Q4,8/24/22,11/22/26,8/24/23,8/31/27,2028,2028 Q1,Y,ENTERGY CORPORATION,181149,ENTERGY SERVICES INC,26853,ENTERGY SERVICES INC,888373,"Entergy Services, Inc.",2000585304,1340 ECHELON PKWY,JACKSON,MS,Major,33934
N/A,COVERED,ACTIVE,Data Center Networking,NX2/4/5/6K,N2000,N2K-C2248TP-E,"N2K-C2248TP-E-1GE (48x100/1000-T+4x10GE), airflow/PS option",Hardware,CHASSIS,Others,Others,,1,4/1/23,3/31/26,2026,2026 Q3,SNT,205483789,7/30/16,2016,2016 Q4,8/24/22,11/22/26,8/24/23,8/31/27,2028,2028 Q1,Y,ENTERGY CORPORATION,181149,ENTERGY SERVICES INC,26853,ENTERGY SERVICES INC,888373,"Entergy Services, Inc.",2000585304,1340 ECHELON PKWY,JACKSON,MS,Major,33935
N/A,COVERED,ACTIVE,Data Center Networking,NX2/4/5/6K,N2000,N2K-C2248TP-E,"N2K-C2248TP-E-1GE (48x100/1000-T+4x10GE), airflow/PS option",Hardware,CHASSIS,Others,Others,,1,4/1/24,3/31/26,2026,2026 Q3,SNT,205483789,7/30/16,2016,2016 Q4,8/24/22,11/22/26,8/24/23,8/31/27,2028,2028 Q1,Y,ENTERGY CORPORATION,181149,ENTERGY SERVICES INC,26853,ENTERGY SERVICES INC,888373,"Entergy Services, Inc.",2000585304,1340 ECHELON PKWY,JACKSON,MS,Major,33936
N/A,COVERED,ACTIVE,Data Center Networking,NX2/4/5/6K,N2000,N2K-C2248TP-E,"N2K-C2248TP-E-1GE (48x100/1000-T+4x10GE), airflow/PS option",Hardware,CHASSIS,Others,Others,,1,4/1/23,3/31/26,2026,2026 Q3,SNT,205483789,7/30/16,2016,2016 Q4,8/24/22,11/22/26,8/24/23,8/31/27,2028,2028 Q1,Y,ENTERGY CORPORATION,181149,ENTERGY SERVICES INC,26853,ENTERGY SERVICES INC,888373,"Entergy Services, Inc.",2000585304,1340 ECHELON PKWY,JACKSON,MS,Major,33937
N/A,COVERED,ACTIVE,Data Center Networking,NX2/4/5/6K,N2000,N2K-C2248TP-E,"N2K-C2248TP-E-1GE (48x100/1000-T+4x10GE), airflow/PS option",Hardware,CHASSIS,Others,Others,,1,4/1/23,3/31/26,2026,2026 Q3,SNT,205483789,7/30/16,2016,2016 Q4,8/24/22,11/22/26,8/24/23,8/31/27,2028,2028 Q1,Y,ENTERGY CORPORATION,181149,ENTERGY SERVICES INC,26853,ENTERGY SERVICES INC,888373,"Entergy Services, Inc.",2000585304,1340 ECHELON PKWY,JACKSON,MS,Major,33938
N/A,COVERED,ACTIVE,Data Center Networking,NX2/4/5/6K,N2000,N2K-C2248TP-E,"N2K-C2248TP-E-1GE (48x100/1000-T+4x10GE), airflow/PS option",Hardware,CHASSIS,Others,Others,,1,4/1/23,3/31/26,2026,2026 Q3,SNT,205483789,7/30/16,2016,2016 Q4,8/24/22,11/22/26,8/24/23,8/31/27,2028,2028 Q1,Y,ENTERGY CORPORATION,181149,ENTERGY SERVICES INC,26853,ENTERGY SERVICES INC,888373,"Entergy Services, Inc.",2000585304,1340 ECHELON PKWY,JACKSON,MS,Major,33939
N/A,COVERED,ACTIVE,Data Center Networking,NX2/4/5/6K,N2000,N2K-C2248TP-E,"N2K-C2248TP-E-1GE (48x100/1000-T+4x10GE), airflow/PS option",Hardware,CHASSIS,Others,Others,,1,4/1/23,3/31/26,2026,2026 Q3,SNT,205483789,7/30/16,2016,2016 Q4,8/24/22,11/22/26,8/24/23,8/31/27,2028,2028 Q1,Y,ENTERGY CORPORATION,181149,ENTERGY SERVICES INC,26853,ENTERGY SERVICES INC,888373,"Entergy Services, Inc.",2000585304,1340 ECHELON PKWY,JACKSON,MS,Major,33940
N/A,COVERED,ACTIVE,Data Center Networking,NX2/4/5/6K,N2000,N2K-C2248TP-E,"N2K-C2248TP-E-1GE (48x100/1000-T+4x10GE), airflow/PS option",Hardware,CHASSIS,Others,Others,,1,4/1/23,3/31/26,2026,2026 Q3,SNT,205483789,7/30/16,2016,2016 Q4,8/24/22,11/22/26,8/24/23,8/31/27,2028,2028 Q1,Y,ENTERGY CORPORATION,181149,ENTERGY SERVICES INC,26853,ENTERGY SERVICES INC,888373,"Entergy Services, Inc.",2000585304,1340 ECHELON PKWY,JACKSON,MS,Major,33941
N/A,COVERED,ACTIVE,Data Center Networking,NX2/4/5/6K,N2000,N2K-C2248TP-E,"N2K-C2248TP-E-1GE (48x100/1000-T+4x10GE), airflow/PS option",Hardware,CHASSIS,Others,Others,,1,4/1/23,3/31/26,2026,2026 Q3,SNT,205483789,7/30/16,2016,2016 Q4,8/24/22,11/22/26,8/24/23,8/31/27,2028,2028 Q1,Y,ENTERGY CORPORATION,181149,ENTERGY SERVICES INC,26853,ENTERGY SERVICES INC,888373,"Entergy Services, Inc.",2000585304,1340 ECHELON PKWY,JACKSON,MS,Major,33942
N/A,COVERED,ACTIVE,Data Center Networking,NX2/4/5/6K,N2000,N2K-C2248TP-E,"N2K-C2248TP-E-1GE (48x100/1000-T+4x10GE), airflow/PS option",Hardware,CHASSIS,Others,Others,,1,4/1/23,3/31/26,2026,2026 Q3,SNT,205483789,7/30/16,2016,2016 Q4,8/24/22,11/22/26,8/24/23,8/31/27,2028,2028 Q1,Y,ENTERGY CORPORATION,181149,ENTERGY SERVICES INC,26853,ENTERGY SERVICES INC,888373,"Entergy Services, Inc.",2000585304,1340 ECHELON PKWY,JACKSON,MS,Major,33943
N/A,COVERED,ACTIVE,Data Center Networking,NX2/4/5/6K,N2000,N2K-C2248TP-E,"N2K-C2248TP-E-1GE (48x100/1000-T+4x10GE), airflow/PS option",Hardware,CHASSIS,Others,Others,,1,4/1/23,3/31/26,2026,2026 Q3,SNT,205483789,7/30/16,2016,2016 Q4,8/24/22,11/22/26,8/24/23,8/31/27,2028,2028 Q1,Y,ENTERGY CORPORATION,181149,ENTERGY SERVICES INC,26853,ENTERGY SERVICES INC,888373,"Entergy Services, Inc.",2000585304,1340 ECHELON PKWY,JACKSON,MS,Major,33944
N/A,COVERED,ACTIVE,Data Center Networking,NX2/4/5/6K,N2000,N2K-C2248TP-E,"N2K-C2248TP-E-1GE (48x100/1000-T+4x10GE), airflow/PS option",Hardware,CHASSIS,Others,Others,,1,4/1/23,3/31/26,2026,2026 Q3,SNT,205483789,7/30/16,2016,2016 Q4,8/24/22,11/22/26,8/24/23,8/31/27,2028,2028 Q1,Y,ENTERGY CORPORATION,181149,ENTERGY SERVICES INC,26853,ENTERGY SERVICES INC,888373,"Entergy Services, Inc.",2000585304,1340 ECHELON PKWY,JACKSON,MS,Major,33945
N/A,COVERED,ACTIVE,Data Center Networking,NX2/4/5/6K,N2000,N2K-C2248TP-E,"N2K-C2248TP-E-1GE (48x100/1000-T+4x10GE), airflow/PS option",Hardware,CHASSIS,Others,Others,,1,4/1/23,3/31/26,2026,2026 Q3,SNT,205483789,7/30/16,2016,2016 Q4,8/24/22,11/22/26,8/24/23,8/31/27,2028,2028 Q1,Y,ENTERGY CORPORATION,181149,ENTERGY SERVICES INC,26853,ENTERGY SERVICES INC,888373,"Entergy Services, Inc.",2000585304,1340 ECHELON PKWY,JACKSON,MS,Major,33946
N/A,NOT COVERED,EXPIRED,Data Center Networking,NX2/4/5/6K,N2000,N2K-C2248TP-E,"N2K-C2248TP-E-1GE (48x100/1000-T+4x10GE), airflow/PS option",Hardware,CHASSIS,Others,Others,,1,7/30/16,7/29/21,2021,2021 Q4,SNT,92058507,7/30/16,2016,2016 Q4,8/24/22,11/22/26,8/24/23,8/31/27,2028,2028 Q1,Y,ENTERGY CORPORATION,181149,ENTERGY SERVICES INC,26853,ENTERGY SERVICES INC,888373,"Entergy Services, Inc.",2000585304,1340 ECHELON PKWY,JACKSON,MS,Major,33947
N/A,COVERED,ACTIVE,Data Center Networking,NX2/4/5/6K,N2000,N2K-C2248TP-E,"N2K-C2248TP-E-1GE (48x100/1000-T+4x10GE), airflow/PS option",Hardware,CHASSIS,Others,Others,,1,4/1/23,3/31/26,2026,2026 Q3,SNT,205483789,7/30/16,2016,2016 Q4,8/24/22,11/22/26,8/24/23,8/31/27,2028,2028 Q1,Y,ENTERGY CORPORATION,181149,ENTERGY SERVICES INC,26853,ENTERGY SERVICES INC,888373,"Entergy Services, Inc.",2000585304,1340 ECHELON PKWY,JACKSON,MS,Major,33948
N/A,COVERED,ACTIVE,Data Center Networking,NX2/4/5/6K,N2000,N2K-C2248TP-E,"N2K-C2248TP-E-1GE (48x100/1000-T+4x10GE), airflow/PS option",Hardware,CHASSIS,Others,Others,,1,4/1/23,3/31/26,2026,2026 Q3,SNT,205483789,7/30/16,2016,2016 Q4,8/24/22,11/22/26,8/24/23,8/31/27,2028,2028 Q1,Y,ENTERGY CORPORATION,181149,ENTERGY SERVICES INC,26853,ENTERGY SERVICES INC,888373,"Entergy Services, Inc.",2000585304,1340 ECHELON PKWY,JACKSON,MS,Major,33949
N/A,NOT COVERED,EXPIRED,Data Center Networking,NX2/4/5/6K,N2000,N2K-C2248TP-E,"N2K-C2248TP-E-1GE (48x100/1000-T+4x10GE), airflow/PS option",Hardware,CHASSIS,Others,Others,,1,7/30/16,7/29/21,2021,2021 Q4,SNT,92058507,7/30/16,2016,2016 Q4,8/24/22,11/22/26,8/24/23,8/31/27,2028,2028 Q1,Y,ENTERGY CORPORATION,181149,ENTERGY SERVICES INC,26853,ENTERGY SERVICES INC,888373,"Entergy Services, Inc.",2000585304,1340 ECHELON PKWY,JACKSON,MS,Major,33950
N/A,COVERED,ACTIVE,Data Center Networking,NX2/4/5/6K,N2000,N2K-C2248TP-E,"N2K-C2248TP-E-1GE (48x100/1000-T+4x10GE), airflow/PS option",Hardware,CHASSIS,Others,Others,,1,4/1/23,3/31/26,2026,2026 Q3,SNT,205483789,7/30/16,2016,2016 Q4,8/24/22,11/22/26,8/24/23,8/31/27,2028,2028 Q1,Y,ENTERGY CORPORATION,181149,ENTERGY SERVICES INC,26853,ENTERGY SERVICES INC,888373,"Entergy Services, Inc.",2000585304,1340 ECHELON PKWY,JACKSON,MS,Major,33951
N/A,NOT COVERED,EXPIRED,Data Center Networking,NX2/4/5/6K,N2000,N2K-C2248TP-E,"N2K-C2248TP-E-1GE (48x100/1000-T+4x10GE), airflow/PS option",Hardware,CHASSIS,Others,Others,,1,7/30/16,7/29/21,2021,2021 Q4,SNT,92058507,7/30/16,2016,2016 Q4,8/24/22,11/22/26,8/24/23,8/31/27,2028,2028 Q1,Y,ENTERGY CORPORATION,181149,ENTERGY SERVICES INC,26853,ENTERGY SERVICES INC,888373,"Entergy Services, Inc.",2000585304,1340 ECHELON PKWY,JACKSON,MS,Major,33952
N/A,COVERED,ACTIVE,Data Center Networking,NX2/4/5/6K,N2000,N2K-C2248TP-E,"N2K-C2248TP-E-1GE (48x100/1000-T+4x10GE), airflow/PS option",Hardware,CHASSIS,Others,Others,,1,4/1/23,3/31/26,2026,2026 Q3,SNT,205483789,7/30/16,2016,2016 Q4,8/24/22,11/22/26,8/24/23,8/31/27,2028,2028 Q1,Y,ENTERGY CORPORATION,181149,ENTERGY SERVICES INC,26853,ENTERGY SERVICES INC,888373,"Entergy Services, Inc.",2000585304,1340 ECHELON PKWY,JACKSON,MS,Major,33953
N/A,COVERED,ACTIVE,Data Center Networking,NX2/4/5/6K,N2000,N2K-C2248TP-E,"N2K-C2248TP-E-1GE (48x100/1000-T+4x10GE), airflow/PS option",Hardware,CHASSIS,Others,Others,,1,4/1/23,3/31/26,2026,2026 Q3,SNT,205483789,7/30/16,2016,2016 Q4,8/24/22,11/22/26,8/24/23,8/31/27,2028,2028 Q1,Y,ENTERGY CORPORATION,181149,ENTERGY SERVICES INC,26853,ENTERGY SERVICES INC,888373,"Entergy Services, Inc.",2000585304,1340 ECHELON PKWY,JACKSON,MS,Major,33954
N/A,COVERED,ACTIVE,Data Center Networking,NX2/4/5/6K,N2000,N2K-C2248TP-E,"N2K-C2248TP-E-1GE (48x100/1000-T+4x10GE), airflow/PS option",Hardware,CHASSIS,Others,Others,,1,4/1/23,3/31/26,2026,2026 Q3,SNT,205483789,7/30/16,2016,2016 Q4,8/24/22,11/22/26,8/24/23,8/31/27,2028,2028 Q1,Y,ENTERGY CORPORATION,181149,ENTERGY SERVICES INC,26853,ENTERGY SERVICES INC,888373,"Entergy Services, Inc.",2000585304,1340 ECHELON PKWY,JACKSON,MS,Major,33955
N/A,COVERED,ACTIVE,Data Center Networking,NX2/4/5/6K,N2000,N2K-C2248TP-E,"N2K-C2248TP-E-1GE (48x100/1000-T+4x10GE), airflow/PS option",Hardware,CHASSIS,Others,Others,,1,4/1/24,3/31/26,2026,2026 Q3,SNT,205483789,7/30/16,2016,2016 Q4,8/24/22,11/22/26,8/24/23,8/31/27,2028,2028 Q1,Y,ENTERGY CORPORATION,181149,ENTERGY SERVICES INC,26853,ENTERGY SERVICES INC,888373,"Entergy Services, Inc.",2000585304,1340 ECHELON PKWY,JACKSON,MS,Major,33956
N/A,COVERED,ACTIVE,Data Center Networking,NX2/4/5/6K,N2000,N2K-C2248TP-E,"N2K-C2248TP-E-1GE (48x100/1000-T+4x10GE), airflow/PS option",Hardware,CHASSIS,Others,Others,,1,4/1/23,3/31/26,2026,2026 Q3,SNT,205483789,7/30/16,2016,2016 Q4,8/24/22,11/22/26,8/24/23,8/31/27,2028,2028 Q1,Y,ENTERGY CORPORATION,181149,ENTERGY SERVICES INC,26853,ENTERGY SERVICES INC,888373,"Entergy Services, Inc.",2000585304,1340 ECHELON PKWY,JACKSON,MS,Major,33957
N/A,COVERED,ACTIVE,Data Center Networking,NX2/4/5/6K,N2000,N2K-C2248TP-E,"N2K-C2248TP-E-1GE (48x100/1000-T+4x10GE), airflow/PS option",Hardware,CHASSIS,Others,Others,,1,4/1/23,3/31/26,2026,2026 Q3,SNT,205483789,7/30/16,2016,2016 Q4,8/24/22,11/22/26,8/24/23,8/31/27,2028,2028 Q1,Y,ENTERGY CORPORATION,181149,ENTERGY SERVICES INC,26853,ENTERGY SERVICES INC,888373,"Entergy Services, Inc.",2000585304,1340 ECHELON PKWY,JACKSON,MS,Major,33958
N/A,COVERED,ACTIVE,Data Center Networking,NX2/4/5/6K,N2000,N2K-C2248TP-E,"N2K-C2248TP-E-1GE (48x100/1000-T+4x10GE), airflow/PS option",Hardware,CHASSIS,Others,Others,,1,4/1/23,3/31/26,2026,2026 Q3,SNT,205483789,7/30/16,2016,2016 Q4,8/24/22,11/22/26,8/24/23,8/31/27,2028,2028 Q1,Y,ENTERGY CORPORATION,181149,ENTERGY SERVICES INC,26853,ENTERGY SERVICES INC,888373,"Entergy Services, Inc.",2000585304,1340 ECHELON PKWY,JACKSON,MS,Major,33959
N/A,COVERED,ACTIVE,Data Center Networking,NX2/4/5/6K,N2000,N2K-C2248TP-E,"N2K-C2248TP-E-1GE (48x100/1000-T+4x10GE), airflow/PS option",Hardware,CHASSIS,Others,Others,,1,4/1/23,3/31/26,2026,2026 Q3,SNT,205483789,7/30/16,2016,2016 Q4,8/24/22,11/22/26,8/24/23,8/31/27,2028,2028 Q1,Y,ENTERGY CORPORATION,181149,ENTERGY SERVICES INC,26853,ENTERGY SERVICES INC,888373,"Entergy Services, Inc.",2000585304,1340 ECHELON PKWY,JACKSON,MS,Major,33960
N/A,COVERED,ACTIVE,Data Center Networking,NX2/4/5/6K,N2000,N2K-C2248TP-E,"N2K-C2248TP-E-1GE (48x100/1000-T+4x10GE), airflow/PS option",Hardware,CHASSIS,Others,Others,,1,4/1/23,3/31/26,2026,2026 Q3,SNT,205483789,7/30/16,2016,2016 Q4,8/24/22,11/22/26,8/24/23,8/31/27,2028,2028 Q1,Y,ENTERGY CORPORATION,181149,ENTERGY SERVICES INC,26853,ENTERGY SERVICES INC,888373,"Entergy Services, Inc.",2000585304,1340 ECHELON PKWY,JACKSON,MS,Major,33961
N/A,COVERED,ACTIVE,Data Center Networking,NX2/4/5/6K,N2000,N2K-C2248TP-E,"N2K-C2248TP-E-1GE (48x100/1000-T+4x10GE), airflow/PS option",Hardware,CHASSIS,Others,Others,,1,4/1/23,3/31/26,2026,2026 Q3,SNT,205483789,7/30/16,2016,2016 Q4,8/24/22,11/22/26,8/24/23,8/31/27,2028,2028 Q1,Y,ENTERGY CORPORATION,181149,ENTERGY SERVICES INC,26853,ENTERGY SERVICES INC,888373,"Entergy Services, Inc.",2000585304,1340 ECHELON PKWY,JACKSON,MS,Major,33962
N/A,COVERED,ACTIVE,Data Center Networking,NX2/4/5/6K,N2000,N2K-C2248TP-E,"N2K-C2248TP-E-1GE (48x100/1000-T+4x10GE), airflow/PS option",Hardware,CHASSIS,Others,Others,,1,4/1/24,3/31/26,2026,2026 Q3,SNT,205483789,7/30/16,2016,2016 Q4,8/24/22,11/22/26,8/24/23,8/31/27,2028,2028 Q1,Y,ENTERGY CORPORATION,181149,ENTERGY SERVICES INC,26853,ENTERGY SERVICES INC,888373,"Entergy Services, Inc.",2000585304,1340 ECHELON PKWY,JACKSON,MS,Major,33963
N/A,COVERED,ACTIVE,Data Center Networking,NX2/4/5/6K,N2000,N2K-C2248TP-E,"N2K-C2248TP-E-1GE (48x100/1000-T+4x10GE), airflow/PS option",Hardware,CHASSIS,Others,Others,,1,4/1/23,3/31/26,2026,2026 Q3,SNT,205483789,7/30/16,2016,2016 Q4,8/24/22,11/22/26,8/24/23,8/31/27,2028,2028 Q1,Y,ENTERGY CORPORATION,181149,ENTERGY SERVICES INC,26853,ENTERGY SERVICES INC,888373,"Entergy Services, Inc.",2000585304,1340 ECHELON PKWY,JACKSON,MS,Major,33964
N/A,NOT COVERED,EXPIRED,Data Center Networking,NX2/4/5/6K,N2000,N2K-C2248TP-E,"N2K-C2248TP-E-1GE (48x100/1000-T+4x10GE), airflow/PS option",Hardware,CHASSIS,Others,Others,,1,7/30/16,7/29/21,2021,2021 Q4,SNT,92058507,7/30/16,2016,2016 Q4,8/24/22,11/22/26,8/24/23,8/31/27,2028,2028 Q1,Y,ENTERGY CORPORATION,181149,ENTERGY SERVICES INC,26853,ENTERGY SERVICES INC,888373,"Entergy Services, Inc.",2000585304,1340 ECHELON PKWY,JACKSON,MS,Major,33965
N/A,COVERED,ACTIVE,Data Center Networking,NX2/4/5/6K,N2000,N2K-C2248TP-E,"N2K-C2248TP-E-1GE (48x100/1000-T+4x10GE), airflow/PS option",Hardware,CHASSIS,Others,Others,,1,4/1/23,3/31/26,2026,2026 Q3,SNT,205483789,7/30/16,2016,2016 Q4,8/24/22,11/22/26,8/24/23,8/31/27,2028,2028 Q1,Y,ENTERGY CORPORATION,181149,ENTERGY SERVICES INC,26853,ENTERGY SERVICES INC,888373,"Entergy Services, Inc.",2000585304,1340 ECHELON PKWY,JACKSON,MS,Major,33966
N/A,COVERED,ACTIVE,Data Center Networking,NX2/4/5/6K,N2000,N2K-C2248TP-E,"N2K-C2248TP-E-1GE (48x100/1000-T+4x10GE), airflow/PS option",Hardware,CHASSIS,Others,Others,,1,4/1/23,3/31/26,2026,2026 Q3,SNT,205483789,7/30/16,2016,2016 Q4,8/24/22,11/22/26,8/24/23,8/31/27,2028,2028 Q1,Y,ENTERGY CORPORATION,181149,ENTERGY SERVICES INC,26853,ENTERGY SERVICES INC,888373,"Entergy Services, Inc.",2000585304,1340 ECHELON PKWY,JACKSON,MS,Major,33967
N/A,COVERED,ACTIVE,Data Center Networking,NX2/4/5/6K,N2000,N2K-C2248TP-E,"N2K-C2248TP-E-1GE (48x100/1000-T+4x10GE), airflow/PS option",Hardware,CHASSIS,Others,Others,,1,4/1/23,3/31/26,2026,2026 Q3,SNT,205483789,7/30/16,2016,2016 Q4,8/24/22,11/22/26,8/24/23,8/31/27,2028,2028 Q1,Y,ENTERGY CORPORATION,181149,ENTERGY SERVICES INC,26853,ENTERGY SERVICES INC,888373,"Entergy Services, Inc.",2000585304,1340 ECHELON PKWY,JACKSON,MS,Major,33968
N/A,NOT COVERED,EXPIRED,Data Center Networking,NX2/4/5/6K,N2000,N2K-C2248TP-E,"N2K-C2248TP-E-1GE (48x100/1000-T+4x10GE), airflow/PS option",Hardware,CHASSIS,Others,Others,,1,7/30/16,7/29/21,2021,2021 Q4,SNT,92058507,7/30/16,2016,2016 Q4,8/24/22,11/22/26,8/24/23,8/31/27,2028,2028 Q1,Y,ENTERGY CORPORATION,181149,ENTERGY SERVICES INC,26853,ENTERGY SERVICES INC,888373,"Entergy Services, Inc.",2000585304,1340 ECHELON PKWY,JACKSON,MS,Major,33969
FOC2020R31Y,NOT COVERED,EXPIRED,Data Center Networking,NX3K,N3000,C1-N3K-C3048TP,Cisco ONE Nexus 3048TP-1GE 1RU 48x10/100/1K and 4x10GE ports,Hardware,CARD,Cisco One - Transactional - Perpetual,Cisco One,,1,4/1/23,3/31/24,2024,2024 Q3,SNT,205483789,8/1/16,2017,2017 Q1,8/3/20,10/29/24,8/3/21,8/31/25,2026,2026 Q1,Y,ENTERGY CORPORATION,181149,ENTERGY CORPORATION,181149,ENTERGY SERVICES INC,26853,ENTERGY CORPORATION,2033291,639 LOYOLA AVE,NEW ORLEANS,LA,Major,34001
FOC2022R0ZF,COVERED,ACTIVE,Data Center Networking,NX2/4/5/6K,N2000,N2348UPQ-FA-BUN,"Port Side Exhaust, airflow pack N2K-C2348UPQ, 2AC PS, 3Fan",Hardware,CHASSIS,Others,Others,,1,4/1/23,3/31/26,2026,2026 Q3,SNT,205483789,8/1/16,2017,2017 Q1,8/24/22,11/22/26,8/24/23,8/31/27,2028,2028 Q1,Y,ENTERGY CORPORATION,181149,ENTERGY SERVICES INC,26853,ENTERGY SERVICES INC,888373,"Entergy Services, Inc.",2000585304,1340 ECHELON PKWY,JACKSON,MS,Minor,34028.6
FOC2022R1XU,NOT COVERED,EXPIRED,Data Center Networking,NX3K,N3000,C1-N3K-C3048TP,Cisco ONE Nexus 3048TP-1GE 1RU 48x10/100/1K and 4x10GE ports,Hardware,CARD,Cisco One - Transactional - Perpetual,Cisco One,,1,8/1/16,7/31/21,2021,2021 Q4,SNT,92058507,8/1/16,2017,2017 Q1,8/3/20,10/29/24,8/3/21,8/31/25,2026,2026 Q1,Y,ENTERGY CORPORATION,181149,ENTERGY CORPORATION,181149,ENTERGY SERVICES INC,26853,ENTERGY CORPORATION,2033291,639 LOYOLA AVE,NEW ORLEANS,LA,Major,34003
FOC2022R1YA,NOT COVERED,EXPIRED,Data Center Networking,NX3K,N3000,C1-N3K-C3048TP,Cisco ONE Nexus 3048TP-1GE 1RU 48x10/100/1K and 4x10GE ports,Hardware,CARD,Cisco One - Transactional - Perpetual,Cisco One,,1,8/1/16,7/31/21,2021,2021 Q4,SNT,92058507,8/1/16,2017,2017 Q1,8/3/20,10/29/24,8/3/21,8/31/25,2026,2026 Q1,Y,ENTERGY CORPORATION,181149,ENTERGY CORPORATION,181149,ENTERGY SERVICES INC,26853,ENTERGY CORPORATION,2033291,639 LOYOLA AVE,NEW ORLEANS,LA,Major,34005
FOC2022R26G,NOT COVERED,EXPIRED,Data Center Networking,NX3K,N3000,C1-N3K-C3048TP,Cisco ONE Nexus 3048TP-1GE 1RU 48x10/100/1K and 4x10GE ports,Hardware,CARD,Cisco One - Transactional - Perpetual,Cisco One,,1,8/1/16,7/31/21,2021,2021 Q4,SNT,92058507,8/1/16,2017,2017 Q1,8/3/20,10/29/24,8/3/21,8/31/25,2026,2026 Q1,Y,ENTERGY CORPORATION,181149,ENTERGY CORPORATION,181149,ENTERGY SERVICES INC,26853,ENTERGY CORPORATION,2033291,639 LOYOLA AVE,NEW ORLEANS,LA,Major,34007
FOC2023R01M,NOT COVERED,EXPIRED,Data Center Networking,NX3K,N3000,C1-N3K-C3048TP,Cisco ONE Nexus 3048TP-1GE 1RU 48x10/100/1K and 4x10GE ports,Hardware,CARD,Cisco One - Transactional - Perpetual,Cisco One,,1,4/1/22,3/31/23,2023,2023 Q3,SNT,204690491,8/1/16,2017,2017 Q1,8/3/20,10/29/24,8/3/21,8/31/25,2026,2026 Q1,Y,ENTERGY CORPORATION,181149,ENTERGY CORPORATION,181149,ENTERGY SERVICES INC,26853,ENTERGY CORPORATION,2033291,639 LOYOLA AVE,NEW ORLEANS,LA,Major,34009
FOC2023R022,NOT COVERED,EXPIRED,Data Center Networking,NX3K,N3000,C1-N3K-C3048TP,Cisco ONE Nexus 3048TP-1GE 1RU 48x10/100/1K and 4x10GE ports,Hardware,CARD,Cisco One - Transactional - Perpetual,Cisco One,,1,8/1/16,7/31/21,2021,2021 Q4,SNT,92058507,8/1/16,2017,2017 Q1,8/3/20,10/29/24,8/3/21,8/31/25,2026,2026 Q1,Y,ENTERGY CORPORATION,181149,ENTERGY CORPORATION,181149,ENTERGY SERVICES INC,26853,ENTERGY CORPORATION,2033291,639 LOYOLA AVE,NEW ORLEANS,LA,Major,34011
FOC2023R02M,NOT COVERED,EXPIRED,Data Center Networking,NX3K,N3000,C1-N3K-C3048TP,Cisco ONE Nexus 3048TP-1GE 1RU 48x10/100/1K and 4x10GE ports,Hardware,CARD,Cisco One - Transactional - Perpetual,Cisco One,,1,8/1/16,7/31/21,2021,2021 Q4,SNT,92058507,8/1/16,2017,2017 Q1,8/3/20,10/29/24,8/3/21,8/31/25,2026,2026 Q1,Y,ENTERGY CORPORATION,181149,ENTERGY CORPORATION,181149,ENTERGY SERVICES INC,26853,ENTERGY CORPORATION,2033291,639 LOYOLA AVE,NEW ORLEANS,LA,Major,34013
FOC2023R036,NOT COVERED,EXPIRED,Data Center Networking,NX3K,N3000,C1-N3K-C3048TP,Cisco ONE Nexus 3048TP-1GE 1RU 48x10/100/1K and 4x10GE ports,Hardware,CARD,Cisco One - Transactional - Perpetual,Cisco One,,1,8/1/16,7/31/21,2021,2021 Q4,SNT,92058507,8/1/16,2017,2017 Q1,8/3/20,10/29/24,8/3/21,8/31/25,2026,2026 Q1,Y,ENTERGY CORPORATION,181149,ENTERGY CORPORATION,181149,ENTERGY SERVICES INC,26853,ENTERGY CORPORATION,2033291,639 LOYOLA AVE,NEW ORLEANS,LA,Major,34015
FOC2023R03Z,NOT COVERED,EXPIRED,Data Center Networking,NX3K,N3000,C1-N3K-C3048TP,Cisco ONE Nexus 3048TP-1GE 1RU 48x10/100/1K and 4x10GE ports,Hardware,CARD,Cisco One - Transactional - Perpetual,Cisco One,,1,4/1/23,3/31/24,2024,2024 Q3,SNT,205483789,8/1/16,2017,2017 Q1,8/3/20,10/29/24,8/3/21,8/31/25,2026,2026 Q1,Y,ENTERGY CORPORATION,181149,ENTERGY CORPORATION,181149,ENTERGY SERVICES INC,26853,ENTERGY CORPORATION,2033291,639 LOYOLA AVE,NEW ORLEANS,LA,Major,34017
FOC2023R040,NOT COVERED,EXPIRED,Data Center Networking,NX3K,N3000,C1-N3K-C3048TP,Cisco ONE Nexus 3048TP-1GE 1RU 48x10/100/1K and 4x10GE ports,Hardware,CARD,Cisco One - Transactional - Perpetual,Cisco One,,1,8/1/16,7/31/21,2021,2021 Q4,SNT,92058507,8/1/16,2017,2017 Q1,8/3/20,10/29/24,8/3/21,8/31/25,2026,2026 Q1,Y,ENTERGY CORPORATION,181149,ENTERGY CORPORATION,181149,ENTERGY SERVICES INC,26853,ENTERGY CORPORATION,2033291,639 LOYOLA AVE,NEW ORLEANS,LA,Major,34019
FOC2023R042,NOT COVERED,EXPIRED,Data Center Networking,NX3K,N3000,C1-N3K-C3048TP,Cisco ONE Nexus 3048TP-1GE 1RU 48x10/100/1K and 4x10GE ports,Hardware,CARD,Cisco One - Transactional - Perpetual,Cisco One,,1,8/1/16,7/31/21,2021,2021 Q4,SNT,92058507,8/1/16,2017,2017 Q1,8/3/20,10/29/24,8/3/21,8/31/25,2026,2026 Q1,Y,ENTERGY CORPORATION,181149,ENTERGY CORPORATION,181149,ENTERGY SERVICES INC,26853,ENTERGY CORPORATION,2033291,639 LOYOLA AVE,NEW ORLEANS,LA,Major,34021
FOC2025R0AA,NOT COVERED,EXPIRED,Data Center Networking,NX2/4/5/6K,N2000,N2348UPQ-FA-BUN,"Port Side Exhaust, airflow pack N2K-C2348UPQ, 2AC PS, 3Fan",Hardware,CHASSIS,Others,Others,,1,4/1/22,3/31/23,2023,2023 Q3,SNT,204690491,8/1/16,2017,2017 Q1,8/24/22,11/22/26,8/24/23,8/31/27,2028,2028 Q1,Y,ENTERGY CORPORATION,181149,ENTERGY SERVICES INC,26853,ENTERGY SERVICES INC,888373,"Entergy Services, Inc.",2000585304,1340 ECHELON PKWY,JACKSON,MS,Minor,34039.6
FOC2025R0AH,NOT COVERED,EXPIRED,Data Center Networking,NX2/4/5/6K,N2000,N2348UPQ-FA-BUN,"Port Side Exhaust, airflow pack N2K-C2348UPQ, 2AC PS, 3Fan",Hardware,CHASSIS,Others,Others,,1,4/1/23,3/31/24,2024,2024 Q3,SNT,205483789,8/1/16,2017,2017 Q1,8/24/22,11/22/26,8/24/23,8/31/27,2028,2028 Q1,Y,ENTERGY CORPORATION,181149,ENTERGY SERVICES INC,26853,ENTERGY SERVICES INC,888373,"Entergy Services, Inc.",2000585304,1340 ECHELON PKWY,JACKSON,MS,Minor,34040.6
FOC2025R0BL,COVERED,ACTIVE,Data Center Networking,NX2/4/5/6K,N2000,N2348UPQ-FA-BUN,"Port Side Exhaust, airflow pack N2K-C2348UPQ, 2AC PS, 3Fan",Hardware,CHASSIS,Others,Others,,1,4/1/23,3/31/26,2026,2026 Q3,SNT,205483789,8/1/16,2017,2017 Q1,8/24/22,11/22/26,8/24/23,8/31/27,2028,2028 Q1,Y,ENTERGY CORPORATION,181149,ENTERGY SERVICES INC,26853,ENTERGY SERVICES INC,888373,"Entergy Services, Inc.",2000585304,1340 ECHELON PKWY,JACKSON,MS,Minor,34042.6
FOC2025R0CZ,NOT COVERED,EXPIRED,Data Center Networking,NX2/4/5/6K,N2000,N2348UPQ-FA-BUN,"Port Side Exhaust, airflow pack N2K-C2348UPQ, 2AC PS, 3Fan",Hardware,CHASSIS,Others,Others,,1,4/1/22,3/31/23,2023,2023 Q3,SNT,204690491,8/1/16,2017,2017 Q1,8/24/22,11/22/26,8/24/23,8/31/27,2028,2028 Q1,Y,ENTERGY CORPORATION,181149,ENTERGY SERVICES INC,26853,ENTERGY SERVICES INC,888373,"Entergy Services, Inc.",2000585304,1340 ECHELON PKWY,JACKSON,MS,Minor,34037.6
FOC2025R0LE,COVERED,ACTIVE,Data Center Networking,NX2/4/5/6K,N2000,N2348UPQ-FA-BUN,"Port Side Exhaust, airflow pack N2K-C2348UPQ, 2AC PS, 3Fan",Hardware,CHASSIS,Others,Others,,1,4/1/24,3/31/26,2026,2026 Q3,SNT,205483789,8/1/16,2017,2017 Q1,8/24/22,11/22/26,8/24/23,8/31/27,2028,2028 Q1,Y,ENTERGY CORPORATION,181149,ENTERGY SERVICES INC,26853,ENTERGY SERVICES INC,888373,"Entergy Services, Inc.",2000585304,1340 ECHELON PKWY,JACKSON,MS,Minor,34027.6
FOC2025R0M1,NOT COVERED,EXPIRED,Data Center Networking,NX2/4/5/6K,N2000,N2348UPQ-FA-BUN,"Port Side Exhaust, airflow pack N2K-C2348UPQ, 2AC PS, 3Fan",Hardware,CHASSIS,Others,Others,,1,4/1/22,3/31/23,2023,2023 Q3,SNT,204690491,8/1/16,2017,2017 Q1,8/24/22,11/22/26,8/24/23,8/31/27,2028,2028 Q1,Y,ENTERGY CORPORATION,181149,ENTERGY SERVICES INC,26853,ENTERGY SERVICES INC,888373,"Entergy Services, Inc.",2000585304,1340 ECHELON PKWY,JACKSON,MS,Minor,34041.7
FOC2025R0M7,NOT COVERED,EXPIRED,Data Center Networking,NX2/4/5/6K,N2000,N2348UPQ-FA-BUN,"Port Side Exhaust, airflow pack N2K-C2348UPQ, 2AC PS, 3Fan",Hardware,CHASSIS,Others,Others,,1,4/1/22,3/31/23,2023,2023 Q3,SNT,204690491,8/1/16,2017,2017 Q1,8/24/22,11/22/26,8/24/23,8/31/27,2028,2028 Q1,Y,ENTERGY CORPORATION,181149,ENTERGY SERVICES INC,26853,ENTERGY SERVICES INC,888373,"Entergy Services, Inc.",2000585304,1340 ECHELON PKWY,JACKSON,MS,Minor,34045.6
FOC2025R0MD,NOT COVERED,EXPIRED,Data Center Networking,NX2/4/5/6K,N2000,N2348UPQ-FA-BUN,"Port Side Exhaust, airflow pack N2K-C2348UPQ, 2AC PS, 3Fan",Hardware,CHASSIS,Others,Others,,1,4/1/22,3/31/23,2023,2023 Q3,SNT,204690491,8/1/16,2017,2017 Q1,8/24/22,11/22/26,8/24/23,8/31/27,2028,2028 Q1,Y,ENTERGY CORPORATION,181149,ENTERGY SERVICES INC,26853,ENTERGY SERVICES INC,888373,"Entergy Services, Inc.",2000585304,1340 ECHELON PKWY,JACKSON,MS,Minor,34038.6
FOC2025R0MT,COVERED,ACTIVE,Data Center Networking,NX2/4/5/6K,N2000,N2348UPQ-FA-BUN,"Port Side Exhaust, airflow pack N2K-C2348UPQ, 2AC PS, 3Fan",Hardware,CHASSIS,Others,Others,,1,4/1/23,3/31/26,2026,2026 Q3,SNT,205483789,8/1/16,2017,2017 Q1,8/24/22,11/22/26,8/24/23,8/31/27,2028,2028 Q1,Y,ENTERGY CORPORATION,181149,ENTERGY SERVICES INC,26853,ENTERGY SERVICES INC,888373,"Entergy Services, Inc.",2000585304,1340 ECHELON PKWY,JACKSON,MS,Minor,34044.6
FOC2025R0PW,NOT COVERED,EXPIRED,Data Center Networking,NX2/4/5/6K,N2000,N2348UPQ-FA-BUN,"Port Side Exhaust, airflow pack N2K-C2348UPQ, 2AC PS, 3Fan",Hardware,CHASSIS,Others,Others,,1,4/1/22,3/31/23,2023,2023 Q3,SNT,204690491,8/1/16,2017,2017 Q1,8/24/22,11/22/26,8/24/23,8/31/27,2028,2028 Q1,Y,ENTERGY CORPORATION,181149,ENTERGY SERVICES INC,26853,ENTERGY SERVICES INC,888373,"Entergy Services, Inc.",2000585304,1340 ECHELON PKWY,JACKSON,MS,Minor,34029.6
FOC2025R0PX,COVERED,ACTIVE,Data Center Networking,NX2/4/5/6K,N2000,N2348UPQ-FA-BUN,"Port Side Exhaust, airflow pack N2K-C2348UPQ, 2AC PS, 3Fan",Hardware,CHASSIS,Others,Others,,1,4/1/24,3/31/26,2026,2026 Q3,SNT,205483789,8/1/16,2017,2017 Q1,8/24/22,11/22/26,8/24/23,8/31/27,2028,2028 Q1,Y,ENTERGY CORPORATION,181149,ENTERGY SERVICES INC,26853,ENTERGY SERVICES INC,888373,"Entergy Services, Inc.",2000585304,1340 ECHELON PKWY,JACKSON,MS,Minor,34043.6
N/A,COVERED,ACTIVE,Data Center Networking,NX2/4/5/6K,N2000,N2K-C2348UPQ,"Nexus 2000, 10GE UP FEX 48x1/10GE SFP+  6x40G QSFP",Hardware,CHASSIS,Others,Others,,1,4/1/24,3/31/26,2026,2026 Q3,SNT,205483789,8/1/16,2017,2017 Q1,8/24/22,11/22/26,8/24/23,8/31/27,2028,2028 Q1,Y,ENTERGY CORPORATION,181149,ENTERGY SERVICES INC,26853,ENTERGY SERVICES INC,888373,"Entergy Services, Inc.",2000585304,1340 ECHELON PKWY,JACKSON,MS,Major,34027
N/A,COVERED,ACTIVE,Data Center Networking,NX2/4/5/6K,N2000,N2K-C2348UPQ,"Nexus 2000, 10GE UP FEX 48x1/10GE SFP+  6x40G QSFP",Hardware,CHASSIS,Others,Others,,1,4/1/23,3/31/26,2026,2026 Q3,SNT,205483789,8/1/16,2017,2017 Q1,8/24/22,11/22/26,8/24/23,8/31/27,2028,2028 Q1,Y,ENTERGY CORPORATION,181149,ENTERGY SERVICES INC,26853,ENTERGY SERVICES INC,888373,"Entergy Services, Inc.",2000585304,1340 ECHELON PKWY,JACKSON,MS,Major,34028
N/A,COVERED,ACTIVE,Data Center Networking,NX2/4/5/6K,N2000,N2K-C2348UPQ,"Nexus 2000, 10GE UP FEX 48x1/10GE SFP+  6x40G QSFP",Hardware,CHASSIS,Others,Others,,1,4/1/23,3/31/26,2026,2026 Q3,SNT,205483789,8/1/16,2017,2017 Q1,8/24/22,11/22/26,8/24/23,8/31/27,2028,2028 Q1,Y,ENTERGY CORPORATION,181149,ENTERGY SERVICES INC,26853,ENTERGY SERVICES INC,888373,"Entergy Services, Inc.",2000585304,1340 ECHELON PKWY,JACKSON,MS,Major,34029
N/A,COVERED,ACTIVE,Data Center Networking,NX2/4/5/6K,N2000,N2K-C2348UPQ,"Nexus 2000, 10GE UP FEX 48x1/10GE SFP+  6x40G QSFP",Hardware,CHASSIS,Others,Others,,1,4/1/23,3/31/26,2026,2026 Q3,SNT,205483789,8/1/16,2017,2017 Q1,8/24/22,11/22/26,8/24/23,8/31/27,2028,2028 Q1,Y,ENTERGY CORPORATION,181149,ENTERGY SERVICES INC,26853,ENTERGY SERVICES INC,888373,"Entergy Services, Inc.",2000585304,1340 ECHELON PKWY,JACKSON,MS,Major,34037
N/A,COVERED,ACTIVE,Data Center Networking,NX2/4/5/6K,N2000,N2K-C2348UPQ,"Nexus 2000, 10GE UP FEX 48x1/10GE SFP+  6x40G QSFP",Hardware,CHASSIS,Others,Others,,1,4/1/23,3/31/26,2026,2026 Q3,SNT,205483789,8/1/16,2017,2017 Q1,8/24/22,11/22/26,8/24/23,8/31/27,2028,2028 Q1,Y,ENTERGY CORPORATION,181149,ENTERGY SERVICES INC,26853,ENTERGY SERVICES INC,888373,"Entergy Services, Inc.",2000585304,1340 ECHELON PKWY,JACKSON,MS,Major,34038
N/A,COVERED,ACTIVE,Data Center Networking,NX2/4/5/6K,N2000,N2K-C2348UPQ,"Nexus 2000, 10GE UP FEX 48x1/10GE SFP+  6x40G QSFP",Hardware,CHASSIS,Others,Others,,1,4/1/23,3/31/26,2026,2026 Q3,SNT,205483789,8/1/16,2017,2017 Q1,8/24/22,11/22/26,8/24/23,8/31/27,2028,2028 Q1,Y,ENTERGY CORPORATION,181149,ENTERGY SERVICES INC,26853,ENTERGY SERVICES INC,888373,"Entergy Services, Inc.",2000585304,1340 ECHELON PKWY,JACKSON,MS,Major,34039
N/A,COVERED,ACTIVE,Data Center Networking,NX2/4/5/6K,N2000,N2K-C2348UPQ,"Nexus 2000, 10GE UP FEX 48x1/10GE SFP+  6x40G QSFP",Hardware,CHASSIS,Others,Others,,1,4/1/24,3/31/26,2026,2026 Q3,SNT,205483789,8/1/16,2017,2017 Q1,8/24/22,11/22/26,8/24/23,8/31/27,2028,2028 Q1,Y,ENTERGY CORPORATION,181149,ENTERGY SERVICES INC,26853,ENTERGY SERVICES INC,888373,"Entergy Services, Inc.",2000585304,1340 ECHELON PKWY,JACKSON,MS,Major,34040
N/A,COVERED,ACTIVE,Data Center Networking,NX2/4/5/6K,N2000,N2K-C2348UPQ,"Nexus 2000, 10GE UP FEX 48x1/10GE SFP+  6x40G QSFP",Hardware,CHASSIS,Others,Others,,1,4/1/23,3/31/26,2026,2026 Q3,SNT,205483789,8/1/16,2017,2017 Q1,8/24/22,11/22/26,8/24/23,8/31/27,2028,2028 Q1,Y,ENTERGY CORPORATION,181149,ENTERGY SERVICES INC,26853,ENTERGY SERVICES INC,888373,"Entergy Services, Inc.",2000585304,1340 ECHELON PKWY,JACKSON,MS,Major,34041
N/A,COVERED,ACTIVE,Data Center Networking,NX2/4/5/6K,N2000,N2K-C2348UPQ,"Nexus 2000, 10GE UP FEX 48x1/10GE SFP+  6x40G QSFP",Hardware,CHASSIS,Others,Others,,1,4/1/23,3/31/26,2026,2026 Q3,SNT,205483789,8/1/16,2017,2017 Q1,8/24/22,11/22/26,8/24/23,8/31/27,2028,2028 Q1,Y,ENTERGY CORPORATION,181149,ENTERGY SERVICES INC,26853,ENTERGY SERVICES INC,888373,"Entergy Services, Inc.",2000585304,1340 ECHELON PKWY,JACKSON,MS,Major,34042
N/A,COVERED,ACTIVE,Data Center Networking,NX2/4/5/6K,N2000,N2K-C2348UPQ,"Nexus 2000, 10GE UP FEX 48x1/10GE SFP+  6x40G QSFP",Hardware,CHASSIS,Others,Others,,1,4/1/24,3/31/26,2026,2026 Q3,SNT,205483789,8/1/16,2017,2017 Q1,8/24/22,11/22/26,8/24/23,8/31/27,2028,2028 Q1,Y,ENTERGY CORPORATION,181149,ENTERGY SERVICES INC,26853,ENTERGY SERVICES INC,888373,"Entergy Services, Inc.",2000585304,1340 ECHELON PKWY,JACKSON,MS,Major,34043
N/A,COVERED,ACTIVE,Data Center Networking,NX2/4/5/6K,N2000,N2K-C2348UPQ,"Nexus 2000, 10GE UP FEX 48x1/10GE SFP+  6x40G QSFP",Hardware,CHASSIS,Others,Others,,1,4/1/23,3/31/26,2026,2026 Q3,SNT,205483789,8/1/16,2017,2017 Q1,8/24/22,11/22/26,8/24/23,8/31/27,2028,2028 Q1,Y,ENTERGY CORPORATION,181149,ENTERGY SERVICES INC,26853,ENTERGY SERVICES INC,888373,"Entergy Services, Inc.",2000585304,1340 ECHELON PKWY,JACKSON,MS,Major,34044
N/A,COVERED,ACTIVE,Data Center Networking,NX2/4/5/6K,N2000,N2K-C2348UPQ,"Nexus 2000, 10GE UP FEX 48x1/10GE SFP+  6x40G QSFP",Hardware,CHASSIS,Others,Others,,1,4/1/23,3/31/26,2026,2026 Q3,SNT,205483789,8/1/16,2017,2017 Q1,8/24/22,11/22/26,8/24/23,8/31/27,2028,2028 Q1,Y,ENTERGY CORPORATION,181149,ENTERGY SERVICES INC,26853,ENTERGY SERVICES INC,888373,"Entergy Services, Inc.",2000585304,1340 ECHELON PKWY,JACKSON,MS,Major,34045
SAL2025S84D,NOT COVERED,EXPIRED,Data Center Networking,NX9K,N9300,N9K-C9336PQ,"Nexus 9K ACI Spine, 36p 40G QSFP+",Hardware,CHASSIS,Others,Others,,1,4/1/19,3/31/20,2020,2020 Q3,SNT,202352146,8/1/16,2017,2017 Q1,3/5/19,5/31/23,3/4/20,3/31/24,2024,2024 Q3,N,ENTERGY CORPORATION,181149,ENTERGY SERVICES INC,26853,ENTERGY SERVICES INC,888373,"Entergy Services, Inc.",403653054,1340 ECHELON PKWY,JACKSON,MS,Major,34183
SAL2025S86T,NOT COVERED,EXPIRED,Data Center Networking,NX9K,N9300,N9K-C9336PQ,"Nexus 9K ACI Spine, 36p 40G QSFP+",Hardware,CHASSIS,Others,Others,,1,4/1/19,3/31/20,2020,2020 Q3,SNT,202352146,8/1/16,2017,2017 Q1,3/5/19,5/31/23,3/4/20,3/31/24,2024,2024 Q3,N,ENTERGY CORPORATION,181149,ENTERGY SERVICES INC,26853,ENTERGY SERVICES INC,888373,"Entergy Services, Inc.",403653054,1340 ECHELON PKWY,JACKSON,MS,Major,34184
FOC2024R1PV,COVERED,ACTIVE,Data Center Networking,NX2/4/5/6K,N5000,C1-N5K-C56128P,"Cisco One Nexus 56128P 2RU Chassis,48x10G SFP+,4x40G QSFP+",Hardware,CHASSIS,Cisco One - Transactional - Perpetual,Cisco One,,1,4/7/23,9/30/25,2026,2026 Q1,SW,205483789,8/2/16,2017,2017 Q1,9/9/20,12/8/24,9/9/21,9/30/25,2026,2026 Q1,N,ENTERGY CORPORATION,181149,ENTERGY CORPORATION,181149,ENTERGY SERVICES INC,26853,ENTERGY CORPORATION,2033291,639 LOYOLA AVE,NEW ORLEANS,LA,Major,34626
FOC2024R1QS,COVERED,ACTIVE,Data Center Networking,NX2/4/5/6K,N5000,C1-N5K-C56128P,"Cisco One Nexus 56128P 2RU Chassis,48x10G SFP+,4x40G QSFP+",Hardware,CHASSIS,Cisco One - Transactional - Perpetual,Cisco One,,1,4/7/23,9/30/25,2026,2026 Q1,SW,205483789,8/2/16,2017,2017 Q1,9/9/20,12/8/24,9/9/21,9/30/25,2026,2026 Q1,N,ENTERGY CORPORATION,181149,ENTERGY CORPORATION,181149,ENTERGY SERVICES INC,26853,ENTERGY CORPORATION,2033291,639 LOYOLA AVE,NEW ORLEANS,LA,Major,34628
FOC2028R267,NOT COVERED,EXPIRED,Data Center Networking,NX2/4/5/6K,N5000,C1-N5K-C56128P,"Cisco One Nexus 56128P 2RU Chassis,48x10G SFP+,4x40G QSFP+",Hardware,CHASSIS,Cisco One - Transactional - Perpetual,Cisco One,,1,8/2/16,8/1/21,2022,2022 Q1,SNTP,92058507,8/2/16,2017,2017 Q1,9/9/20,12/8/24,9/9/21,9/30/25,2026,2026 Q1,N,ENTERGY CORPORATION,181149,ENTERGY CORPORATION,181149,ENTERGY SERVICES INC,26853,ENTERGY CORPORATION,2033291,639 LOYOLA AVE,NEW ORLEANS,LA,Major,34631
FOC2028R2CC,COVERED,ACTIVE,Data Center Networking,NX2/4/5/6K,N5000,C1-N5K-C56128P,"Cisco One Nexus 56128P 2RU Chassis,48x10G SFP+,4x40G QSFP+",Hardware,CHASSIS,Cisco One - Transactional - Perpetual,Cisco One,,1,4/7/23,9/30/25,2026,2026 Q1,SW,205483789,8/2/16,2017,2017 Q1,9/9/20,12/8/24,9/9/21,9/30/25,2026,2026 Q1,N,ENTERGY CORPORATION,181149,ENTERGY CORPORATION,181149,ENTERGY SERVICES INC,26853,ENTERGY CORPORATION,2033291,639 LOYOLA AVE,NEW ORLEANS,LA,Major,34633
FOC2028R2ER,COVERED,ACTIVE,Data Center Networking,NX2/4/5/6K,N5000,C1-N5K-C56128P,"Cisco One Nexus 56128P 2RU Chassis,48x10G SFP+,4x40G QSFP+",Hardware,CHASSIS,Cisco One - Transactional - Perpetual,Cisco One,,1,4/7/23,9/30/25,2026,2026 Q1,SW,205483789,8/2/16,2017,2017 Q1,9/9/20,12/8/24,9/9/21,9/30/25,2026,2026 Q1,N,ENTERGY CORPORATION,181149,ENTERGY CORPORATION,181149,ENTERGY SERVICES INC,26853,ENTERGY CORPORATION,2033291,639 LOYOLA AVE,NEW ORLEANS,LA,Major,34635
FOC2028R2JT,COVERED,ACTIVE,Data Center Networking,NX2/4/5/6K,N5000,C1-N5K-C56128P,"Cisco One Nexus 56128P 2RU Chassis,48x10G SFP+,4x40G QSFP+",Hardware,CHASSIS,Cisco One - Transactional - Perpetual,Cisco One,,1,4/7/23,9/30/25,2026,2026 Q1,SW,205483789,8/2/16,2017,2017 Q1,9/9/20,12/8/24,9/9/21,9/30/25,2026,2026 Q1,N,ENTERGY CORPORATION,181149,ENTERGY CORPORATION,181149,ENTERGY SERVICES INC,26853,ENTERGY CORPORATION,2033291,639 LOYOLA AVE,NEW ORLEANS,LA,Major,34637
FOC2028R2KM,COVERED,ACTIVE,Data Center Networking,NX2/4/5/6K,N5000,C1-N5K-C56128P,"Cisco One Nexus 56128P 2RU Chassis,48x10G SFP+,4x40G QSFP+",Hardware,CHASSIS,Cisco One - Transactional - Perpetual,Cisco One,,1,4/7/23,9/30/25,2026,2026 Q1,SW,205483789,8/2/16,2017,2017 Q1,9/9/20,12/8/24,9/9/21,9/30/25,2026,2026 Q1,N,ENTERGY CORPORATION,181149,ENTERGY CORPORATION,181149,ENTERGY SERVICES INC,26853,ENTERGY CORPORATION,2033291,639 LOYOLA AVE,NEW ORLEANS,LA,Major,34639
JAE201808KF,NOT COVERED,EXPIRED,Data Center Networking,NX7K,N7000,N7K-SUP2,"Nexus 7000 - Supervisor 2, Includes External 8GB USB Flash",Hardware,CARD,Others,Others,,1,8/2/21,3/31/22,2022,2022 Q3,SNT,92058507,8/2/16,2017,2017 Q1,2/28/22,5/29/26,2/28/23,2/28/27,2027,2027 Q3,Y,ENTERGY CORPORATION,181149,ENTERGY CORPORATION,181149,ENTERGY SERVICES INC,26853,ENTERGY CORPORATION,2033291,639 LOYOLA AVE,NEW ORLEANS,LA,Minor,34247.3
JAE20200480,NOT COVERED,EXPIRED,Data Center Networking,NX7K,N7000,N7K-F248XP-25E,Nexus 7000 F2-Series 48 Port 1/10G (SFP+) Enhanced,Hardware,CARD,Others,Others,,1,8/2/21,3/31/22,2022,2022 Q3,SNT,92058507,8/2/16,2017,2017 Q1,10/31/17,1/29/22,10/31/18,10/31/22,2023,2023 Q2,Y,ENTERGY CORPORATION,181149,ENTERGY CORPORATION,181149,ENTERGY SERVICES INC,26853,ENTERGY CORPORATION,2033291,639 LOYOLA AVE,NEW ORLEANS,LA,Major,34248
JAE202700H4,NOT COVERED,EXPIRED,Data Center Networking,NX7K,N7000,N7K-F248XT-25E-P1,Nexus 7000 F2-Series 48 Port 1/10GBase-T (RJ-45) Enhanced,Hardware,CARD,Others,Others,,1,8/2/21,3/31/22,2022,2022 Q3,SNT,92058507,8/2/16,2017,2017 Q1,2/28/22,5/29/26,2/28/23,2/28/27,2027,2027 Q3,Y,ENTERGY CORPORATION,181149,ENTERGY CORPORATION,181149,ENTERGY SERVICES INC,26853,ENTERGY CORPORATION,2033291,639 LOYOLA AVE,NEW ORLEANS,LA,Minor,34247.5
JAE20270520,NOT COVERED,EXPIRED,Data Center Networking,NX7K,N7000,N7K-SUP2,"Nexus 7000 - Supervisor 2, Includes External 8GB USB Flash",Hardware,CARD,Others,Others,,1,8/2/21,3/31/22,2022,2022 Q3,SNT,92058507,8/2/16,2017,2017 Q1,2/28/22,5/29/26,2/28/23,2/28/27,2027,2027 Q3,Y,ENTERGY CORPORATION,181149,ENTERGY CORPORATION,181149,ENTERGY SERVICES INC,26853,ENTERGY CORPORATION,2033291,639 LOYOLA AVE,NEW ORLEANS,LA,Minor,34247.4
JPG19530026,NOT COVERED,EXPIRED,Data Center Networking,NX7K,N7000,C1-N7004-S2-R,"Cisco ONE Nexus 7004 Bundle (Chassis,2xSUP2),NoPowSup",Hardware,CHASSIS,Cisco One - Transactional - Perpetual,Cisco One,,1,8/2/21,3/31/22,2022,2022 Q3,SNT,92058507,8/2/16,2017,2017 Q1,3/1/21,5/27/25,3/1/22,2/28/26,2026,2026 Q3,N,ENTERGY CORPORATION,181149,ENTERGY CORPORATION,181149,ENTERGY SERVICES INC,26853,ENTERGY CORPORATION,2033291,639 LOYOLA AVE,NEW ORLEANS,LA,Major,34247
N/A,NOT COVERED,EXPIRED,Data Center Networking,NX7K,N7000,N7K-USB-8GB,Nexus 7K USB Flash Memory - 8GB (Log Flash),Hardware,CARD,Others,Others,,1,8/2/21,3/31/22,2022,2022 Q3,SNT,92058507,8/2/16,2017,2017 Q1,2/28/22,5/29/26,2/28/23,2/28/27,2027,2027 Q3,N,ENTERGY CORPORATION,181149,ENTERGY CORPORATION,181149,ENTERGY SERVICES INC,26853,ENTERGY CORPORATION,2033291,639 LOYOLA AVE,NEW ORLEANS,LA,Minor,34247.12
N/A,NOT COVERED,EXPIRED,Data Center Networking,NX7K,N7000,N7K-USB-8GB,Nexus 7K USB Flash Memory - 8GB (Log Flash),Hardware,CARD,Others,Others,,1,8/2/21,3/31/22,2022,2022 Q3,SNT,92058507,8/2/16,2017,2017 Q1,2/28/22,5/29/26,2/28/23,2/28/27,2027,2027 Q3,N,ENTERGY CORPORATION,181149,ENTERGY CORPORATION,181149,ENTERGY SERVICES INC,26853,ENTERGY CORPORATION,2033291,639 LOYOLA AVE,NEW ORLEANS,LA,Minor,34247.13
N/A,NOT COVERED,EXPIRED,Data Center Networking,NX9K,APIC,APIC-CLUSTER-M2,APIC Cluster - Medium Configurations (Up to 1000 Edge Ports),Hardware,CHASSIS,Others,Others,,1,4/1/20,3/31/21,2021,2021 Q3,SSSNT,203234835,8/9/16,2017,2017 Q1,6/20/19,9/15/23,6/19/21,6/30/24,2024,2024 Q4,Y,ENTERGY CORPORATION,181149,ENTERGY SERVICES INC,26853,ENTERGY SERVICES INC,888373,"Entergy Services, Inc.",2000585304,1340 ECHELON PKWY,JACKSON,MS,Major,34779
FDO203018L7,NOT COVERED,EXPIRED,Data Center Networking,NX9K,N9300,C1-N9K-C93180-BUN,Cisco ONE Nexus 93180YC-EX bundle PID,Hardware,CHASSIS,Cisco One - Transactional - Perpetual,Cisco One,,1,10/7/22,3/31/23,2023,2023 Q3,SNT,204803076,8/11/16,2017,2017 Q1,3/1/21,5/27/25,3/1/22,2/28/26,2026,2026 Q3,N,ENTERGY CORPORATION,181149,ENTERGY SERVICES INC,26853,ENTERGY SERVICES INC,177639549,"Entergy Services, Inc.",2000438930,700 LOUISIANA ST,LITTLE ROCK,AR,Minor,34871.33
FDO203018P9,NOT COVERED,EXPIRED,Data Center Networking,NX9K,N9300,C1-N9K-C93180-BUN,Cisco ONE Nexus 93180YC-EX bundle PID,Hardware,CHASSIS,Cisco One - Transactional - Perpetual,Cisco One,,1,8/11/16,8/10/21,2022,2022 Q1,C4P,92058507,8/11/16,2017,2017 Q1,3/1/21,5/27/25,3/1/22,2/28/26,2026,2026 Q3,N,ENTERGY CORPORATION,181149,ENTERGY SERVICES INC,26853,ENTERGY SERVICES INC,177639549,"Entergy Services, Inc.",2000438930,700 LOUISIANA ST,LITTLE ROCK,AR,Minor,34871.26
N/A,NOT COVERED,EXPIRED,Data Center Networking,NX9K,N9300,C1-N9K-C93180-B18Q,Cisco ONE 2 Nexus 93180YC-EX with 8 QSFP-40G-SR-BD,Hardware,CHASSIS,Cisco One - Transactional - Perpetual,Cisco One,,1,10/7/22,3/31/23,2023,2023 Q3,SNT,204803076,8/11/16,2017,2017 Q1,3/1/21,5/27/25,3/1/22,2/28/26,2026,2026 Q3,N,ENTERGY CORPORATION,181149,ENTERGY SERVICES INC,26853,ENTERGY SERVICES INC,177639549,"Entergy Services, Inc.",2000438930,700 LOUISIANA ST,LITTLE ROCK,AR,Major,34871
FOC2036R0RW,COVERED,ACTIVE,Data Center Networking,NX3K,N3000,C1-N3K-C3172TQ-XL,"Cisco ONE Nexus 3172TQ,48x10GT & 6 QSFP+ ports, extended mem",Hardware,CHASSIS,Cisco One - Transactional - Perpetual,Cisco One,,1,4/1/24,2/28/26,2026,2026 Q3,SNT,205483789,9/28/16,2017,2017 Q1,3/1/21,5/27/25,3/1/22,2/28/26,2026,2026 Q3,N,ENTERGY CORPORATION,181149,ENTERGY CORPORATION,181149,ENTERGY SERVICES INC,26853,ENTERGY CORPORATION,2033291,639 LOYOLA AVE,NEW ORLEANS,LA,Major,35362
FOC2036R0S5,COVERED,ACTIVE,Data Center Networking,NX3K,N3000,C1-N3K-C3172TQ-XL,"Cisco ONE Nexus 3172TQ,48x10GT & 6 QSFP+ ports, extended mem",Hardware,CHASSIS,Cisco One - Transactional - Perpetual,Cisco One,,1,4/1/24,2/28/26,2026,2026 Q3,SNT,205483789,9/28/16,2017,2017 Q1,3/1/21,5/27/25,3/1/22,2/28/26,2026,2026 Q3,N,ENTERGY CORPORATION,181149,ENTERGY CORPORATION,181149,ENTERGY SERVICES INC,26853,ENTERGY CORPORATION,2033291,639 LOYOLA AVE,NEW ORLEANS,LA,Major,35364
FOC1842R1VA,NOT COVERED,EXPIRED,Data Center Networking,NX2/4/5/6K,N5000,C1-N5K-C56128P,"Cisco One Nexus 56128P 2RU Chassis,48x10G SFP+,4x40G QSFP+",Hardware,CHASSIS,Cisco One - Transactional - Perpetual,Cisco One,,1,8/2/16,8/1/21,2022,2022 Q1,SNTP,92058507,10/31/16,2017,2017 Q2,9/9/20,12/8/24,9/9/21,9/30/25,2026,2026 Q1,N,ENTERGY CORPORATION,181149,ENTERGY CORPORATION,181149,ENTERGY SERVICES INC,26853,ENTERGY CORPORATION,2033291,639 LOYOLA AVE,NEW ORLEANS,LA,Major,35788
FOX2039GEAV,NOT COVERED,EXPIRED,Data Center Networking,NX2/4/5/6K,N2000,N2248TP-E-FA-BUN,"Standard Airflow packN2K-C2248TP-E-1GE, 2 AC PS, 1Fan",Hardware,CHASSIS,Others,Others,,1,8/1/23,7/31/24,2025,2025 Q1,CS,205662786,11/21/16,2017,2017 Q2,8/24/22,11/22/26,8/24/23,8/31/27,2028,2028 Q1,Y,ENTERGY CORPORATION,181149,ENTERGY SERVICES INC,26853,SILVER SPRING NETWORKS C O ENTERGY,312879085,SILVER SPRING NETWORKS C O ENTERGY,1008600678,700 LOUISIANA ST,LITTLE ROCK,AR,Minor,42872.1
N/A,NOT COVERED,EXPIRED,Data Center Networking,NX2/4/5/6K,N2000,N2K-C2248TP-E,"N2K-C2248TP-E-1GE (48x100/1000-T+4x10GE), airflow/PS option",Hardware,CHASSIS,Others,Others,,1,8/1/23,7/31/24,2025,2025 Q1,CS,205662786,11/21/16,2017,2017 Q2,8/24/22,11/22/26,8/24/23,8/31/27,2028,2028 Q1,Y,ENTERGY CORPORATION,181149,ENTERGY SERVICES INC,26853,SILVER SPRING NETWORKS C O ENTERGY,312879085,SILVER SPRING NETWORKS C O ENTERGY,1008600678,700 LOUISIANA ST,LITTLE ROCK,AR,Major,42872
SSI203600BL,NOT COVERED,EXPIRED,Data Center Networking,NX2/4/5/6K,N5000,N5K-C5548UP-FA,"Nexus 5548 UP Chassis, 32 10GbE Ports, 2 PS, 2 Fans",Hardware,CHASSIS,Others,Others,,1,8/1/23,5/31/24,2024,2024 Q4,CS,205662786,11/22/16,2017,2017 Q2,5/5/19,8/3/23,5/4/20,5/31/24,2024,2024 Q4,Y,ENTERGY CORPORATION,181149,ENTERGY SERVICES INC,26853,SILVER SPRING NETWORKS C O ENTERGY,312879085,SILVER SPRING NETWORKS C O ENTERGY,1008600678,700 LOUISIANA ST,LITTLE ROCK,AR,Major,42876
SSI20360479,NOT COVERED,EXPIRED,Data Center Networking,NX2/4/5/6K,N5000,N5K-C5548UP-FA,"Nexus 5548 UP Chassis, 32 10GbE Ports, 2 PS, 2 Fans",Hardware,CHASSIS,Others,Others,,1,8/1/23,5/31/24,2024,2024 Q4,CS,205662786,11/22/16,2017,2017 Q2,5/5/19,8/3/23,5/4/20,5/31/24,2024,2024 Q4,Y,ENTERGY CORPORATION,181149,ENTERGY SERVICES INC,26853,SILVER SPRING NETWORKS C O ENTERGY,312879085,SILVER SPRING NETWORKS C O ENTERGY,1008600678,700 LOUISIANA ST,LITTLE ROCK,AR,Major,42875
FOX2045G3EE,NOT COVERED,EXPIRED,Data Center Networking,NX2/4/5/6K,N2000,N2248TP-E-FA-BUN,"Standard Airflow packN2K-C2248TP-E-1GE, 2 AC PS, 1Fan",Hardware,CHASSIS,Others,Others,,1,8/1/23,7/31/24,2025,2025 Q1,CS,205662786,12/28/16,2017,2017 Q2,8/24/22,11/22/26,8/24/23,8/31/27,2028,2028 Q1,Y,ENTERGY CORPORATION,181149,ENTERGY SERVICES INC,26853,SILVER SPRING NETWORKS C O ENTERGY,312879085,SILVER SPRING NETWORKS C O ENTERGY,1008600678,700 LOUISIANA ST,LITTLE ROCK,AR,Minor,43420.1
N/A,NOT COVERED,EXPIRED,Data Center Networking,NX2/4/5/6K,N2000,N2K-C2248TP-E,"N2K-C2248TP-E-1GE (48x100/1000-T+4x10GE), airflow/PS option",Hardware,CHASSIS,Others,Others,,1,8/1/23,7/31/24,2025,2025 Q1,CS,205662786,12/28/16,2017,2017 Q2,8/24/22,11/22/26,8/24/23,8/31/27,2028,2028 Q1,Y,ENTERGY CORPORATION,181149,ENTERGY SERVICES INC,26853,SILVER SPRING NETWORKS C O ENTERGY,312879085,SILVER SPRING NETWORKS C O ENTERGY,1008600678,700 LOUISIANA ST,LITTLE ROCK,AR,Major,43420
FOC21112B6G,COVERED,ACTIVE,Data Center Networking,NX9K,N9500,N9K-SC-A,System Controller for Nexus 9500,Hardware,CARD,Others,Others,,1,4/1/24,3/31/26,2026,2026 Q3,SNT,205483789,7/31/17,2018,2018 Q1,,,,,,,N,ENTERGY CORPORATION,181149,ENTERGY SERVICES INC,26853,ENTERGY SERVICES INC,177639549,"Entergy Services, Inc.",2000438930,700 LOUISIANA ST,LITTLE ROCK,AR,Minor,47781.13
FOC21112B7X,COVERED,ACTIVE,Data Center Networking,NX9K,N9500,N9K-SC-A,System Controller for Nexus 9500,Hardware,CARD,Others,Others,,1,4/1/24,3/31/26,2026,2026 Q3,SNT,205483789,7/31/17,2018,2018 Q1,,,,,,,N,ENTERGY CORPORATION,181149,ENTERGY SERVICES INC,26853,ENTERGY SERVICES INC,177639549,"Entergy Services, Inc.",2000438930,700 LOUISIANA ST,LITTLE ROCK,AR,Minor,47780.13
FOC21184NFS,NOT COVERED,EXPIRED,Data Center Networking,NX9K,N9500,N9K-X9564PX,"Nexus 9500 linecard, VxLAN Routing, 48p 1/10G SFP+ & 4p QSFP",Hardware,CARD,Others,Others,,1,4/1/23,5/31/23,2023,2023 Q4,SNT,205251576,7/31/17,2018,2018 Q1,5/12/18,8/7/22,5/12/19,5/31/23,2023,2023 Q4,Y,ENTERGY CORPORATION,181149,ENTERGY SERVICES INC,26853,ENTERGY SERVICES INC,177639549,"Entergy Services, Inc.",2000438930,700 LOUISIANA ST,LITTLE ROCK,AR,Minor,47781.1
FOC21184NG0,NOT COVERED,EXPIRED,Data Center Networking,NX9K,N9500,N9K-X9564PX,"Nexus 9500 linecard, VxLAN Routing, 48p 1/10G SFP+ & 4p QSFP",Hardware,CARD,Others,Others,,1,4/1/23,5/31/23,2023,2023 Q4,SNT,205251576,7/31/17,2018,2018 Q1,5/12/18,8/7/22,5/12/19,5/31/23,2023,2023 Q4,Y,ENTERGY CORPORATION,181149,ENTERGY SERVICES INC,26853,ENTERGY SERVICES INC,177639549,"Entergy Services, Inc.",2000438930,700 LOUISIANA ST,LITTLE ROCK,AR,Minor,47780.1
FOC21186M47,COVERED,ACTIVE,Data Center Networking,NX9K,N9500,N9K-SUP-A,Supervisor for Nexus 9500,Hardware,CARD,Others,Others,,1,4/1/24,11/30/25,2026,2026 Q2,SNT,205483789,7/31/17,2018,2018 Q1,11/27/20,2/22/25,11/27/21,11/30/25,2026,2026 Q2,Y,ENTERGY CORPORATION,181149,ENTERGY SERVICES INC,26853,ENTERGY SERVICES INC,177639549,"Entergy Services, Inc.",2000438930,700 LOUISIANA ST,LITTLE ROCK,AR,Minor,47780.31
FOC21186M4B,COVERED,ACTIVE,Data Center Networking,NX9K,N9500,N9K-SUP-A,Supervisor for Nexus 9500,Hardware,CARD,Others,Others,,1,4/1/24,11/30/25,2026,2026 Q2,SNT,205483789,7/31/17,2018,2018 Q1,11/27/20,2/22/25,11/27/21,11/30/25,2026,2026 Q2,Y,ENTERGY CORPORATION,181149,ENTERGY SERVICES INC,26853,ENTERGY SERVICES INC,177639549,"Entergy Services, Inc.",2000438930,700 LOUISIANA ST,LITTLE ROCK,AR,Minor,47781.31
FOC21186MAL,COVERED,ACTIVE,Data Center Networking,NX9K,N9500,N9K-SUP-A,Supervisor for Nexus 9500,Hardware,CARD,Others,Others,,1,4/1/24,11/30/25,2026,2026 Q2,SNT,205483789,7/31/17,2018,2018 Q1,11/27/20,2/22/25,11/27/21,11/30/25,2026,2026 Q2,Y,ENTERGY CORPORATION,181149,ENTERGY SERVICES INC,26853,ENTERGY SERVICES INC,177639549,"Entergy Services, Inc.",2000438930,700 LOUISIANA ST,LITTLE ROCK,AR,Minor,47780.23
FOC21186ME4,COVERED,ACTIVE,Data Center Networking,NX9K,N9500,N9K-SUP-A,Supervisor for Nexus 9500,Hardware,CARD,Others,Others,,1,4/1/24,11/30/25,2026,2026 Q2,SNT,205483789,7/31/17,2018,2018 Q1,11/27/20,2/22/25,11/27/21,11/30/25,2026,2026 Q2,Y,ENTERGY CORPORATION,181149,ENTERGY SERVICES INC,26853,ENTERGY SERVICES INC,177639549,"Entergy Services, Inc.",2000438930,700 LOUISIANA ST,LITTLE ROCK,AR,Minor,47781.23
FOC21224XTH,COVERED,ACTIVE,Data Center Networking,NX9K,N9500,N9K-SC-A,System Controller for Nexus 9500,Hardware,CARD,Others,Others,,1,4/1/24,3/31/26,2026,2026 Q3,SNT,205483789,7/31/17,2018,2018 Q1,,,,,,,N,ENTERGY CORPORATION,181149,ENTERGY SERVICES INC,26853,ENTERGY SERVICES INC,177639549,"Entergy Services, Inc.",2000438930,700 LOUISIANA ST,LITTLE ROCK,AR,Minor,47780.14
FOC21224XXA,COVERED,ACTIVE,Data Center Networking,NX9K,N9500,N9K-SC-A,System Controller for Nexus 9500,Hardware,CARD,Others,Others,,1,4/1/24,3/31/26,2026,2026 Q3,SNT,205483789,7/31/17,2018,2018 Q1,,,,,,,N,ENTERGY CORPORATION,181149,ENTERGY SERVICES INC,26853,ENTERGY SERVICES INC,177639549,"Entergy Services, Inc.",2000438930,700 LOUISIANA ST,LITTLE ROCK,AR,Minor,47781.14
FOC21253RGW,NOT COVERED,EXPIRED,Data Center Networking,NX9K,N9500,N9K-X9636PQ,"Nexus 9500 linecard, Non Blocking 36p 40G QSFP",Hardware,CARD,Others,Others,,1,4/1/23,5/31/23,2023,2023 Q4,SNT,205251576,7/31/17,2018,2018 Q1,5/12/18,8/7/22,5/12/19,5/31/23,2023,2023 Q4,Y,ENTERGY CORPORATION,181149,ENTERGY SERVICES INC,26853,ENTERGY SERVICES INC,177639549,"Entergy Services, Inc.",2000438930,700 LOUISIANA ST,LITTLE ROCK,AR,Minor,47781.2
FOC21253RJ0,NOT COVERED,EXPIRED,Data Center Networking,NX9K,N9500,N9K-X9636PQ,"Nexus 9500 linecard, Non Blocking 36p 40G QSFP",Hardware,CARD,Others,Others,,1,4/1/23,5/31/23,2023,2023 Q4,SNT,205251576,7/31/17,2018,2018 Q1,5/12/18,8/7/22,5/12/19,5/31/23,2023,2023 Q4,Y,ENTERGY CORPORATION,181149,ENTERGY SERVICES INC,26853,ENTERGY SERVICES INC,177639549,"Entergy Services, Inc.",2000438930,700 LOUISIANA ST,LITTLE ROCK,AR,Minor,47780.2
FOX2121P4K5,COVERED,ACTIVE,Data Center Networking,NX9K,N9500,C1-N9K-C9504-B3,"Cisco ONE Nexus 9504 Chassis Bun 1 Sup,3 PS,2 SC,4 FM,3 FT",Hardware,CHASSIS,Cisco One - Transactional - Perpetual,Cisco One,,1,4/1/24,3/31/26,2026,2026 Q3,SNT,205483789,7/31/17,2018,2018 Q1,,,,,,,N,ENTERGY CORPORATION,181149,ENTERGY SERVICES INC,26853,ENTERGY SERVICES INC,177639549,"Entergy Services, Inc.",2000438930,700 LOUISIANA ST,LITTLE ROCK,AR,Major,47780
FOX2121P7B0,COVERED,ACTIVE,Data Center Networking,NX9K,N9500,C1-N9K-C9504-B3,"Cisco ONE Nexus 9504 Chassis Bun 1 Sup,3 PS,2 SC,4 FM,3 FT",Hardware,CHASSIS,Cisco One - Transactional - Perpetual,Cisco One,,1,4/1/24,3/31/26,2026,2026 Q3,SNT,205483789,7/31/17,2018,2018 Q1,,,,,,,N,ENTERGY CORPORATION,181149,ENTERGY SERVICES INC,26853,ENTERGY SERVICES INC,177639549,"Entergy Services, Inc.",2000438930,700 LOUISIANA ST,LITTLE ROCK,AR,Major,47781
N/A,COVERED,ACTIVE,Data Center Networking,NX9K,N9500,N9K-SELECT-SUP-A,PID to Select Default Supervisor N9K-SUP-A,Hardware,CARD,Others,Others,,1,4/1/24,3/31/26,2026,2026 Q3,SNT,205483789,7/31/17,2018,2018 Q1,,,,,,,N,ENTERGY CORPORATION,181149,ENTERGY SERVICES INC,26853,ENTERGY SERVICES INC,177639549,"Entergy Services, Inc.",2000438930,700 LOUISIANA ST,LITTLE ROCK,AR,Minor,47780.4
N/A,COVERED,ACTIVE,Data Center Networking,NX9K,N9500,N9K-SELECT-C95PAC,PID to Select Default Power Supply N9K-PAC-3000W-B,Hardware,CARD,Others,Others,,3,4/1/24,3/31/26,2026,2026 Q3,SNT,205483789,7/31/17,2018,2018 Q1,,,,,,,N,ENTERGY CORPORATION,181149,ENTERGY SERVICES INC,26853,ENTERGY SERVICES INC,177639549,"Entergy Services, Inc.",2000438930,700 LOUISIANA ST,LITTLE ROCK,AR,Minor,47780.5
N/A,COVERED,ACTIVE,Data Center Networking,NX9K,N9500,N9K-SELECT-SUP-A,PID to Select Default Supervisor N9K-SUP-A,Hardware,CARD,Others,Others,,1,4/1/24,3/31/26,2026,2026 Q3,SNT,205483789,7/31/17,2018,2018 Q1,,,,,,,N,ENTERGY CORPORATION,181149,ENTERGY SERVICES INC,26853,ENTERGY SERVICES INC,177639549,"Entergy Services, Inc.",2000438930,700 LOUISIANA ST,LITTLE ROCK,AR,Minor,47781.4
N/A,COVERED,ACTIVE,Data Center Networking,NX9K,N9500,N9K-SELECT-C95PAC,PID to Select Default Power Supply N9K-PAC-3000W-B,Hardware,CARD,Others,Others,,3,4/1/24,3/31/26,2026,2026 Q3,SNT,205483789,7/31/17,2018,2018 Q1,,,,,,,N,ENTERGY CORPORATION,181149,ENTERGY SERVICES INC,26853,ENTERGY SERVICES INC,177639549,"Entergy Services, Inc.",2000438930,700 LOUISIANA ST,LITTLE ROCK,AR,Minor,47781.5
FDO21242XT0,COVERED,ACTIVE,Data Center Networking,NX9K,N9300,C1-N9K-C93180YC-EX,Cisco ONE Nexus 9300 with 48p 10/25G SFP+ and 6p 100G QSFP28,Hardware,CHASSIS,Cisco One - Transactional - Perpetual,Cisco One,,1,4/1/23,2/28/26,2026,2026 Q3,SNTP,205483789,8/1/17,2018,2018 Q1,3/1/21,5/27/25,3/1/22,2/28/26,2026,2026 Q3,N,ENTERGY CORPORATION,181149,ENTERGY SERVICES INC,26853,ENTERGY SERVICES INC,177639549,"Entergy Services, Inc.",2000438930,700 LOUISIANA ST,LITTLE ROCK,AR,Major,47923
FDO21250HSP,COVERED,ACTIVE,Data Center Networking,NX9K,N9300,C1-N9K-C93180YC-EX,Cisco ONE Nexus 9300 with 48p 10/25G SFP+ and 6p 100G QSFP28,Hardware,CHASSIS,Cisco One - Transactional - Perpetual,Cisco One,,1,4/1/23,2/28/26,2026,2026 Q3,SNTP,205483789,8/1/17,2018,2018 Q1,3/1/21,5/27/25,3/1/22,2/28/26,2026,2026 Q3,N,ENTERGY CORPORATION,181149,ENTERGY SERVICES INC,26853,ENTERGY SERVICES INC,177639549,"Entergy Services, Inc.",2000438930,700 LOUISIANA ST,LITTLE ROCK,AR,Major,47920
FDO21250JT5,COVERED,ACTIVE,Data Center Networking,NX9K,N9300,C1-N9K-C93180YC-EX,Cisco ONE Nexus 9300 with 48p 10/25G SFP+ and 6p 100G QSFP28,Hardware,CHASSIS,Cisco One - Transactional - Perpetual,Cisco One,,1,4/1/23,2/28/26,2026,2026 Q3,SNTP,205483789,8/1/17,2018,2018 Q1,3/1/21,5/27/25,3/1/22,2/28/26,2026,2026 Q3,N,ENTERGY CORPORATION,181149,ENTERGY SERVICES INC,26853,ENTERGY SERVICES INC,177639549,"Entergy Services, Inc.",2000438930,700 LOUISIANA ST,LITTLE ROCK,AR,Major,47922
FDO21250K2A,COVERED,ACTIVE,Data Center Networking,NX9K,N9300,C1-N9K-C93180YC-EX,Cisco ONE Nexus 9300 with 48p 10/25G SFP+ and 6p 100G QSFP28,Hardware,CHASSIS,Cisco One - Transactional - Perpetual,Cisco One,,1,4/1/23,2/28/26,2026,2026 Q3,SNTP,205483789,8/1/17,2018,2018 Q1,3/1/21,5/27/25,3/1/22,2/28/26,2026,2026 Q3,N,ENTERGY CORPORATION,181149,ENTERGY SERVICES INC,26853,ENTERGY SERVICES INC,177639549,"Entergy Services, Inc.",2000438930,700 LOUISIANA ST,LITTLE ROCK,AR,Major,47921
FDO21250K47,COVERED,ACTIVE,Data Center Networking,NX9K,N9300,C1-N9K-C93180YC-EX,Cisco ONE Nexus 9300 with 48p 10/25G SFP+ and 6p 100G QSFP28,Hardware,CHASSIS,Cisco One - Transactional - Perpetual,Cisco One,,1,4/1/23,2/28/26,2026,2026 Q3,SNTP,205483789,8/1/17,2018,2018 Q1,3/1/21,5/27/25,3/1/22,2/28/26,2026,2026 Q3,N,ENTERGY CORPORATION,181149,ENTERGY SERVICES INC,26853,ENTERGY SERVICES INC,177639549,"Entergy Services, Inc.",2000438930,700 LOUISIANA ST,LITTLE ROCK,AR,Major,47925
FDO21251MZS,COVERED,ACTIVE,Data Center Networking,NX9K,N9300,C1-N9K-C93180YC-EX,Cisco ONE Nexus 9300 with 48p 10/25G SFP+ and 6p 100G QSFP28,Hardware,CHASSIS,Cisco One - Transactional - Perpetual,Cisco One,,1,4/1/23,2/28/26,2026,2026 Q3,SNTP,205483789,8/1/17,2018,2018 Q1,3/1/21,5/27/25,3/1/22,2/28/26,2026,2026 Q3,N,ENTERGY CORPORATION,181149,ENTERGY SERVICES INC,26853,ENTERGY SERVICES INC,177639549,"Entergy Services, Inc.",2000438930,700 LOUISIANA ST,LITTLE ROCK,AR,Major,47917
FDO21251MZV,COVERED,ACTIVE,Data Center Networking,NX9K,N9300,C1-N9K-C93180YC-EX,Cisco ONE Nexus 9300 with 48p 10/25G SFP+ and 6p 100G QSFP28,Hardware,CHASSIS,Cisco One - Transactional - Perpetual,Cisco One,,1,4/1/23,2/28/26,2026,2026 Q3,SNTP,205483789,8/1/17,2018,2018 Q1,3/1/21,5/27/25,3/1/22,2/28/26,2026,2026 Q3,N,ENTERGY CORPORATION,181149,ENTERGY SERVICES INC,26853,ENTERGY SERVICES INC,177639549,"Entergy Services, Inc.",2000438930,700 LOUISIANA ST,LITTLE ROCK,AR,Major,47916
FDO21251P03,COVERED,ACTIVE,Data Center Networking,NX9K,N9300,C1-N9K-C93180YC-EX,Cisco ONE Nexus 9300 with 48p 10/25G SFP+ and 6p 100G QSFP28,Hardware,CHASSIS,Cisco One - Transactional - Perpetual,Cisco One,,1,4/1/23,2/28/26,2026,2026 Q3,SNTP,205483789,8/1/17,2018,2018 Q1,3/1/21,5/27/25,3/1/22,2/28/26,2026,2026 Q3,N,ENTERGY CORPORATION,181149,ENTERGY SERVICES INC,26853,ENTERGY SERVICES INC,177639549,"Entergy Services, Inc.",2000438930,700 LOUISIANA ST,LITTLE ROCK,AR,Major,47918
FDO21251PCF,COVERED,ACTIVE,Data Center Networking,NX9K,N9300,C1-N9K-C93180YC-EX,Cisco ONE Nexus 9300 with 48p 10/25G SFP+ and 6p 100G QSFP28,Hardware,CHASSIS,Cisco One - Transactional - Perpetual,Cisco One,,1,4/1/23,2/28/26,2026,2026 Q3,SNTP,205483789,8/1/17,2018,2018 Q1,3/1/21,5/27/25,3/1/22,2/28/26,2026,2026 Q3,N,ENTERGY CORPORATION,181149,ENTERGY SERVICES INC,26853,ENTERGY SERVICES INC,177639549,"Entergy Services, Inc.",2000438930,700 LOUISIANA ST,LITTLE ROCK,AR,Major,47926
FDO212529CE,COVERED,ACTIVE,Data Center Networking,NX9K,N9300,C1-N9K-C93180YC-EX,Cisco ONE Nexus 9300 with 48p 10/25G SFP+ and 6p 100G QSFP28,Hardware,CHASSIS,Cisco One - Transactional - Perpetual,Cisco One,,1,4/1/23,2/28/26,2026,2026 Q3,SNTP,205483789,8/1/17,2018,2018 Q1,3/1/21,5/27/25,3/1/22,2/28/26,2026,2026 Q3,N,ENTERGY CORPORATION,181149,ENTERGY SERVICES INC,26853,ENTERGY SERVICES INC,177639549,"Entergy Services, Inc.",2000438930,700 LOUISIANA ST,LITTLE ROCK,AR,Major,47919
FDO212529W7,COVERED,ACTIVE,Data Center Networking,NX9K,N9300,C1-N9K-C93180YC-EX,Cisco ONE Nexus 9300 with 48p 10/25G SFP+ and 6p 100G QSFP28,Hardware,CHASSIS,Cisco One - Transactional - Perpetual,Cisco One,,1,4/1/23,2/28/26,2026,2026 Q3,SNT,205483789,8/1/17,2018,2018 Q1,3/1/21,5/27/25,3/1/22,2/28/26,2026,2026 Q3,N,ENTERGY CORPORATION,181149,ENTERGY SERVICES INC,26853,ENTERGY SERVICES INC,177639549,"Entergy Services, Inc.",2000438930,700 LOUISIANA ST,LITTLE ROCK,AR,Major,47924
FIW211501FT,NOT COVERED,EXPIRED,Data Center Networking,Optics - DC Allocation,QSFP40G,FET-40G,40G Line Extender for FEX,Hardware,CARD,Others,Others,,1,8/1/22,3/31/23,2023,2023 Q3,SNTP,204690491,8/1/17,2018,2018 Q1,,,,,,,N,ENTERGY CORPORATION,181149,ENTERGY SERVICES INC,26853,ENTERGY SERVICES INC,177639549,"Entergy Services, Inc.",2000438930,700 LOUISIANA ST,LITTLE ROCK,AR,Minor,47912.11
FIW211501G4,NOT COVERED,EXPIRED,Data Center Networking,Optics - DC Allocation,QSFP40G,FET-40G,40G Line Extender for FEX,Hardware,CARD,Others,Others,,1,8/1/22,3/31/23,2023,2023 Q3,SNTP,204690491,8/1/17,2018,2018 Q1,,,,,,,N,ENTERGY CORPORATION,181149,ENTERGY SERVICES INC,26853,ENTERGY SERVICES INC,177639549,"Entergy Services, Inc.",2000438930,700 LOUISIANA ST,LITTLE ROCK,AR,Minor,47915.12
FIW211501G6,NOT COVERED,EXPIRED,Data Center Networking,Optics - DC Allocation,QSFP40G,FET-40G,40G Line Extender for FEX,Hardware,CARD,Others,Others,,1,8/1/22,3/31/23,2023,2023 Q3,SNTP,204690491,8/1/17,2018,2018 Q1,,,,,,,N,ENTERGY CORPORATION,181149,ENTERGY SERVICES INC,26853,ENTERGY SERVICES INC,177639549,"Entergy Services, Inc.",2000438930,700 LOUISIANA ST,LITTLE ROCK,AR,Minor,47912.12
FIW211501G8,NOT COVERED,EXPIRED,Data Center Networking,Optics - DC Allocation,QSFP40G,FET-40G,40G Line Extender for FEX,Hardware,CARD,Others,Others,,1,8/1/22,3/31/23,2023,2023 Q3,SNTP,204690491,8/1/17,2018,2018 Q1,,,,,,,N,ENTERGY CORPORATION,181149,ENTERGY SERVICES INC,26853,ENTERGY SERVICES INC,177639549,"Entergy Services, Inc.",2000438930,700 LOUISIANA ST,LITTLE ROCK,AR,Minor,47914.12
FIW211501GB,NOT COVERED,EXPIRED,Data Center Networking,Optics - DC Allocation,QSFP40G,FET-40G,40G Line Extender for FEX,Hardware,CARD,Others,Others,,1,8/1/22,3/31/23,2023,2023 Q3,SNTP,204690491,8/1/17,2018,2018 Q1,,,,,,,N,ENTERGY CORPORATION,181149,ENTERGY SERVICES INC,26853,ENTERGY SERVICES INC,177639549,"Entergy Services, Inc.",2000438930,700 LOUISIANA ST,LITTLE ROCK,AR,Minor,47914.11
FIW211501GG,NOT COVERED,EXPIRED,Data Center Networking,Optics - DC Allocation,QSFP40G,FET-40G,40G Line Extender for FEX,Hardware,CARD,Others,Others,,1,8/1/22,3/31/23,2023,2023 Q3,SNTP,204690491,8/1/17,2018,2018 Q1,,,,,,,N,ENTERGY CORPORATION,181149,ENTERGY SERVICES INC,26853,ENTERGY SERVICES INC,177639549,"Entergy Services, Inc.",2000438930,700 LOUISIANA ST,LITTLE ROCK,AR,Minor,47913.11
FIW211501HG,NOT COVERED,EXPIRED,Data Center Networking,Optics - DC Allocation,QSFP40G,FET-40G,40G Line Extender for FEX,Hardware,CARD,Others,Others,,1,8/1/22,3/31/23,2023,2023 Q3,SNTP,204690491,8/1/17,2018,2018 Q1,,,,,,,N,ENTERGY CORPORATION,181149,ENTERGY SERVICES INC,26853,ENTERGY SERVICES INC,177639549,"Entergy Services, Inc.",2000438930,700 LOUISIANA ST,LITTLE ROCK,AR,Minor,47913.12
FIW211501M9,NOT COVERED,EXPIRED,Data Center Networking,Optics - DC Allocation,QSFP40G,FET-40G,40G Line Extender for FEX,Hardware,CARD,Others,Others,,1,8/1/22,3/31/23,2023,2023 Q3,SNTP,204690491,8/1/17,2018,2018 Q1,,,,,,,N,ENTERGY CORPORATION,181149,ENTERGY SERVICES INC,26853,ENTERGY SERVICES INC,177639549,"Entergy Services, Inc.",2000438930,700 LOUISIANA ST,LITTLE ROCK,AR,Minor,47915.11
FOC2123R102,NOT COVERED,EXPIRED,Data Center Networking,NX2/4/5/6K,N2000,N2348TQ-FA-BUN,"Standard airflow pack N2K-C2348TQ, 2AC PS, 3 Fan",Hardware,CHASSIS,Others,Others,,1,8/1/22,3/31/23,2023,2023 Q3,SNTP,204690491,8/1/17,2018,2018 Q1,9/9/20,12/8/24,9/9/21,9/30/25,2026,2026 Q1,N,ENTERGY CORPORATION,181149,ENTERGY SERVICES INC,26853,ENTERGY SERVICES INC,177639549,"Entergy Services, Inc.",2000438930,700 LOUISIANA ST,LITTLE ROCK,AR,Minor,47915.2
FOC2124R0Z4,NOT COVERED,EXPIRED,Data Center Networking,NX2/4/5/6K,N2000,N2348TQ-FA-BUN,"Standard airflow pack N2K-C2348TQ, 2AC PS, 3 Fan",Hardware,CHASSIS,Others,Others,,1,8/1/22,3/31/23,2023,2023 Q3,SNTP,204690491,8/1/17,2018,2018 Q1,9/9/20,12/8/24,9/9/21,9/30/25,2026,2026 Q1,N,ENTERGY CORPORATION,181149,ENTERGY SERVICES INC,26853,ENTERGY SERVICES INC,177639549,"Entergy Services, Inc.",2000438930,700 LOUISIANA ST,LITTLE ROCK,AR,Minor,47913.2
FOC2124R0ZN,NOT COVERED,EXPIRED,Data Center Networking,NX2/4/5/6K,N2000,N2348TQ-FA-BUN,"Standard airflow pack N2K-C2348TQ, 2AC PS, 3 Fan",Hardware,CHASSIS,Others,Others,,1,8/1/22,3/31/23,2023,2023 Q3,SNTP,204690491,8/1/17,2018,2018 Q1,9/9/20,12/8/24,9/9/21,9/30/25,2026,2026 Q1,N,ENTERGY CORPORATION,181149,ENTERGY SERVICES INC,26853,ENTERGY SERVICES INC,177639549,"Entergy Services, Inc.",2000438930,700 LOUISIANA ST,LITTLE ROCK,AR,Minor,47914.2
FOC2124R185,NOT COVERED,EXPIRED,Data Center Networking,NX2/4/5/6K,N2000,N2348TQ-FA-BUN,"Standard airflow pack N2K-C2348TQ, 2AC PS, 3 Fan",Hardware,CHASSIS,Others,Others,,1,8/1/22,3/31/23,2023,2023 Q3,SNTP,204690491,8/1/17,2018,2018 Q1,9/9/20,12/8/24,9/9/21,9/30/25,2026,2026 Q1,N,ENTERGY CORPORATION,181149,ENTERGY SERVICES INC,26853,ENTERGY SERVICES INC,177639549,"Entergy Services, Inc.",2000438930,700 LOUISIANA ST,LITTLE ROCK,AR,Minor,47912.2
N/A,NOT COVERED,EXPIRED,Data Center Networking,NX2/4/5/6K,N2000,N2K-C2348TQ4F,Nexus 2348TQ with 2FET-40G and 8FET-10G,Hardware,CHASSIS,Others,Others,,1,8/1/22,3/31/23,2023,2023 Q3,SNTP,204690491,8/1/17,2018,2018 Q1,9/9/20,12/8/24,9/9/21,9/30/25,2026,2026 Q1,N,ENTERGY CORPORATION,181149,ENTERGY SERVICES INC,26853,ENTERGY SERVICES INC,177639549,"Entergy Services, Inc.",2000438930,700 LOUISIANA ST,LITTLE ROCK,AR,Major,47912
N/A,NOT COVERED,EXPIRED,Data Center Networking,NX2/4/5/6K,N2000,N2K-F40G-F10G,N2K Uplink option FET-40G to FET-10G,Hardware,CARD,Others,Others,,1,8/1/22,3/31/23,2023,2023 Q3,SNTP,204690491,8/1/17,2018,2018 Q1,8/24/22,11/22/26,8/24/23,8/31/27,2028,2028 Q1,N,ENTERGY CORPORATION,181149,ENTERGY SERVICES INC,26853,ENTERGY SERVICES INC,177639549,"Entergy Services, Inc.",2000438930,700 LOUISIANA ST,LITTLE ROCK,AR,Minor,47912.1
N/A,NOT COVERED,EXPIRED,Data Center Networking,NX2/4/5/6K,N2000,N2K-C2348TQ4F,Nexus 2348TQ with 2FET-40G and 8FET-10G,Hardware,CHASSIS,Others,Others,,1,8/1/22,3/31/23,2023,2023 Q3,SNTP,204690491,8/1/17,2018,2018 Q1,9/9/20,12/8/24,9/9/21,9/30/25,2026,2026 Q1,N,ENTERGY CORPORATION,181149,ENTERGY SERVICES INC,26853,ENTERGY SERVICES INC,177639549,"Entergy Services, Inc.",2000438930,700 LOUISIANA ST,LITTLE ROCK,AR,Major,47913
N/A,NOT COVERED,EXPIRED,Data Center Networking,NX2/4/5/6K,N2000,N2K-F40G-F10G,N2K Uplink option FET-40G to FET-10G,Hardware,CARD,Others,Others,,1,8/1/22,3/31/23,2023,2023 Q3,SNTP,204690491,8/1/17,2018,2018 Q1,8/24/22,11/22/26,8/24/23,8/31/27,2028,2028 Q1,N,ENTERGY CORPORATION,181149,ENTERGY SERVICES INC,26853,ENTERGY SERVICES INC,177639549,"Entergy Services, Inc.",2000438930,700 LOUISIANA ST,LITTLE ROCK,AR,Minor,47913.1
N/A,NOT COVERED,EXPIRED,Data Center Networking,NX2/4/5/6K,N2000,N2K-C2348TQ4F,Nexus 2348TQ with 2FET-40G and 8FET-10G,Hardware,CHASSIS,Others,Others,,1,8/1/22,3/31/23,2023,2023 Q3,SNTP,204690491,8/1/17,2018,2018 Q1,9/9/20,12/8/24,9/9/21,9/30/25,2026,2026 Q1,N,ENTERGY CORPORATION,181149,ENTERGY SERVICES INC,26853,ENTERGY SERVICES INC,177639549,"Entergy Services, Inc.",2000438930,700 LOUISIANA ST,LITTLE ROCK,AR,Major,47914
N/A,NOT COVERED,EXPIRED,Data Center Networking,NX2/4/5/6K,N2000,N2K-F40G-F10G,N2K Uplink option FET-40G to FET-10G,Hardware,CARD,Others,Others,,1,8/1/22,3/31/23,2023,2023 Q3,SNTP,204690491,8/1/17,2018,2018 Q1,8/24/22,11/22/26,8/24/23,8/31/27,2028,2028 Q1,N,ENTERGY CORPORATION,181149,ENTERGY SERVICES INC,26853,ENTERGY SERVICES INC,177639549,"Entergy Services, Inc.",2000438930,700 LOUISIANA ST,LITTLE ROCK,AR,Minor,47914.1
N/A,NOT COVERED,EXPIRED,Data Center Networking,NX2/4/5/6K,N2000,N2K-C2348TQ4F,Nexus 2348TQ with 2FET-40G and 8FET-10G,Hardware,CHASSIS,Others,Others,,1,8/1/22,3/31/23,2023,2023 Q3,SNTP,204690491,8/1/17,2018,2018 Q1,9/9/20,12/8/24,9/9/21,9/30/25,2026,2026 Q1,N,ENTERGY CORPORATION,181149,ENTERGY SERVICES INC,26853,ENTERGY SERVICES INC,177639549,"Entergy Services, Inc.",2000438930,700 LOUISIANA ST,LITTLE ROCK,AR,Major,47915
N/A,NOT COVERED,EXPIRED,Data Center Networking,NX2/4/5/6K,N2000,N2K-F40G-F10G,N2K Uplink option FET-40G to FET-10G,Hardware,CARD,Others,Others,,1,8/1/22,3/31/23,2023,2023 Q3,SNTP,204690491,8/1/17,2018,2018 Q1,8/24/22,11/22/26,8/24/23,8/31/27,2028,2028 Q1,N,ENTERGY CORPORATION,181149,ENTERGY SERVICES INC,26853,ENTERGY SERVICES INC,177639549,"Entergy Services, Inc.",2000438930,700 LOUISIANA ST,LITTLE ROCK,AR,Minor,47915.1
FXS2128Q2SQ,COVERED,ACTIVE,Data Center Networking,NX7K,N7000,C1-N7706-B26S2E-R,"Cisco ONE N7706 Bundle (Chassis,2xSUP2E,6xFAB2),NoPowSup",Hardware,CHASSIS,Cisco One - Transactional - Perpetual,Cisco One,,1,4/1/24,2/28/26,2026,2026 Q3,SNTP,205483789,8/5/17,2018,2018 Q1,3/1/21,5/27/25,3/1/22,2/28/26,2026,2026 Q3,N,ENTERGY CORPORATION,181149,ENTERGY SERVICES INC,26853,ENTERGY SERVICES INC,177639549,"Entergy Services, Inc.",2000438930,700 LOUISIANA ST,LITTLE ROCK,AR,Major,48105
FXS2128Q2SW,COVERED,ACTIVE,Data Center Networking,NX7K,N7000,C1-N7706-B26S2E-R,"Cisco ONE N7706 Bundle (Chassis,2xSUP2E,6xFAB2),NoPowSup",Hardware,CHASSIS,Cisco One - Transactional - Perpetual,Cisco One,,1,4/1/24,2/28/26,2026,2026 Q3,SNTP,205483789,8/5/17,2018,2018 Q1,3/1/21,5/27/25,3/1/22,2/28/26,2026,2026 Q3,N,ENTERGY CORPORATION,181149,ENTERGY SERVICES INC,26853,ENTERGY SERVICES INC,177639549,"Entergy Services, Inc.",2000438930,700 LOUISIANA ST,LITTLE ROCK,AR,Major,48104
FOX2048G9P8,COVERED,ACTIVE,Data Center Networking,NX2/4/5/6K,N2000,N2248TP-E-FA-BUN,"Standard Airflow packN2K-C2248TP-E-1GE, 2 AC PS, 1Fan",Hardware,CHASSIS,Others,Others,,1,4/1/23,3/31/26,2026,2026 Q3,SNT,205483789,8/24/17,2018,2018 Q1,8/24/22,11/22/26,8/24/23,8/31/27,2028,2028 Q1,Y,ENTERGY CORPORATION,181149,ENTERGY SERVICES INC,26853,ENTERGY SERVICES INC,888373,"Entergy Services, Inc.",2000585304,1340 ECHELON PKWY,JACKSON,MS,Minor,33906.2
FDO21371LHK,COVERED,ACTIVE,Data Center Networking,NX9K,N9300,C1-N9K-C93180YC-EX,Cisco ONE Nexus 9300 with 48p 10/25G SFP+ and 6p 100G QSFP28,Hardware,CHASSIS,Cisco One - Transactional - Perpetual,Cisco One,,1,4/1/23,2/28/26,2026,2026 Q3,SNTP,205483789,11/1/17,2018,2018 Q2,3/1/21,5/27/25,3/1/22,2/28/26,2026,2026 Q3,N,ENTERGY CORPORATION,181149,ENTERGY SERVICES INC,26853,ENTERGY SERVICES INC,177639549,ENTERGY SERVICES INC,1038110409,700 LOUISIANA ST,LITTLE ROCK,AR,Major,50164
FDO213729HC,COVERED,ACTIVE,Data Center Networking,NX9K,N9300,C1-N9K-C93180YC-EX,Cisco ONE Nexus 9300 with 48p 10/25G SFP+ and 6p 100G QSFP28,Hardware,CHASSIS,Cisco One - Transactional - Perpetual,Cisco One,,1,4/1/23,2/28/26,2026,2026 Q3,SNTP,205483789,11/1/17,2018,2018 Q2,3/1/21,5/27/25,3/1/22,2/28/26,2026,2026 Q3,N,ENTERGY CORPORATION,181149,ENTERGY SERVICES INC,26853,ENTERGY SERVICES INC,177639549,ENTERGY SERVICES INC,1038110409,700 LOUISIANA ST,LITTLE ROCK,AR,Major,50165
FDO213904AD,NOT COVERED,EXPIRED,Data Center Networking,NX9K,N9300,C1-N9K-C93180YC-EX,Cisco ONE Nexus 9300 with 48p 10/25G SFP+ and 6p 100G QSFP28,Hardware,CHASSIS,Cisco One - Transactional - Perpetual,Cisco One,,1,11/1/22,3/31/23,2023,2023 Q3,SNTP,204690491,11/2/17,2018,2018 Q2,3/1/21,5/27/25,3/1/22,2/28/26,2026,2026 Q3,N,ENTERGY CORPORATION,181149,ENTERGY SERVICES INC,26853,ENTERGY SERVICES INC,177639549,ENTERGY SERVICES,403867303,700 LOUISIANA ST,LITTLE ROCK,AR,Major,50186
FDO213904H3,NOT COVERED,EXPIRED,Data Center Networking,NX9K,N9300,C1-N9K-C93180YC-EX,Cisco ONE Nexus 9300 with 48p 10/25G SFP+ and 6p 100G QSFP28,Hardware,CHASSIS,Cisco One - Transactional - Perpetual,Cisco One,,1,11/1/22,3/31/23,2023,2023 Q3,SNTP,204690491,11/2/17,2018,2018 Q2,3/1/21,5/27/25,3/1/22,2/28/26,2026,2026 Q3,N,ENTERGY CORPORATION,181149,ENTERGY SERVICES INC,26853,ENTERGY SERVICES INC,177639549,ENTERGY SERVICES,403867303,700 LOUISIANA ST,LITTLE ROCK,AR,Major,50187
FDO21372CGU,COVERED,ACTIVE,Data Center Networking,NX9K,N9300,C1-N9K-C93180YC-EX,Cisco ONE Nexus 9300 with 48p 10/25G SFP+ and 6p 100G QSFP28,Hardware,CHASSIS,Cisco One - Transactional - Perpetual,Cisco One,,1,4/1/23,2/28/26,2026,2026 Q3,SNTP,205483789,11/6/17,2018,2018 Q2,3/1/21,5/27/25,3/1/22,2/28/26,2026,2026 Q3,N,ENTERGY CORPORATION,181149,ENTERGY SERVICES INC,26853,ENTERGY SERVICES INC,888373,"ENTERGY SERVICES, INC.",404264235,1340 ECHELON PKWY,JACKSON,MS,Major,50261
FDO21391BQN,COVERED,ACTIVE,Data Center Networking,NX9K,N9300,C1-N9K-C93180YC-EX,Cisco ONE Nexus 9300 with 48p 10/25G SFP+ and 6p 100G QSFP28,Hardware,CHASSIS,Cisco One - Transactional - Perpetual,Cisco One,,1,4/1/23,2/28/26,2026,2026 Q3,SNTP,205483789,11/6/17,2018,2018 Q2,3/1/21,5/27/25,3/1/22,2/28/26,2026,2026 Q3,N,ENTERGY CORPORATION,181149,ENTERGY SERVICES INC,26853,ENTERGY SERVICES INC,888373,"ENTERGY SERVICES, INC.",404264235,1340 ECHELON PKWY,JACKSON,MS,Major,50262
FDO213904DP,NOT COVERED,EXPIRED,Data Center Networking,NX9K,N9300,C1-N9K-C93180YC-EX,Cisco ONE Nexus 9300 with 48p 10/25G SFP+ and 6p 100G QSFP28,Hardware,CHASSIS,Cisco One - Transactional - Perpetual,Cisco One,,1,11/7/22,3/31/23,2023,2023 Q3,SNTP,204690491,11/8/17,2018,2018 Q2,3/1/21,5/27/25,3/1/22,2/28/26,2026,2026 Q3,N,ENTERGY CORPORATION,181149,ENTERGY SERVICES INC,26853,ENTERGY SERVICES INC,888373,"ENTERGY SERVICES, INC.",404264235,1340 ECHELON PKWY,JACKSON,MS,Major,50950
FDO213904EC,NOT COVERED,EXPIRED,Data Center Networking,NX9K,N9300,C1-N9K-C93180YC-EX,Cisco ONE Nexus 9300 with 48p 10/25G SFP+ and 6p 100G QSFP28,Hardware,CHASSIS,Cisco One - Transactional - Perpetual,Cisco One,,1,11/7/22,3/31/23,2023,2023 Q3,SNTP,204690491,11/8/17,2018,2018 Q2,3/1/21,5/27/25,3/1/22,2/28/26,2026,2026 Q3,N,ENTERGY CORPORATION,181149,ENTERGY SERVICES INC,26853,ENTERGY SERVICES INC,888373,"ENTERGY SERVICES, INC.",404264235,1340 ECHELON PKWY,JACKSON,MS,Major,50951
FOX2145P3TA,NOT COVERED,EXPIRED,Data Center Networking,NX2/4/5/6K,N5000,N5K-C5596UP-NFA,"Nexus 5596 UP chassis, 2 PS and 4 Fans",Hardware,CHASSIS,Others,Others,,1,8/2/23,5/31/24,2024,2024 Q4,SNT,205483789,1/11/18,2018,2018 Q2,5/5/19,8/3/23,5/4/20,5/31/24,2024,2024 Q4,N,ENTERGY CORPORATION,181149,ENTERGY CORPORATION,181149,ENTERGY CORPORATION,151965991,ENTERGY CORPORATION,2001712260,10055 GROGANS MILL RD,SPRING,TX,Major,52694
FOX2135P5P9,NOT COVERED,EXPIRED,Data Center Networking,NX2/4/5/6K,N5000,N5K-C5596UP-NFA,"Nexus 5596 UP chassis, 2 PS and 4 Fans",Hardware,CHASSIS,Others,Others,,1,8/2/23,5/31/24,2024,2024 Q4,SNT,205483789,1/29/18,2018,2018 Q3,5/5/19,8/3/23,5/4/20,5/31/24,2024,2024 Q4,N,ENTERGY CORPORATION,181149,ENTERGY CORPORATION,181149,ENTERGY CORPORATION,151965991,ENTERGY CORPORATION,2001712260,10055 GROGANS MILL RD,SPRING,TX,Major,53205
FOX2148PK1H,NOT COVERED,EXPIRED,Data Center Networking,NX2/4/5/6K,N5000,N5K-C5596UP-NFA,"Nexus 5596 UP chassis, 2 PS and 4 Fans",Hardware,CHASSIS,Others,Others,,1,8/2/23,5/31/24,2024,2024 Q4,SNT,205483789,1/29/18,2018,2018 Q3,5/5/19,8/3/23,5/4/20,5/31/24,2024,2024 Q4,N,ENTERGY CORPORATION,181149,ENTERGY CORPORATION,181149,ENTERGY CORPORATION,151965991,ENTERGY CORPORATION,2001712260,10055 GROGANS MILL RD,SPRING,TX,Major,53203
FOX2148PK1W,NOT COVERED,EXPIRED,Data Center Networking,NX2/4/5/6K,N5000,N5K-C5596UP-NFA,"Nexus 5596 UP chassis, 2 PS and 4 Fans",Hardware,CHASSIS,Others,Others,,1,8/2/23,5/31/24,2024,2024 Q4,SNT,205483789,1/29/18,2018,2018 Q3,5/5/19,8/3/23,5/4/20,5/31/24,2024,2024 Q4,N,ENTERGY CORPORATION,181149,ENTERGY CORPORATION,181149,ENTERGY CORPORATION,151965991,ENTERGY CORPORATION,2001712260,10055 GROGANS MILL RD,SPRING,TX,Major,53204
SSI2115024Z,NOT COVERED,EXPIRED,Data Center Networking,NX2/4/5/6K,N5000,N5K-C5548UP-FA,"Nexus 5548 UP Chassis, 32 10GbE Ports, 2 PS, 2 Fans",Hardware,CHASSIS,Others,Others,,1,4/1/24,5/31/24,2024,2024 Q4,C4P,200283805,3/5/18,2018,2018 Q3,5/5/19,8/3/23,5/4/20,5/31/24,2024,2024 Q4,Y,ENTERGY CORPORATION,181149,ENTERGY SERVICES INC,26853,SILVER SPRING NETWORKS C O ENTERGY CORPORATION,325681118,SILVER SPRING NETWORKS C O ENTERGY CORPORATION,1018321242,1300 ECHELON PKWY,JACKSON,MS,Major,54040
SSI2115025A,NOT COVERED,EXPIRED,Data Center Networking,NX2/4/5/6K,N5000,N5K-C5548UP-FA,"Nexus 5548 UP Chassis, 32 10GbE Ports, 2 PS, 2 Fans",Hardware,CHASSIS,Others,Others,,1,4/1/24,5/31/24,2024,2024 Q4,C4P,200283805,3/5/18,2018,2018 Q3,5/5/19,8/3/23,5/4/20,5/31/24,2024,2024 Q4,Y,ENTERGY CORPORATION,181149,ENTERGY SERVICES INC,26853,SILVER SPRING NETWORKS C O ENTERGY CORPORATION,325681118,SILVER SPRING NETWORKS C O ENTERGY CORPORATION,1018321242,1300 ECHELON PKWY,JACKSON,MS,Major,54041
FOX2203P48B,COVERED,ACTIVE,Data Center Networking,NX2/4/5/6K,N2000,N2248TP-E-FA-BUN,"Standard Airflow packN2K-C2248TP-E-1GE, 2 AC PS, 1Fan",Hardware,CHASSIS,Others,Others,,1,8/1/24,7/31/25,2026,2026 Q1,C4P,200283805,4/9/18,2018,2018 Q3,8/24/22,11/22/26,8/24/23,8/31/27,2028,2028 Q1,Y,ENTERGY CORPORATION,181149,ENTERGY SERVICES INC,26853,SILVER SPRING NETWORKS C O ENTERGY CORPORATION,325681118,SILVER SPRING NETWORKS C O ENTERGY CORPORATION,1018321242,1300 ECHELON PKWY,JACKSON,MS,Minor,54828.1
FOX2203P4AC,COVERED,ACTIVE,Data Center Networking,NX2/4/5/6K,N2000,N2248TP-E-FA-BUN,"Standard Airflow packN2K-C2248TP-E-1GE, 2 AC PS, 1Fan",Hardware,CHASSIS,Others,Others,,1,8/1/24,7/31/25,2026,2026 Q1,C4P,200283805,4/9/18,2018,2018 Q3,8/24/22,11/22/26,8/24/23,8/31/27,2028,2028 Q1,Y,ENTERGY CORPORATION,181149,ENTERGY SERVICES INC,26853,SILVER SPRING NETWORKS C O ENTERGY CORPORATION,325681118,SILVER SPRING NETWORKS C O ENTERGY CORPORATION,1018321242,1300 ECHELON PKWY,JACKSON,MS,Minor,54827.1
N/A,COVERED,ACTIVE,Data Center Networking,NX2/4/5/6K,N2000,N2K-C2248TP-E,"N2K-C2248TP-E-1GE (48x100/1000-T+4x10GE), airflow/PS option",Hardware,CHASSIS,Others,Others,,1,8/1/24,7/31/25,2026,2026 Q1,C4P,200283805,4/9/18,2018,2018 Q3,8/24/22,11/22/26,8/24/23,8/31/27,2028,2028 Q1,Y,ENTERGY CORPORATION,181149,ENTERGY SERVICES INC,26853,SILVER SPRING NETWORKS C O ENTERGY CORPORATION,325681118,SILVER SPRING NETWORKS C O ENTERGY CORPORATION,1018321242,1300 ECHELON PKWY,JACKSON,MS,Major,54827
N/A,COVERED,ACTIVE,Data Center Networking,NX2/4/5/6K,N2000,N2K-C2248TP-E,"N2K-C2248TP-E-1GE (48x100/1000-T+4x10GE), airflow/PS option",Hardware,CHASSIS,Others,Others,,1,8/1/24,7/31/25,2026,2026 Q1,C4P,200283805,4/9/18,2018,2018 Q3,8/24/22,11/22/26,8/24/23,8/31/27,2028,2028 Q1,Y,ENTERGY CORPORATION,181149,ENTERGY SERVICES INC,26853,SILVER SPRING NETWORKS C O ENTERGY CORPORATION,325681118,SILVER SPRING NETWORKS C O ENTERGY CORPORATION,1018321242,1300 ECHELON PKWY,JACKSON,MS,Major,54828
N/A,COVERED,ACTIVE,Data Center Networking,SAN,MDS9000,DS-9396S-KIT-CSCO,MDS 9396S Accessory Kit for Cisco,Hardware,CARD,Others,Others,,1,8/2/23,4/26/25,2025,2025 Q3,SNT,205483789,4/25/18,2018,2018 Q3,6/10/22,9/5/26,6/10/23,6/30/27,2027,2027 Q4,N,ENTERGY CORPORATION,181149,ENTERGY CORPORATION,181149,ENTERGY CORPORATION,181149,ENTERGY CORP.,1013765114,639 LOYOLA AVE,NEW ORLEANS,LA,Minor,55037.99
N/A,COVERED,ACTIVE,Data Center Networking,SAN,MDS9000,DS-9396S-KIT-CSCO,MDS 9396S Accessory Kit for Cisco,Hardware,CARD,Others,Others,,1,8/2/23,4/26/25,2025,2025 Q3,SNT,205483789,4/25/18,2018,2018 Q3,6/10/22,9/5/26,6/10/23,6/30/27,2027,2027 Q4,N,ENTERGY CORPORATION,181149,ENTERGY CORPORATION,181149,ENTERGY CORPORATION,181149,ENTERGY CORP.,1013765114,639 LOYOLA AVE,NEW ORLEANS,LA,Minor,55038.99
N/A,COVERED,ACTIVE,Data Center Networking,SAN,MDS9000,DS-9396S-KIT-CSCO,MDS 9396S Accessory Kit for Cisco,Hardware,CARD,Others,Others,,1,8/2/23,4/26/25,2025,2025 Q3,SNT,205483789,4/25/18,2018,2018 Q3,6/10/22,9/5/26,6/10/23,6/30/27,2027,2027 Q4,N,ENTERGY CORPORATION,181149,ENTERGY CORPORATION,181149,ENTERGY CORPORATION,181149,ENTERGY CORP.,1013765114,639 LOYOLA AVE,NEW ORLEANS,LA,Minor,55039.97
N/A,COVERED,ACTIVE,Data Center Networking,SAN,MDS9000,DS-9396S-KIT-CSCO,MDS 9396S Accessory Kit for Cisco,Hardware,CARD,Others,Others,,1,8/2/23,4/26/25,2025,2025 Q3,SNT,205483789,4/25/18,2018,2018 Q3,6/10/22,9/5/26,6/10/23,6/30/27,2027,2027 Q4,N,ENTERGY CORPORATION,181149,ENTERGY CORPORATION,181149,ENTERGY CORPORATION,181149,ENTERGY CORP.,1013765114,639 LOYOLA AVE,NEW ORLEANS,LA,Minor,81500.99
FDO220911PE,COVERED,ACTIVE,Data Center Networking,NX9K,N9300,N9K-C93180YC-EX,Nexus 9300 with 48p 10/25G SFP+ and 6p 100G QSFP28,Hardware,CHASSIS,Others,Others,,1,5/2/23,3/31/26,2026,2026 Q3,SNT,205483789,5/2/18,2018,2018 Q4,8/9/22,11/7/26,8/9/23,8/31/27,2028,2028 Q1,Y,ENTERGY CORPORATION,181149,ENTERGY SERVICES INC,26853,ENTERGY SERVICES INC,177639549,"Entergy Services, Inc.",2000438930,700 LOUISIANA ST,LITTLE ROCK,AR,Major,55196
FDO22122N7L,COVERED,ACTIVE,Data Center Networking,NX9K,N9300,N9K-C93180YC-EX,Nexus 9300 with 48p 10/25G SFP+ and 6p 100G QSFP28,Hardware,CHASSIS,Others,Others,,1,5/2/23,3/31/26,2026,2026 Q3,SNT,205483789,5/2/18,2018,2018 Q4,8/9/22,11/7/26,8/9/23,8/31/27,2028,2028 Q1,Y,ENTERGY CORPORATION,181149,ENTERGY SERVICES INC,26853,ENTERGY SERVICES INC,177639549,"Entergy Services, Inc.",2000438930,700 LOUISIANA ST,LITTLE ROCK,AR,Major,55197
FDO221418ZN,COVERED,ACTIVE,Data Center Networking,NX9K,N9300,N9K-C93180YC-EX,Nexus 9300 with 48p 10/25G SFP+ and 6p 100G QSFP28,Hardware,CHASSIS,Others,Others,,1,5/2/23,3/31/26,2026,2026 Q3,SNT,205483789,5/2/18,2018,2018 Q4,8/9/22,11/7/26,8/9/23,8/31/27,2028,2028 Q1,Y,ENTERGY CORPORATION,181149,ENTERGY SERVICES INC,26853,ENTERGY SERVICES INC,888373,"ENTERGY SERVICES, INC.",404264235,1340 ECHELON PKWY,JACKSON,MS,Major,55201
FDO22141QBV,COVERED,ACTIVE,Data Center Networking,NX9K,N9300,N9K-C93180YC-EX,Nexus 9300 with 48p 10/25G SFP+ and 6p 100G QSFP28,Hardware,CHASSIS,Others,Others,,1,5/2/23,3/31/26,2026,2026 Q3,SNT,205483789,5/2/18,2018,2018 Q4,8/9/22,11/7/26,8/9/23,8/31/27,2028,2028 Q1,Y,ENTERGY CORPORATION,181149,ENTERGY SERVICES INC,26853,ENTERGY SERVICES INC,888373,"ENTERGY SERVICES, INC.",404264235,1340 ECHELON PKWY,JACKSON,MS,Major,55203
FDO22141QE2,COVERED,ACTIVE,Data Center Networking,NX9K,N9300,N9K-C93180YC-EX,Nexus 9300 with 48p 10/25G SFP+ and 6p 100G QSFP28,Hardware,CHASSIS,Others,Others,,1,5/2/23,3/31/26,2026,2026 Q3,SNT,205483789,5/2/18,2018,2018 Q4,8/9/22,11/7/26,8/9/23,8/31/27,2028,2028 Q1,Y,ENTERGY CORPORATION,181149,ENTERGY SERVICES INC,26853,ENTERGY SERVICES INC,888373,"ENTERGY SERVICES, INC.",404264235,1340 ECHELON PKWY,JACKSON,MS,Major,55202
FDO22141QE6,COVERED,ACTIVE,Data Center Networking,NX9K,N9300,N9K-C93180YC-EX,Nexus 9300 with 48p 10/25G SFP+ and 6p 100G QSFP28,Hardware,CHASSIS,Others,Others,,1,5/2/23,3/31/26,2026,2026 Q3,SNT,205483789,5/2/18,2018,2018 Q4,8/9/22,11/7/26,8/9/23,8/31/27,2028,2028 Q1,Y,ENTERGY CORPORATION,181149,ENTERGY SERVICES INC,26853,ENTERGY SERVICES INC,177639549,"Entergy Services, Inc.",2000438930,700 LOUISIANA ST,LITTLE ROCK,AR,Major,55199
FDO22141QED,COVERED,ACTIVE,Data Center Networking,NX9K,N9300,N9K-C93180YC-EX,Nexus 9300 with 48p 10/25G SFP+ and 6p 100G QSFP28,Hardware,CHASSIS,Others,Others,,1,5/2/23,3/31/26,2026,2026 Q3,SNT,205483789,5/2/18,2018,2018 Q4,8/9/22,11/7/26,8/9/23,8/31/27,2028,2028 Q1,Y,ENTERGY CORPORATION,181149,ENTERGY SERVICES INC,26853,ENTERGY SERVICES INC,177639549,"Entergy Services, Inc.",2000438930,700 LOUISIANA ST,LITTLE ROCK,AR,Major,55198
FDO22141QKS,COVERED,ACTIVE,Data Center Networking,NX9K,N9300,N9K-C93180YC-EX,Nexus 9300 with 48p 10/25G SFP+ and 6p 100G QSFP28,Hardware,CHASSIS,Others,Others,,1,5/2/23,3/31/26,2026,2026 Q3,SNT,205483789,5/2/18,2018,2018 Q4,8/9/22,11/7/26,8/9/23,8/31/27,2028,2028 Q1,Y,ENTERGY CORPORATION,181149,ENTERGY SERVICES INC,26853,ENTERGY SERVICES INC,888373,"ENTERGY SERVICES, INC.",404264235,1340 ECHELON PKWY,JACKSON,MS,Major,55200
FIW2203002K,COVERED,ACTIVE,Data Center Networking,Optics - DC Allocation,QSFP40G,FET-40G,40G Line Extender for FEX,Hardware,CARD,Others,Others,,1,5/26/23,9/30/25,2026,2026 Q1,SNT,205483789,5/26/18,2018,2018 Q4,,,,,,,N,ENTERGY CORPORATION,181149,ENTERGY SERVICES INC,26853,ENTERGY SERVICES INC,888373,"ENTERGY SERVICES, INC.",404264235,1340 ECHELON PKWY,JACKSON,MS,Minor,55771.18
FIW22030046,NOT COVERED,EXPIRED,Data Center Networking,Optics - DC Allocation,QSFP40G,FET-40G,40G Line Extender for FEX,Hardware,CARD,Others,Others,,1,5/26/18,5/25/23,2023,2023 Q4,SNT,92058507,5/26/18,2018,2018 Q4,,,,,,,N,ENTERGY CORPORATION,181149,ENTERGY SERVICES INC,26853,ENTERGY SERVICES INC,888373,"ENTERGY SERVICES, INC.",404264235,1340 ECHELON PKWY,JACKSON,MS,Minor,55784.18
FOC2208R0VZ,NOT COVERED,EXPIRED,Data Center Networking,NX2/4/5/6K,N2000,N2348TQ-E-FA-BUN,"Standard airflow pack N2K-C2348TQ-E, 2AC PS, 3 Fan",Hardware,CHASSIS,Others,Others,,1,5/26/18,5/25/23,2023,2023 Q4,SNT,92058507,5/26/18,2018,2018 Q4,8/24/22,11/22/26,8/24/23,8/31/27,2028,2028 Q1,Y,ENTERGY CORPORATION,181149,ENTERGY SERVICES INC,26853,ENTERGY SERVICES INC,888373,"ENTERGY SERVICES, INC.",404264235,1340 ECHELON PKWY,JACKSON,MS,Minor,55771.7
FOC2208R10H,NOT COVERED,EXPIRED,Data Center Networking,NX2/4/5/6K,N2000,N2348TQ-E-FA-BUN,"Standard airflow pack N2K-C2348TQ-E, 2AC PS, 3 Fan",Hardware,CHASSIS,Others,Others,,1,5/26/18,5/25/23,2023,2023 Q4,SNT,92058507,5/26/18,2018,2018 Q4,8/24/22,11/22/26,8/24/23,8/31/27,2028,2028 Q1,Y,ENTERGY CORPORATION,181149,ENTERGY SERVICES INC,26853,ENTERGY SERVICES INC,888373,"ENTERGY SERVICES, INC.",404264235,1340 ECHELON PKWY,JACKSON,MS,Minor,55777.7
FOC2211R1FY,COVERED,ACTIVE,Data Center Networking,NX2/4/5/6K,N2000,N2348TQ-E-FA-BUN,"Standard airflow pack N2K-C2348TQ-E, 2AC PS, 3 Fan",Hardware,CHASSIS,Others,Others,,1,5/26/23,9/30/25,2026,2026 Q1,SNT,205483789,5/26/18,2018,2018 Q4,8/24/22,11/22/26,8/24/23,8/31/27,2028,2028 Q1,Y,ENTERGY CORPORATION,181149,ENTERGY SERVICES INC,26853,ENTERGY SERVICES INC,888373,"ENTERGY SERVICES, INC.",404264235,1340 ECHELON PKWY,JACKSON,MS,Minor,55787.7
FOC2212R0G7,COVERED,ACTIVE,Data Center Networking,NX2/4/5/6K,N2000,N2348TQ-E-FA-BUN,"Standard airflow pack N2K-C2348TQ-E, 2AC PS, 3 Fan",Hardware,CHASSIS,Others,Others,,1,5/26/23,9/30/25,2026,2026 Q1,SNT,205483789,5/26/18,2018,2018 Q4,8/24/22,11/22/26,8/24/23,8/31/27,2028,2028 Q1,Y,ENTERGY CORPORATION,181149,ENTERGY SERVICES INC,26853,ENTERGY SERVICES INC,888373,"ENTERGY SERVICES, INC.",404264235,1340 ECHELON PKWY,JACKSON,MS,Minor,55789.7
FOC2212R1TY,NOT COVERED,EXPIRED,Data Center Networking,NX2/4/5/6K,N2000,N2348TQ-E-FA-BUN,"Standard airflow pack N2K-C2348TQ-E, 2AC PS, 3 Fan",Hardware,CHASSIS,Others,Others,,1,5/26/18,5/25/23,2023,2023 Q4,SNT,92058507,5/26/18,2018,2018 Q4,8/24/22,11/22/26,8/24/23,8/31/27,2028,2028 Q1,Y,ENTERGY CORPORATION,181149,ENTERGY SERVICES INC,26853,ENTERGY SERVICES INC,888373,"ENTERGY SERVICES, INC.",404264235,1340 ECHELON PKWY,JACKSON,MS,Minor,55780.7
FOC2213R12C,NOT COVERED,EXPIRED,Data Center Networking,NX2/4/5/6K,N2000,N2348TQ-E-FA-BUN,"Standard airflow pack N2K-C2348TQ-E, 2AC PS, 3 Fan",Hardware,CHASSIS,Others,Others,,1,5/26/18,5/25/23,2023,2023 Q4,SNT,92058507,5/26/18,2018,2018 Q4,8/24/22,11/22/26,8/24/23,8/31/27,2028,2028 Q1,Y,ENTERGY CORPORATION,181149,ENTERGY SERVICES INC,26853,ENTERGY SERVICES INC,888373,"ENTERGY SERVICES, INC.",404264235,1340 ECHELON PKWY,JACKSON,MS,Minor,55774.7
FOC2213R1Z4,COVERED,ACTIVE,Data Center Networking,NX2/4/5/6K,N2000,N2348TQ-E-FA-BUN,"Standard airflow pack N2K-C2348TQ-E, 2AC PS, 3 Fan",Hardware,CHASSIS,Others,Others,,1,5/26/23,9/30/25,2026,2026 Q1,SNT,205483789,5/26/18,2018,2018 Q4,8/24/22,11/22/26,8/24/23,8/31/27,2028,2028 Q1,Y,ENTERGY CORPORATION,181149,ENTERGY SERVICES INC,26853,ENTERGY SERVICES INC,888373,"ENTERGY SERVICES, INC.",404264235,1340 ECHELON PKWY,JACKSON,MS,Minor,55778.7
FOC2215R1LP,NOT COVERED,EXPIRED,Data Center Networking,NX2/4/5/6K,N2000,N2348TQ-E-FA-BUN,"Standard airflow pack N2K-C2348TQ-E, 2AC PS, 3 Fan",Hardware,CHASSIS,Others,Others,,1,5/26/18,5/25/23,2023,2023 Q4,SNT,92058507,5/26/18,2018,2018 Q4,8/24/22,11/22/26,8/24/23,8/31/27,2028,2028 Q1,Y,ENTERGY CORPORATION,181149,ENTERGY SERVICES INC,26853,ENTERGY SERVICES INC,888373,"ENTERGY SERVICES, INC.",404264235,1340 ECHELON PKWY,JACKSON,MS,Minor,55768.7
FOC2215R1MJ,COVERED,ACTIVE,Data Center Networking,NX2/4/5/6K,N2000,N2348TQ-E-FA-BUN,"Standard airflow pack N2K-C2348TQ-E, 2AC PS, 3 Fan",Hardware,CHASSIS,Others,Others,,1,5/26/23,9/30/25,2026,2026 Q1,SNT,205483789,5/26/18,2018,2018 Q4,8/24/22,11/22/26,8/24/23,8/31/27,2028,2028 Q1,Y,ENTERGY CORPORATION,181149,ENTERGY SERVICES INC,26853,ENTERGY SERVICES INC,888373,"ENTERGY SERVICES, INC.",404264235,1340 ECHELON PKWY,JACKSON,MS,Minor,55770.7
FOC2215R1NN,NOT COVERED,EXPIRED,Data Center Networking,NX2/4/5/6K,N2000,N2348TQ-E-FA-BUN,"Standard airflow pack N2K-C2348TQ-E, 2AC PS, 3 Fan",Hardware,CHASSIS,Others,Others,,1,5/26/18,5/25/23,2023,2023 Q4,SNT,92058507,5/26/18,2018,2018 Q4,8/24/22,11/22/26,8/24/23,8/31/27,2028,2028 Q1,Y,ENTERGY CORPORATION,181149,ENTERGY SERVICES INC,26853,ENTERGY SERVICES INC,888373,"ENTERGY SERVICES, INC.",404264235,1340 ECHELON PKWY,JACKSON,MS,Minor,55779.7
FOC2215R1P7,NOT COVERED,EXPIRED,Data Center Networking,NX2/4/5/6K,N2000,N2348TQ-E-FA-BUN,"Standard airflow pack N2K-C2348TQ-E, 2AC PS, 3 Fan",Hardware,CHASSIS,Others,Others,,1,5/26/18,5/25/23,2023,2023 Q4,SNT,92058507,5/26/18,2018,2018 Q4,8/24/22,11/22/26,8/24/23,8/31/27,2028,2028 Q1,Y,ENTERGY CORPORATION,181149,ENTERGY SERVICES INC,26853,ENTERGY SERVICES INC,888373,"ENTERGY SERVICES, INC.",404264235,1340 ECHELON PKWY,JACKSON,MS,Minor,55775.7
FOC2215R1PA,NOT COVERED,EXPIRED,Data Center Networking,NX2/4/5/6K,N2000,N2348TQ-E-FA-BUN,"Standard airflow pack N2K-C2348TQ-E, 2AC PS, 3 Fan",Hardware,CHASSIS,Others,Others,,1,5/26/18,5/25/23,2023,2023 Q4,SNT,92058507,5/26/18,2018,2018 Q4,8/24/22,11/22/26,8/24/23,8/31/27,2028,2028 Q1,Y,ENTERGY CORPORATION,181149,ENTERGY SERVICES INC,26853,ENTERGY SERVICES INC,888373,"ENTERGY SERVICES, INC.",404264235,1340 ECHELON PKWY,JACKSON,MS,Minor,55783.7
FOC2215R1PN,COVERED,ACTIVE,Data Center Networking,NX2/4/5/6K,N2000,N2348TQ-E-FA-BUN,"Standard airflow pack N2K-C2348TQ-E, 2AC PS, 3 Fan",Hardware,CHASSIS,Others,Others,,1,5/26/23,9/30/25,2026,2026 Q1,SNT,205483789,5/26/18,2018,2018 Q4,8/24/22,11/22/26,8/24/23,8/31/27,2028,2028 Q1,Y,ENTERGY CORPORATION,181149,ENTERGY SERVICES INC,26853,ENTERGY SERVICES INC,888373,"ENTERGY SERVICES, INC.",404264235,1340 ECHELON PKWY,JACKSON,MS,Minor,55786.7
FOC2215R1PS,COVERED,ACTIVE,Data Center Networking,NX2/4/5/6K,N2000,N2348TQ-E-FA-BUN,"Standard airflow pack N2K-C2348TQ-E, 2AC PS, 3 Fan",Hardware,CHASSIS,Others,Others,,1,5/26/23,9/30/25,2026,2026 Q1,SNT,205483789,5/26/18,2018,2018 Q4,8/24/22,11/22/26,8/24/23,8/31/27,2028,2028 Q1,Y,ENTERGY CORPORATION,181149,ENTERGY SERVICES INC,26853,ENTERGY SERVICES INC,888373,"ENTERGY SERVICES, INC.",404264235,1340 ECHELON PKWY,JACKSON,MS,Minor,55772.7
FOC2215R1RV,NOT COVERED,EXPIRED,Data Center Networking,NX2/4/5/6K,N2000,N2348TQ-E-FA-BUN,"Standard airflow pack N2K-C2348TQ-E, 2AC PS, 3 Fan",Hardware,CHASSIS,Others,Others,,1,5/26/18,5/25/23,2023,2023 Q4,SNT,92058507,5/26/18,2018,2018 Q4,8/24/22,11/22/26,8/24/23,8/31/27,2028,2028 Q1,Y,ENTERGY CORPORATION,181149,ENTERGY SERVICES INC,26853,ENTERGY SERVICES INC,888373,"ENTERGY SERVICES, INC.",404264235,1340 ECHELON PKWY,JACKSON,MS,Minor,55784.7
FOC2215R1S2,COVERED,ACTIVE,Data Center Networking,NX2/4/5/6K,N2000,N2348TQ-E-FA-BUN,"Standard airflow pack N2K-C2348TQ-E, 2AC PS, 3 Fan",Hardware,CHASSIS,Others,Others,,1,5/26/23,9/30/25,2026,2026 Q1,SNT,205483789,5/26/18,2018,2018 Q4,8/24/22,11/22/26,8/24/23,8/31/27,2028,2028 Q1,Y,ENTERGY CORPORATION,181149,ENTERGY SERVICES INC,26853,ENTERGY SERVICES INC,888373,"ENTERGY SERVICES, INC.",404264235,1340 ECHELON PKWY,JACKSON,MS,Minor,55782.7
FOC2215R1TH,COVERED,ACTIVE,Data Center Networking,NX2/4/5/6K,N2000,N2348TQ-E-FA-BUN,"Standard airflow pack N2K-C2348TQ-E, 2AC PS, 3 Fan",Hardware,CHASSIS,Others,Others,,1,5/26/23,9/30/25,2026,2026 Q1,SNT,205483789,5/26/18,2018,2018 Q4,8/24/22,11/22/26,8/24/23,8/31/27,2028,2028 Q1,Y,ENTERGY CORPORATION,181149,ENTERGY SERVICES INC,26853,ENTERGY SERVICES INC,888373,"ENTERGY SERVICES, INC.",404264235,1340 ECHELON PKWY,JACKSON,MS,Minor,55776.7
FOC2215R1U4,NOT COVERED,EXPIRED,Data Center Networking,NX2/4/5/6K,N2000,N2348TQ-E-FA-BUN,"Standard airflow pack N2K-C2348TQ-E, 2AC PS, 3 Fan",Hardware,CHASSIS,Others,Others,,1,5/26/18,5/25/23,2023,2023 Q4,SNT,92058507,5/26/18,2018,2018 Q4,8/24/22,11/22/26,8/24/23,8/31/27,2028,2028 Q1,Y,ENTERGY CORPORATION,181149,ENTERGY SERVICES INC,26853,ENTERGY SERVICES INC,888373,"ENTERGY SERVICES, INC.",404264235,1340 ECHELON PKWY,JACKSON,MS,Minor,55788.7
FOC2215R1UH,NOT COVERED,EXPIRED,Data Center Networking,NX2/4/5/6K,N2000,N2348TQ-E-FA-BUN,"Standard airflow pack N2K-C2348TQ-E, 2AC PS, 3 Fan",Hardware,CHASSIS,Others,Others,,1,5/26/18,5/25/23,2023,2023 Q4,SNT,92058507,5/26/18,2018,2018 Q4,8/24/22,11/22/26,8/24/23,8/31/27,2028,2028 Q1,Y,ENTERGY CORPORATION,181149,ENTERGY SERVICES INC,26853,ENTERGY SERVICES INC,888373,"ENTERGY SERVICES, INC.",404264235,1340 ECHELON PKWY,JACKSON,MS,Minor,55785.7
FOC2218R02L,NOT COVERED,EXPIRED,Data Center Networking,NX2/4/5/6K,N2000,N2348TQ-E-FA-BUN,"Standard airflow pack N2K-C2348TQ-E, 2AC PS, 3 Fan",Hardware,CHASSIS,Others,Others,,1,5/26/18,5/25/23,2023,2023 Q4,SNT,92058507,5/26/18,2018,2018 Q4,8/24/22,11/22/26,8/24/23,8/31/27,2028,2028 Q1,Y,ENTERGY CORPORATION,181149,ENTERGY SERVICES INC,26853,ENTERGY SERVICES INC,888373,"ENTERGY SERVICES, INC.",404264235,1340 ECHELON PKWY,JACKSON,MS,Minor,55769.7
FOC2218R02Y,COVERED,ACTIVE,Data Center Networking,NX2/4/5/6K,N2000,N2348TQ-E-FA-BUN,"Standard airflow pack N2K-C2348TQ-E, 2AC PS, 3 Fan",Hardware,CHASSIS,Others,Others,,1,5/26/23,9/30/25,2026,2026 Q1,SNT,205483789,5/26/18,2018,2018 Q4,8/24/22,11/22/26,8/24/23,8/31/27,2028,2028 Q1,Y,ENTERGY CORPORATION,181149,ENTERGY SERVICES INC,26853,ENTERGY SERVICES INC,888373,"ENTERGY SERVICES, INC.",404264235,1340 ECHELON PKWY,JACKSON,MS,Minor,55773.7
FOC2218R033,NOT COVERED,EXPIRED,Data Center Networking,NX2/4/5/6K,N2000,N2348TQ-E-FA-BUN,"Standard airflow pack N2K-C2348TQ-E, 2AC PS, 3 Fan",Hardware,CHASSIS,Others,Others,,1,5/26/18,5/25/23,2023,2023 Q4,SNT,92058507,5/26/18,2018,2018 Q4,8/24/22,11/22/26,8/24/23,8/31/27,2028,2028 Q1,Y,ENTERGY CORPORATION,181149,ENTERGY SERVICES INC,26853,ENTERGY SERVICES INC,888373,"ENTERGY SERVICES, INC.",404264235,1340 ECHELON PKWY,JACKSON,MS,Minor,55781.7
JFQ22040030,NOT COVERED,EXPIRED,Data Center Networking,Optics - DC Allocation,QSFP40G,FET-40G,40G Line Extender for FEX,Hardware,CARD,Others,Others,,1,5/26/18,5/25/23,2023,2023 Q4,SNT,92058507,5/26/18,2018,2018 Q4,,,,,,,N,ENTERGY CORPORATION,181149,ENTERGY SERVICES INC,26853,ENTERGY SERVICES INC,888373,"ENTERGY SERVICES, INC.",404264235,1340 ECHELON PKWY,JACKSON,MS,Minor,55784.17
JFQ22050017,NOT COVERED,EXPIRED,Data Center Networking,Optics - DC Allocation,QSFP40G,FET-40G,40G Line Extender for FEX,Hardware,CARD,Others,Others,,1,5/26/18,5/25/23,2023,2023 Q4,SNT,92058507,5/26/18,2018,2018 Q4,,,,,,,N,ENTERGY CORPORATION,181149,ENTERGY SERVICES INC,26853,ENTERGY SERVICES INC,888373,"ENTERGY SERVICES, INC.",404264235,1340 ECHELON PKWY,JACKSON,MS,Minor,55781.17
JFQ2205001V,COVERED,ACTIVE,Data Center Networking,Optics - DC Allocation,QSFP40G,FET-40G,40G Line Extender for FEX,Hardware,CARD,Others,Others,,1,5/26/23,9/30/25,2026,2026 Q1,SNT,205483789,5/26/18,2018,2018 Q4,,,,,,,N,ENTERGY CORPORATION,181149,ENTERGY SERVICES INC,26853,ENTERGY SERVICES INC,888373,"ENTERGY SERVICES, INC.",404264235,1340 ECHELON PKWY,JACKSON,MS,Minor,55786.17
JFQ22050021,NOT COVERED,EXPIRED,Data Center Networking,Optics - DC Allocation,QSFP40G,FET-40G,40G Line Extender for FEX,Hardware,CARD,Others,Others,,1,5/26/18,5/25/23,2023,2023 Q4,SNT,92058507,5/26/18,2018,2018 Q4,,,,,,,N,ENTERGY CORPORATION,181149,ENTERGY SERVICES INC,26853,ENTERGY SERVICES INC,888373,"ENTERGY SERVICES, INC.",404264235,1340 ECHELON PKWY,JACKSON,MS,Minor,55781.18
JFQ2205003U,COVERED,ACTIVE,Data Center Networking,Optics - DC Allocation,QSFP40G,FET-40G,40G Line Extender for FEX,Hardware,CARD,Others,Others,,1,5/26/23,9/30/25,2026,2026 Q1,SNT,205483789,5/26/18,2018,2018 Q4,,,,,,,N,ENTERGY CORPORATION,181149,ENTERGY SERVICES INC,26853,ENTERGY SERVICES INC,888373,"ENTERGY SERVICES, INC.",404264235,1340 ECHELON PKWY,JACKSON,MS,Minor,55787.17
JFQ2205003X,COVERED,ACTIVE,Data Center Networking,Optics - DC Allocation,QSFP40G,FET-40G,40G Line Extender for FEX,Hardware,CARD,Others,Others,,1,5/26/23,9/30/25,2026,2026 Q1,SNT,205483789,5/26/18,2018,2018 Q4,,,,,,,N,ENTERGY CORPORATION,181149,ENTERGY SERVICES INC,26853,ENTERGY SERVICES INC,888373,"ENTERGY SERVICES, INC.",404264235,1340 ECHELON PKWY,JACKSON,MS,Minor,55783.18
JFQ2205003Y,COVERED,ACTIVE,Data Center Networking,Optics - DC Allocation,QSFP40G,FET-40G,40G Line Extender for FEX,Hardware,CARD,Others,Others,,1,5/26/23,9/30/25,2026,2026 Q1,SNT,205483789,5/26/18,2018,2018 Q4,,,,,,,N,ENTERGY CORPORATION,181149,ENTERGY SERVICES INC,26853,ENTERGY SERVICES INC,888373,"ENTERGY SERVICES, INC.",404264235,1340 ECHELON PKWY,JACKSON,MS,Minor,55770.17
JFQ2205003Z,COVERED,ACTIVE,Data Center Networking,Optics - DC Allocation,QSFP40G,FET-40G,40G Line Extender for FEX,Hardware,CARD,Others,Others,,1,5/26/23,9/30/25,2026,2026 Q1,SNT,205483789,5/26/18,2018,2018 Q4,,,,,,,N,ENTERGY CORPORATION,181149,ENTERGY SERVICES INC,26853,ENTERGY SERVICES INC,888373,"ENTERGY SERVICES, INC.",404264235,1340 ECHELON PKWY,JACKSON,MS,Minor,55789.17
JFQ22050041,COVERED,ACTIVE,Data Center Networking,Optics - DC Allocation,QSFP40G,FET-40G,40G Line Extender for FEX,Hardware,CARD,Others,Others,,1,5/26/23,9/30/25,2026,2026 Q1,SNT,205483789,5/26/18,2018,2018 Q4,,,,,,,N,ENTERGY CORPORATION,181149,ENTERGY SERVICES INC,26853,ENTERGY SERVICES INC,888373,"ENTERGY SERVICES, INC.",404264235,1340 ECHELON PKWY,JACKSON,MS,Minor,55788.18
JFQ22050043,COVERED,ACTIVE,Data Center Networking,Optics - DC Allocation,QSFP40G,FET-40G,40G Line Extender for FEX,Hardware,CARD,Others,Others,,1,5/26/23,9/30/25,2026,2026 Q1,SNT,205483789,5/26/18,2018,2018 Q4,,,,,,,N,ENTERGY CORPORATION,181149,ENTERGY SERVICES INC,26853,ENTERGY SERVICES INC,888373,"ENTERGY SERVICES, INC.",404264235,1340 ECHELON PKWY,JACKSON,MS,Minor,55789.18
JFQ22050049,NOT COVERED,EXPIRED,Data Center Networking,Optics - DC Allocation,QSFP40G,FET-40G,40G Line Extender for FEX,Hardware,CARD,Others,Others,,1,5/26/18,5/25/23,2023,2023 Q4,SNT,92058507,5/26/18,2018,2018 Q4,,,,,,,N,ENTERGY CORPORATION,181149,ENTERGY SERVICES INC,26853,ENTERGY SERVICES INC,888373,"ENTERGY SERVICES, INC.",404264235,1340 ECHELON PKWY,JACKSON,MS,Minor,55777.18
JFQ2205004M,COVERED,ACTIVE,Data Center Networking,Optics - DC Allocation,QSFP40G,FET-40G,40G Line Extender for FEX,Hardware,CARD,Others,Others,,1,5/26/23,9/30/25,2026,2026 Q1,SNT,205483789,5/26/18,2018,2018 Q4,,,,,,,N,ENTERGY CORPORATION,181149,ENTERGY SERVICES INC,26853,ENTERGY SERVICES INC,888373,"ENTERGY SERVICES, INC.",404264235,1340 ECHELON PKWY,JACKSON,MS,Minor,55773.17
JFQ2205004N,COVERED,ACTIVE,Data Center Networking,Optics - DC Allocation,QSFP40G,FET-40G,40G Line Extender for FEX,Hardware,CARD,Others,Others,,1,5/26/23,9/30/25,2026,2026 Q1,SNT,205483789,5/26/18,2018,2018 Q4,,,,,,,N,ENTERGY CORPORATION,181149,ENTERGY SERVICES INC,26853,ENTERGY SERVICES INC,888373,"ENTERGY SERVICES, INC.",404264235,1340 ECHELON PKWY,JACKSON,MS,Minor,55776.17
JFQ2205004P,COVERED,ACTIVE,Data Center Networking,Optics - DC Allocation,QSFP40G,FET-40G,40G Line Extender for FEX,Hardware,CARD,Others,Others,,1,5/26/23,9/30/25,2026,2026 Q1,SNT,205483789,5/26/18,2018,2018 Q4,,,,,,,N,ENTERGY CORPORATION,181149,ENTERGY SERVICES INC,26853,ENTERGY SERVICES INC,888373,"ENTERGY SERVICES, INC.",404264235,1340 ECHELON PKWY,JACKSON,MS,Minor,55773.18
JFQ2205004Q,COVERED,ACTIVE,Data Center Networking,Optics - DC Allocation,QSFP40G,FET-40G,40G Line Extender for FEX,Hardware,CARD,Others,Others,,1,5/26/23,9/30/25,2026,2026 Q1,SNT,205483789,5/26/18,2018,2018 Q4,,,,,,,N,ENTERGY CORPORATION,181149,ENTERGY SERVICES INC,26853,ENTERGY SERVICES INC,888373,"ENTERGY SERVICES, INC.",404264235,1340 ECHELON PKWY,JACKSON,MS,Minor,55769.18
JFQ2205004R,COVERED,ACTIVE,Data Center Networking,Optics - DC Allocation,QSFP40G,FET-40G,40G Line Extender for FEX,Hardware,CARD,Others,Others,,1,5/26/23,9/30/25,2026,2026 Q1,SNT,205483789,5/26/18,2018,2018 Q4,,,,,,,N,ENTERGY CORPORATION,181149,ENTERGY SERVICES INC,26853,ENTERGY SERVICES INC,888373,"ENTERGY SERVICES, INC.",404264235,1340 ECHELON PKWY,JACKSON,MS,Minor,55774.17
JFQ2205004S,COVERED,ACTIVE,Data Center Networking,Optics - DC Allocation,QSFP40G,FET-40G,40G Line Extender for FEX,Hardware,CARD,Others,Others,,1,5/26/23,9/30/25,2026,2026 Q1,SNT,205483789,5/26/18,2018,2018 Q4,,,,,,,N,ENTERGY CORPORATION,181149,ENTERGY SERVICES INC,26853,ENTERGY SERVICES INC,888373,"ENTERGY SERVICES, INC.",404264235,1340 ECHELON PKWY,JACKSON,MS,Minor,55772.17
JFQ2205005N,NOT COVERED,EXPIRED,Data Center Networking,Optics - DC Allocation,QSFP40G,FET-40G,40G Line Extender for FEX,Hardware,CARD,Others,Others,,1,5/26/18,5/25/23,2023,2023 Q4,SNT,92058507,5/26/18,2018,2018 Q4,,,,,,,N,ENTERGY CORPORATION,181149,ENTERGY SERVICES INC,26853,ENTERGY SERVICES INC,888373,"ENTERGY SERVICES, INC.",404264235,1340 ECHELON PKWY,JACKSON,MS,Minor,55777.17
JFQ2205006H,COVERED,ACTIVE,Data Center Networking,Optics - DC Allocation,QSFP40G,FET-40G,40G Line Extender for FEX,Hardware,CARD,Others,Others,,1,5/26/23,9/30/25,2026,2026 Q1,SNT,205483789,5/26/18,2018,2018 Q4,,,,,,,N,ENTERGY CORPORATION,181149,ENTERGY SERVICES INC,26853,ENTERGY SERVICES INC,888373,"ENTERGY SERVICES, INC.",404264235,1340 ECHELON PKWY,JACKSON,MS,Minor,55769.17
JFQ2205006K,NOT COVERED,EXPIRED,Data Center Networking,Optics - DC Allocation,QSFP40G,FET-40G,40G Line Extender for FEX,Hardware,CARD,Others,Others,,1,5/26/18,5/25/23,2023,2023 Q4,SNT,92058507,5/26/18,2018,2018 Q4,,,,,,,N,ENTERGY CORPORATION,181149,ENTERGY SERVICES INC,26853,ENTERGY SERVICES INC,888373,"ENTERGY SERVICES, INC.",404264235,1340 ECHELON PKWY,JACKSON,MS,Minor,55785.18
JFQ2205006L,COVERED,ACTIVE,Data Center Networking,Optics - DC Allocation,QSFP40G,FET-40G,40G Line Extender for FEX,Hardware,CARD,Others,Others,,1,5/26/23,9/30/25,2026,2026 Q1,SNT,205483789,5/26/18,2018,2018 Q4,,,,,,,N,ENTERGY CORPORATION,181149,ENTERGY SERVICES INC,26853,ENTERGY SERVICES INC,888373,"ENTERGY SERVICES, INC.",404264235,1340 ECHELON PKWY,JACKSON,MS,Minor,55772.18
JFQ2205006M,COVERED,ACTIVE,Data Center Networking,Optics - DC Allocation,QSFP40G,FET-40G,40G Line Extender for FEX,Hardware,CARD,Others,Others,,1,5/26/23,9/30/25,2026,2026 Q1,SNT,205483789,5/26/18,2018,2018 Q4,,,,,,,N,ENTERGY CORPORATION,181149,ENTERGY SERVICES INC,26853,ENTERGY SERVICES INC,888373,"ENTERGY SERVICES, INC.",404264235,1340 ECHELON PKWY,JACKSON,MS,Minor,55779.18
JFQ2205006N,COVERED,ACTIVE,Data Center Networking,Optics - DC Allocation,QSFP40G,FET-40G,40G Line Extender for FEX,Hardware,CARD,Others,Others,,1,5/26/23,9/30/25,2026,2026 Q1,SNT,205483789,5/26/18,2018,2018 Q4,,,,,,,N,ENTERGY CORPORATION,181149,ENTERGY SERVICES INC,26853,ENTERGY SERVICES INC,888373,"ENTERGY SERVICES, INC.",404264235,1340 ECHELON PKWY,JACKSON,MS,Minor,55787.18
JFQ2205006Q,COVERED,ACTIVE,Data Center Networking,Optics - DC Allocation,QSFP40G,FET-40G,40G Line Extender for FEX,Hardware,CARD,Others,Others,,1,5/26/23,9/30/25,2026,2026 Q1,SNT,205483789,5/26/18,2018,2018 Q4,,,,,,,N,ENTERGY CORPORATION,181149,ENTERGY SERVICES INC,26853,ENTERGY SERVICES INC,888373,"ENTERGY SERVICES, INC.",404264235,1340 ECHELON PKWY,JACKSON,MS,Minor,55779.17
JFQ2205006R,COVERED,ACTIVE,Data Center Networking,Optics - DC Allocation,QSFP40G,FET-40G,40G Line Extender for FEX,Hardware,CARD,Others,Others,,1,5/26/23,9/30/25,2026,2026 Q1,SNT,205483789,5/26/18,2018,2018 Q4,,,,,,,N,ENTERGY CORPORATION,181149,ENTERGY SERVICES INC,26853,ENTERGY SERVICES INC,888373,"ENTERGY SERVICES, INC.",404264235,1340 ECHELON PKWY,JACKSON,MS,Minor,55780.18
JFQ2205006S,COVERED,ACTIVE,Data Center Networking,Optics - DC Allocation,QSFP40G,FET-40G,40G Line Extender for FEX,Hardware,CARD,Others,Others,,1,5/26/23,9/30/25,2026,2026 Q1,SNT,205483789,5/26/18,2018,2018 Q4,,,,,,,N,ENTERGY CORPORATION,181149,ENTERGY SERVICES INC,26853,ENTERGY SERVICES INC,888373,"ENTERGY SERVICES, INC.",404264235,1340 ECHELON PKWY,JACKSON,MS,Minor,55783.17
JFQ2205006U,COVERED,ACTIVE,Data Center Networking,Optics - DC Allocation,QSFP40G,FET-40G,40G Line Extender for FEX,Hardware,CARD,Others,Others,,1,5/26/23,9/30/25,2026,2026 Q1,SNT,205483789,5/26/18,2018,2018 Q4,,,,,,,N,ENTERGY CORPORATION,181149,ENTERGY SERVICES INC,26853,ENTERGY SERVICES INC,888373,"ENTERGY SERVICES, INC.",404264235,1340 ECHELON PKWY,JACKSON,MS,Minor,55782.18
JFQ2205006V,NOT COVERED,EXPIRED,Data Center Networking,Optics - DC Allocation,QSFP40G,FET-40G,40G Line Extender for FEX,Hardware,CARD,Others,Others,,1,5/26/18,5/25/23,2023,2023 Q4,SNT,92058507,5/26/18,2018,2018 Q4,,,,,,,N,ENTERGY CORPORATION,181149,ENTERGY SERVICES INC,26853,ENTERGY SERVICES INC,888373,"ENTERGY SERVICES, INC.",404264235,1340 ECHELON PKWY,JACKSON,MS,Minor,55768.18
JFQ22050084,NOT COVERED,EXPIRED,Data Center Networking,Optics - DC Allocation,QSFP40G,FET-40G,40G Line Extender for FEX,Hardware,CARD,Others,Others,,1,5/26/18,5/25/23,2023,2023 Q4,SNT,92058507,5/26/18,2018,2018 Q4,,,,,,,N,ENTERGY CORPORATION,181149,ENTERGY SERVICES INC,26853,ENTERGY SERVICES INC,888373,"ENTERGY SERVICES, INC.",404264235,1340 ECHELON PKWY,JACKSON,MS,Minor,55768.17
JFQ22050085,COVERED,ACTIVE,Data Center Networking,Optics - DC Allocation,QSFP40G,FET-40G,40G Line Extender for FEX,Hardware,CARD,Others,Others,,1,5/26/23,9/30/25,2026,2026 Q1,SNT,205483789,5/26/18,2018,2018 Q4,,,,,,,N,ENTERGY CORPORATION,181149,ENTERGY SERVICES INC,26853,ENTERGY SERVICES INC,888373,"ENTERGY SERVICES, INC.",404264235,1340 ECHELON PKWY,JACKSON,MS,Minor,55788.17
JFQ22050087,COVERED,ACTIVE,Data Center Networking,Optics - DC Allocation,QSFP40G,FET-40G,40G Line Extender for FEX,Hardware,CARD,Others,Others,,1,5/26/23,9/30/25,2026,2026 Q1,SNT,205483789,5/26/18,2018,2018 Q4,,,,,,,N,ENTERGY CORPORATION,181149,ENTERGY SERVICES INC,26853,ENTERGY SERVICES INC,888373,"ENTERGY SERVICES, INC.",404264235,1340 ECHELON PKWY,JACKSON,MS,Minor,55782.17
JFQ22050088,COVERED,ACTIVE,Data Center Networking,Optics - DC Allocation,QSFP40G,FET-40G,40G Line Extender for FEX,Hardware,CARD,Others,Others,,1,5/26/23,9/30/25,2026,2026 Q1,SNT,205483789,5/26/18,2018,2018 Q4,,,,,,,N,ENTERGY CORPORATION,181149,ENTERGY SERVICES INC,26853,ENTERGY SERVICES INC,888373,"ENTERGY SERVICES, INC.",404264235,1340 ECHELON PKWY,JACKSON,MS,Minor,55786.18
JFQ2205008A,COVERED,ACTIVE,Data Center Networking,Optics - DC Allocation,QSFP40G,FET-40G,40G Line Extender for FEX,Hardware,CARD,Others,Others,,1,5/26/23,9/30/25,2026,2026 Q1,SNT,205483789,5/26/18,2018,2018 Q4,,,,,,,N,ENTERGY CORPORATION,181149,ENTERGY SERVICES INC,26853,ENTERGY SERVICES INC,888373,"ENTERGY SERVICES, INC.",404264235,1340 ECHELON PKWY,JACKSON,MS,Minor,55774.18
JFQ2205008B,COVERED,ACTIVE,Data Center Networking,Optics - DC Allocation,QSFP40G,FET-40G,40G Line Extender for FEX,Hardware,CARD,Others,Others,,1,5/26/23,9/30/25,2026,2026 Q1,SNT,205483789,5/26/18,2018,2018 Q4,,,,,,,N,ENTERGY CORPORATION,181149,ENTERGY SERVICES INC,26853,ENTERGY SERVICES INC,888373,"ENTERGY SERVICES, INC.",404264235,1340 ECHELON PKWY,JACKSON,MS,Minor,55770.18
JFQ2205008C,COVERED,ACTIVE,Data Center Networking,Optics - DC Allocation,QSFP40G,FET-40G,40G Line Extender for FEX,Hardware,CARD,Others,Others,,1,5/26/23,9/30/25,2026,2026 Q1,SNT,205483789,5/26/18,2018,2018 Q4,,,,,,,N,ENTERGY CORPORATION,181149,ENTERGY SERVICES INC,26853,ENTERGY SERVICES INC,888373,"ENTERGY SERVICES, INC.",404264235,1340 ECHELON PKWY,JACKSON,MS,Minor,55776.18
JFQ2205008D,NOT COVERED,EXPIRED,Data Center Networking,Optics - DC Allocation,QSFP40G,FET-40G,40G Line Extender for FEX,Hardware,CARD,Others,Others,,1,5/26/18,5/25/23,2023,2023 Q4,SNT,92058507,5/26/18,2018,2018 Q4,,,,,,,N,ENTERGY CORPORATION,181149,ENTERGY SERVICES INC,26853,ENTERGY SERVICES INC,888373,"ENTERGY SERVICES, INC.",404264235,1340 ECHELON PKWY,JACKSON,MS,Minor,55775.18
JFQ2205008F,COVERED,ACTIVE,Data Center Networking,Optics - DC Allocation,QSFP40G,FET-40G,40G Line Extender for FEX,Hardware,CARD,Others,Others,,1,5/26/23,9/30/25,2026,2026 Q1,SNT,205483789,5/26/18,2018,2018 Q4,,,,,,,N,ENTERGY CORPORATION,181149,ENTERGY SERVICES INC,26853,ENTERGY SERVICES INC,888373,"ENTERGY SERVICES, INC.",404264235,1340 ECHELON PKWY,JACKSON,MS,Minor,55780.17
JFQ2205008G,NOT COVERED,EXPIRED,Data Center Networking,Optics - DC Allocation,QSFP40G,FET-40G,40G Line Extender for FEX,Hardware,CARD,Others,Others,,1,5/26/18,5/25/23,2023,2023 Q4,SNT,92058507,5/26/18,2018,2018 Q4,,,,,,,N,ENTERGY CORPORATION,181149,ENTERGY SERVICES INC,26853,ENTERGY SERVICES INC,888373,"ENTERGY SERVICES, INC.",404264235,1340 ECHELON PKWY,JACKSON,MS,Minor,55775.17
JFQ2205008H,COVERED,ACTIVE,Data Center Networking,Optics - DC Allocation,QSFP40G,FET-40G,40G Line Extender for FEX,Hardware,CARD,Others,Others,,1,5/26/23,9/30/25,2026,2026 Q1,SNT,205483789,5/26/18,2018,2018 Q4,,,,,,,N,ENTERGY CORPORATION,181149,ENTERGY SERVICES INC,26853,ENTERGY SERVICES INC,888373,"ENTERGY SERVICES, INC.",404264235,1340 ECHELON PKWY,JACKSON,MS,Minor,55778.17
JFQ2205008J,COVERED,ACTIVE,Data Center Networking,Optics - DC Allocation,QSFP40G,FET-40G,40G Line Extender for FEX,Hardware,CARD,Others,Others,,1,5/26/23,9/30/25,2026,2026 Q1,SNT,205483789,5/26/18,2018,2018 Q4,,,,,,,N,ENTERGY CORPORATION,181149,ENTERGY SERVICES INC,26853,ENTERGY SERVICES INC,888373,"ENTERGY SERVICES, INC.",404264235,1340 ECHELON PKWY,JACKSON,MS,Minor,55771.17
JFQ2205008K,COVERED,ACTIVE,Data Center Networking,Optics - DC Allocation,QSFP40G,FET-40G,40G Line Extender for FEX,Hardware,CARD,Others,Others,,1,5/26/23,9/30/25,2026,2026 Q1,SNT,205483789,5/26/18,2018,2018 Q4,,,,,,,N,ENTERGY CORPORATION,181149,ENTERGY SERVICES INC,26853,ENTERGY SERVICES INC,888373,"ENTERGY SERVICES, INC.",404264235,1340 ECHELON PKWY,JACKSON,MS,Minor,55778.18
JFQ2205008L,NOT COVERED,EXPIRED,Data Center Networking,Optics - DC Allocation,QSFP40G,FET-40G,40G Line Extender for FEX,Hardware,CARD,Others,Others,,1,5/26/18,5/25/23,2023,2023 Q4,SNT,92058507,5/26/18,2018,2018 Q4,,,,,,,N,ENTERGY CORPORATION,181149,ENTERGY SERVICES INC,26853,ENTERGY SERVICES INC,888373,"ENTERGY SERVICES, INC.",404264235,1340 ECHELON PKWY,JACKSON,MS,Minor,55785.17
N/A,NOT COVERED,EXPIRED,Data Center Networking,NX2/4/5/6K,N2000,N2K-C2348TQ4F-E,Nexus 2348TQ-E with 4 Bidi or 2FET-40G and 8FET-10G,Hardware,CHASSIS,Others,Others,,1,5/26/18,5/25/23,2023,2023 Q4,SNT,92058507,5/26/18,2018,2018 Q4,9/9/20,12/8/24,9/9/21,9/30/25,2026,2026 Q1,N,ENTERGY CORPORATION,181149,ENTERGY SERVICES INC,26853,ENTERGY SERVICES INC,888373,"ENTERGY SERVICES, INC.",404264235,1340 ECHELON PKWY,JACKSON,MS,Major,55768
N/A,NOT COVERED,EXPIRED,Data Center Networking,NX2/4/5/6K,N2000,N2K-F40G-F10G,N2K Uplink option FET-40G to FET-10G,Hardware,CARD,Others,Others,,1,5/26/18,5/25/23,2023,2023 Q4,SNT,92058507,5/26/18,2018,2018 Q4,8/24/22,11/22/26,8/24/23,8/31/27,2028,2028 Q1,N,ENTERGY CORPORATION,181149,ENTERGY SERVICES INC,26853,ENTERGY SERVICES INC,888373,"ENTERGY SERVICES, INC.",404264235,1340 ECHELON PKWY,JACKSON,MS,Minor,55768.6
N/A,COVERED,ACTIVE,Data Center Networking,NX2/4/5/6K,N2000,N2K-C2348TQ4F-E,Nexus 2348TQ-E with 4 Bidi or 2FET-40G and 8FET-10G,Hardware,CHASSIS,Others,Others,,1,5/26/23,9/30/25,2026,2026 Q1,SNT,205483789,5/26/18,2018,2018 Q4,9/9/20,12/8/24,9/9/21,9/30/25,2026,2026 Q1,N,ENTERGY CORPORATION,181149,ENTERGY SERVICES INC,26853,ENTERGY SERVICES INC,888373,"ENTERGY SERVICES, INC.",404264235,1340 ECHELON PKWY,JACKSON,MS,Major,55769
N/A,COVERED,ACTIVE,Data Center Networking,NX2/4/5/6K,N2000,N2K-F40G-F10G,N2K Uplink option FET-40G to FET-10G,Hardware,CARD,Others,Others,,1,5/26/23,9/30/25,2026,2026 Q1,SNT,205483789,5/26/18,2018,2018 Q4,8/24/22,11/22/26,8/24/23,8/31/27,2028,2028 Q1,N,ENTERGY CORPORATION,181149,ENTERGY SERVICES INC,26853,ENTERGY SERVICES INC,888373,"ENTERGY SERVICES, INC.",404264235,1340 ECHELON PKWY,JACKSON,MS,Minor,55769.6
N/A,COVERED,ACTIVE,Data Center Networking,NX2/4/5/6K,N2000,N2K-C2348TQ4F-E,Nexus 2348TQ-E with 4 Bidi or 2FET-40G and 8FET-10G,Hardware,CHASSIS,Others,Others,,1,5/26/23,9/30/25,2026,2026 Q1,SNT,205483789,5/26/18,2018,2018 Q4,9/9/20,12/8/24,9/9/21,9/30/25,2026,2026 Q1,N,ENTERGY CORPORATION,181149,ENTERGY SERVICES INC,26853,ENTERGY SERVICES INC,888373,"ENTERGY SERVICES, INC.",404264235,1340 ECHELON PKWY,JACKSON,MS,Major,55770
N/A,COVERED,ACTIVE,Data Center Networking,NX2/4/5/6K,N2000,N2K-F40G-F10G,N2K Uplink option FET-40G to FET-10G,Hardware,CARD,Others,Others,,1,5/26/23,9/30/25,2026,2026 Q1,SNT,205483789,5/26/18,2018,2018 Q4,8/24/22,11/22/26,8/24/23,8/31/27,2028,2028 Q1,N,ENTERGY CORPORATION,181149,ENTERGY SERVICES INC,26853,ENTERGY SERVICES INC,888373,"ENTERGY SERVICES, INC.",404264235,1340 ECHELON PKWY,JACKSON,MS,Minor,55770.6
N/A,COVERED,ACTIVE,Data Center Networking,NX2/4/5/6K,N2000,N2K-C2348TQ4F-E,Nexus 2348TQ-E with 4 Bidi or 2FET-40G and 8FET-10G,Hardware,CHASSIS,Others,Others,,1,5/26/23,9/30/25,2026,2026 Q1,SNT,205483789,5/26/18,2018,2018 Q4,9/9/20,12/8/24,9/9/21,9/30/25,2026,2026 Q1,N,ENTERGY CORPORATION,181149,ENTERGY SERVICES INC,26853,ENTERGY SERVICES INC,888373,"ENTERGY SERVICES, INC.",404264235,1340 ECHELON PKWY,JACKSON,MS,Major,55771
N/A,COVERED,ACTIVE,Data Center Networking,NX2/4/5/6K,N2000,N2K-F40G-F10G,N2K Uplink option FET-40G to FET-10G,Hardware,CARD,Others,Others,,1,5/26/23,9/30/25,2026,2026 Q1,SNT,205483789,5/26/18,2018,2018 Q4,8/24/22,11/22/26,8/24/23,8/31/27,2028,2028 Q1,N,ENTERGY CORPORATION,181149,ENTERGY SERVICES INC,26853,ENTERGY SERVICES INC,888373,"ENTERGY SERVICES, INC.",404264235,1340 ECHELON PKWY,JACKSON,MS,Minor,55771.6
N/A,COVERED,ACTIVE,Data Center Networking,NX2/4/5/6K,N2000,N2K-C2348TQ4F-E,Nexus 2348TQ-E with 4 Bidi or 2FET-40G and 8FET-10G,Hardware,CHASSIS,Others,Others,,1,5/26/23,9/30/25,2026,2026 Q1,SNT,205483789,5/26/18,2018,2018 Q4,9/9/20,12/8/24,9/9/21,9/30/25,2026,2026 Q1,N,ENTERGY CORPORATION,181149,ENTERGY SERVICES INC,26853,ENTERGY SERVICES INC,888373,"ENTERGY SERVICES, INC.",404264235,1340 ECHELON PKWY,JACKSON,MS,Major,55772
N/A,COVERED,ACTIVE,Data Center Networking,NX2/4/5/6K,N2000,N2K-F40G-F10G,N2K Uplink option FET-40G to FET-10G,Hardware,CARD,Others,Others,,1,5/26/23,9/30/25,2026,2026 Q1,SNT,205483789,5/26/18,2018,2018 Q4,8/24/22,11/22/26,8/24/23,8/31/27,2028,2028 Q1,N,ENTERGY CORPORATION,181149,ENTERGY SERVICES INC,26853,ENTERGY SERVICES INC,888373,"ENTERGY SERVICES, INC.",404264235,1340 ECHELON PKWY,JACKSON,MS,Minor,55772.6
N/A,COVERED,ACTIVE,Data Center Networking,NX2/4/5/6K,N2000,N2K-C2348TQ4F-E,Nexus 2348TQ-E with 4 Bidi or 2FET-40G and 8FET-10G,Hardware,CHASSIS,Others,Others,,1,5/26/23,9/30/25,2026,2026 Q1,SNT,205483789,5/26/18,2018,2018 Q4,9/9/20,12/8/24,9/9/21,9/30/25,2026,2026 Q1,N,ENTERGY CORPORATION,181149,ENTERGY SERVICES INC,26853,ENTERGY SERVICES INC,888373,"ENTERGY SERVICES, INC.",404264235,1340 ECHELON PKWY,JACKSON,MS,Major,55773
N/A,COVERED,ACTIVE,Data Center Networking,NX2/4/5/6K,N2000,N2K-F40G-F10G,N2K Uplink option FET-40G to FET-10G,Hardware,CARD,Others,Others,,1,5/26/23,9/30/25,2026,2026 Q1,SNT,205483789,5/26/18,2018,2018 Q4,8/24/22,11/22/26,8/24/23,8/31/27,2028,2028 Q1,N,ENTERGY CORPORATION,181149,ENTERGY SERVICES INC,26853,ENTERGY SERVICES INC,888373,"ENTERGY SERVICES, INC.",404264235,1340 ECHELON PKWY,JACKSON,MS,Minor,55773.6
N/A,COVERED,ACTIVE,Data Center Networking,NX2/4/5/6K,N2000,N2K-C2348TQ4F-E,Nexus 2348TQ-E with 4 Bidi or 2FET-40G and 8FET-10G,Hardware,CHASSIS,Others,Others,,1,5/26/23,9/30/25,2026,2026 Q1,SNT,205483789,5/26/18,2018,2018 Q4,9/9/20,12/8/24,9/9/21,9/30/25,2026,2026 Q1,N,ENTERGY CORPORATION,181149,ENTERGY SERVICES INC,26853,ENTERGY SERVICES INC,888373,"ENTERGY SERVICES, INC.",404264235,1340 ECHELON PKWY,JACKSON,MS,Major,55774
N/A,COVERED,ACTIVE,Data Center Networking,NX2/4/5/6K,N2000,N2K-F40G-F10G,N2K Uplink option FET-40G to FET-10G,Hardware,CARD,Others,Others,,1,5/26/23,9/30/25,2026,2026 Q1,SNT,205483789,5/26/18,2018,2018 Q4,8/24/22,11/22/26,8/24/23,8/31/27,2028,2028 Q1,N,ENTERGY CORPORATION,181149,ENTERGY SERVICES INC,26853,ENTERGY SERVICES INC,888373,"ENTERGY SERVICES, INC.",404264235,1340 ECHELON PKWY,JACKSON,MS,Minor,55774.6
N/A,NOT COVERED,EXPIRED,Data Center Networking,NX2/4/5/6K,N2000,N2K-C2348TQ4F-E,Nexus 2348TQ-E with 4 Bidi or 2FET-40G and 8FET-10G,Hardware,CHASSIS,Others,Others,,1,5/26/18,5/25/23,2023,2023 Q4,SNT,92058507,5/26/18,2018,2018 Q4,9/9/20,12/8/24,9/9/21,9/30/25,2026,2026 Q1,N,ENTERGY CORPORATION,181149,ENTERGY SERVICES INC,26853,ENTERGY SERVICES INC,888373,"ENTERGY SERVICES, INC.",404264235,1340 ECHELON PKWY,JACKSON,MS,Major,55775
N/A,NOT COVERED,EXPIRED,Data Center Networking,NX2/4/5/6K,N2000,N2K-F40G-F10G,N2K Uplink option FET-40G to FET-10G,Hardware,CARD,Others,Others,,1,5/26/18,5/25/23,2023,2023 Q4,SNT,92058507,5/26/18,2018,2018 Q4,8/24/22,11/22/26,8/24/23,8/31/27,2028,2028 Q1,N,ENTERGY CORPORATION,181149,ENTERGY SERVICES INC,26853,ENTERGY SERVICES INC,888373,"ENTERGY SERVICES, INC.",404264235,1340 ECHELON PKWY,JACKSON,MS,Minor,55775.6
N/A,COVERED,ACTIVE,Data Center Networking,NX2/4/5/6K,N2000,N2K-C2348TQ4F-E,Nexus 2348TQ-E with 4 Bidi or 2FET-40G and 8FET-10G,Hardware,CHASSIS,Others,Others,,1,5/26/23,9/30/25,2026,2026 Q1,SNT,205483789,5/26/18,2018,2018 Q4,9/9/20,12/8/24,9/9/21,9/30/25,2026,2026 Q1,N,ENTERGY CORPORATION,181149,ENTERGY SERVICES INC,26853,ENTERGY SERVICES INC,888373,"ENTERGY SERVICES, INC.",404264235,1340 ECHELON PKWY,JACKSON,MS,Major,55776
N/A,COVERED,ACTIVE,Data Center Networking,NX2/4/5/6K,N2000,N2K-F40G-F10G,N2K Uplink option FET-40G to FET-10G,Hardware,CARD,Others,Others,,1,5/26/23,9/30/25,2026,2026 Q1,SNT,205483789,5/26/18,2018,2018 Q4,8/24/22,11/22/26,8/24/23,8/31/27,2028,2028 Q1,N,ENTERGY CORPORATION,181149,ENTERGY SERVICES INC,26853,ENTERGY SERVICES INC,888373,"ENTERGY SERVICES, INC.",404264235,1340 ECHELON PKWY,JACKSON,MS,Minor,55776.6
N/A,NOT COVERED,EXPIRED,Data Center Networking,NX2/4/5/6K,N2000,N2K-C2348TQ4F-E,Nexus 2348TQ-E with 4 Bidi or 2FET-40G and 8FET-10G,Hardware,CHASSIS,Others,Others,,1,5/26/18,5/25/23,2023,2023 Q4,SNT,92058507,5/26/18,2018,2018 Q4,9/9/20,12/8/24,9/9/21,9/30/25,2026,2026 Q1,N,ENTERGY CORPORATION,181149,ENTERGY SERVICES INC,26853,ENTERGY SERVICES INC,888373,"ENTERGY SERVICES, INC.",404264235,1340 ECHELON PKWY,JACKSON,MS,Major,55777
N/A,NOT COVERED,EXPIRED,Data Center Networking,NX2/4/5/6K,N2000,N2K-F40G-F10G,N2K Uplink option FET-40G to FET-10G,Hardware,CARD,Others,Others,,1,5/26/18,5/25/23,2023,2023 Q4,SNT,92058507,5/26/18,2018,2018 Q4,8/24/22,11/22/26,8/24/23,8/31/27,2028,2028 Q1,N,ENTERGY CORPORATION,181149,ENTERGY SERVICES INC,26853,ENTERGY SERVICES INC,888373,"ENTERGY SERVICES, INC.",404264235,1340 ECHELON PKWY,JACKSON,MS,Minor,55777.6
N/A,COVERED,ACTIVE,Data Center Networking,NX2/4/5/6K,N2000,N2K-C2348TQ4F-E,Nexus 2348TQ-E with 4 Bidi or 2FET-40G and 8FET-10G,Hardware,CHASSIS,Others,Others,,1,5/26/23,9/30/25,2026,2026 Q1,SNT,205483789,5/26/18,2018,2018 Q4,9/9/20,12/8/24,9/9/21,9/30/25,2026,2026 Q1,N,ENTERGY CORPORATION,181149,ENTERGY SERVICES INC,26853,ENTERGY SERVICES INC,888373,"ENTERGY SERVICES, INC.",404264235,1340 ECHELON PKWY,JACKSON,MS,Major,55778
N/A,COVERED,ACTIVE,Data Center Networking,NX2/4/5/6K,N2000,N2K-F40G-F10G,N2K Uplink option FET-40G to FET-10G,Hardware,CARD,Others,Others,,1,5/26/23,9/30/25,2026,2026 Q1,SNT,205483789,5/26/18,2018,2018 Q4,8/24/22,11/22/26,8/24/23,8/31/27,2028,2028 Q1,N,ENTERGY CORPORATION,181149,ENTERGY SERVICES INC,26853,ENTERGY SERVICES INC,888373,"ENTERGY SERVICES, INC.",404264235,1340 ECHELON PKWY,JACKSON,MS,Minor,55778.6
N/A,COVERED,ACTIVE,Data Center Networking,NX2/4/5/6K,N2000,N2K-C2348TQ4F-E,Nexus 2348TQ-E with 4 Bidi or 2FET-40G and 8FET-10G,Hardware,CHASSIS,Others,Others,,1,5/26/23,9/30/25,2026,2026 Q1,SNT,205483789,5/26/18,2018,2018 Q4,9/9/20,12/8/24,9/9/21,9/30/25,2026,2026 Q1,N,ENTERGY CORPORATION,181149,ENTERGY SERVICES INC,26853,ENTERGY SERVICES INC,888373,"ENTERGY SERVICES, INC.",404264235,1340 ECHELON PKWY,JACKSON,MS,Major,55779
N/A,COVERED,ACTIVE,Data Center Networking,NX2/4/5/6K,N2000,N2K-F40G-F10G,N2K Uplink option FET-40G to FET-10G,Hardware,CARD,Others,Others,,1,5/26/23,9/30/25,2026,2026 Q1,SNT,205483789,5/26/18,2018,2018 Q4,8/24/22,11/22/26,8/24/23,8/31/27,2028,2028 Q1,N,ENTERGY CORPORATION,181149,ENTERGY SERVICES INC,26853,ENTERGY SERVICES INC,888373,"ENTERGY SERVICES, INC.",404264235,1340 ECHELON PKWY,JACKSON,MS,Minor,55779.6
N/A,COVERED,ACTIVE,Data Center Networking,NX2/4/5/6K,N2000,N2K-C2348TQ4F-E,Nexus 2348TQ-E with 4 Bidi or 2FET-40G and 8FET-10G,Hardware,CHASSIS,Others,Others,,1,5/26/23,9/30/25,2026,2026 Q1,SNT,205483789,5/26/18,2018,2018 Q4,9/9/20,12/8/24,9/9/21,9/30/25,2026,2026 Q1,N,ENTERGY CORPORATION,181149,ENTERGY SERVICES INC,26853,ENTERGY SERVICES INC,888373,"ENTERGY SERVICES, INC.",404264235,1340 ECHELON PKWY,JACKSON,MS,Major,55780
N/A,COVERED,ACTIVE,Data Center Networking,NX2/4/5/6K,N2000,N2K-F40G-F10G,N2K Uplink option FET-40G to FET-10G,Hardware,CARD,Others,Others,,1,5/26/23,9/30/25,2026,2026 Q1,SNT,205483789,5/26/18,2018,2018 Q4,8/24/22,11/22/26,8/24/23,8/31/27,2028,2028 Q1,N,ENTERGY CORPORATION,181149,ENTERGY SERVICES INC,26853,ENTERGY SERVICES INC,888373,"ENTERGY SERVICES, INC.",404264235,1340 ECHELON PKWY,JACKSON,MS,Minor,55780.6
N/A,NOT COVERED,EXPIRED,Data Center Networking,NX2/4/5/6K,N2000,N2K-C2348TQ4F-E,Nexus 2348TQ-E with 4 Bidi or 2FET-40G and 8FET-10G,Hardware,CHASSIS,Others,Others,,1,5/26/18,5/25/23,2023,2023 Q4,SNT,92058507,5/26/18,2018,2018 Q4,9/9/20,12/8/24,9/9/21,9/30/25,2026,2026 Q1,N,ENTERGY CORPORATION,181149,ENTERGY SERVICES INC,26853,ENTERGY SERVICES INC,888373,"ENTERGY SERVICES, INC.",404264235,1340 ECHELON PKWY,JACKSON,MS,Major,55781
N/A,NOT COVERED,EXPIRED,Data Center Networking,NX2/4/5/6K,N2000,N2K-F40G-F10G,N2K Uplink option FET-40G to FET-10G,Hardware,CARD,Others,Others,,1,5/26/18,5/25/23,2023,2023 Q4,SNT,92058507,5/26/18,2018,2018 Q4,8/24/22,11/22/26,8/24/23,8/31/27,2028,2028 Q1,N,ENTERGY CORPORATION,181149,ENTERGY SERVICES INC,26853,ENTERGY SERVICES INC,888373,"ENTERGY SERVICES, INC.",404264235,1340 ECHELON PKWY,JACKSON,MS,Minor,55781.6
N/A,COVERED,ACTIVE,Data Center Networking,NX2/4/5/6K,N2000,N2K-C2348TQ4F-E,Nexus 2348TQ-E with 4 Bidi or 2FET-40G and 8FET-10G,Hardware,CHASSIS,Others,Others,,1,5/26/23,9/30/25,2026,2026 Q1,SNT,205483789,5/26/18,2018,2018 Q4,9/9/20,12/8/24,9/9/21,9/30/25,2026,2026 Q1,N,ENTERGY CORPORATION,181149,ENTERGY SERVICES INC,26853,ENTERGY SERVICES INC,888373,"ENTERGY SERVICES, INC.",404264235,1340 ECHELON PKWY,JACKSON,MS,Major,55782
N/A,COVERED,ACTIVE,Data Center Networking,NX2/4/5/6K,N2000,N2K-F40G-F10G,N2K Uplink option FET-40G to FET-10G,Hardware,CARD,Others,Others,,1,5/26/23,9/30/25,2026,2026 Q1,SNT,205483789,5/26/18,2018,2018 Q4,8/24/22,11/22/26,8/24/23,8/31/27,2028,2028 Q1,N,ENTERGY CORPORATION,181149,ENTERGY SERVICES INC,26853,ENTERGY SERVICES INC,888373,"ENTERGY SERVICES, INC.",404264235,1340 ECHELON PKWY,JACKSON,MS,Minor,55782.6
N/A,COVERED,ACTIVE,Data Center Networking,NX2/4/5/6K,N2000,N2K-C2348TQ4F-E,Nexus 2348TQ-E with 4 Bidi or 2FET-40G and 8FET-10G,Hardware,CHASSIS,Others,Others,,1,5/26/23,9/30/25,2026,2026 Q1,SNT,205483789,5/26/18,2018,2018 Q4,9/9/20,12/8/24,9/9/21,9/30/25,2026,2026 Q1,N,ENTERGY CORPORATION,181149,ENTERGY SERVICES INC,26853,ENTERGY SERVICES INC,888373,"ENTERGY SERVICES, INC.",404264235,1340 ECHELON PKWY,JACKSON,MS,Major,55783
N/A,COVERED,ACTIVE,Data Center Networking,NX2/4/5/6K,N2000,N2K-F40G-F10G,N2K Uplink option FET-40G to FET-10G,Hardware,CARD,Others,Others,,1,5/26/23,9/30/25,2026,2026 Q1,SNT,205483789,5/26/18,2018,2018 Q4,8/24/22,11/22/26,8/24/23,8/31/27,2028,2028 Q1,N,ENTERGY CORPORATION,181149,ENTERGY SERVICES INC,26853,ENTERGY SERVICES INC,888373,"ENTERGY SERVICES, INC.",404264235,1340 ECHELON PKWY,JACKSON,MS,Minor,55783.6
N/A,NOT COVERED,EXPIRED,Data Center Networking,NX2/4/5/6K,N2000,N2K-C2348TQ4F-E,Nexus 2348TQ-E with 4 Bidi or 2FET-40G and 8FET-10G,Hardware,CHASSIS,Others,Others,,1,5/26/18,5/25/23,2023,2023 Q4,SNT,92058507,5/26/18,2018,2018 Q4,9/9/20,12/8/24,9/9/21,9/30/25,2026,2026 Q1,N,ENTERGY CORPORATION,181149,ENTERGY SERVICES INC,26853,ENTERGY SERVICES INC,888373,"ENTERGY SERVICES, INC.",404264235,1340 ECHELON PKWY,JACKSON,MS,Major,55784
N/A,NOT COVERED,EXPIRED,Data Center Networking,NX2/4/5/6K,N2000,N2K-F40G-F10G,N2K Uplink option FET-40G to FET-10G,Hardware,CARD,Others,Others,,1,5/26/18,5/25/23,2023,2023 Q4,SNT,92058507,5/26/18,2018,2018 Q4,8/24/22,11/22/26,8/24/23,8/31/27,2028,2028 Q1,N,ENTERGY CORPORATION,181149,ENTERGY SERVICES INC,26853,ENTERGY SERVICES INC,888373,"ENTERGY SERVICES, INC.",404264235,1340 ECHELON PKWY,JACKSON,MS,Minor,55784.6
N/A,NOT COVERED,EXPIRED,Data Center Networking,NX2/4/5/6K,N2000,N2K-C2348TQ4F-E,Nexus 2348TQ-E with 4 Bidi or 2FET-40G and 8FET-10G,Hardware,CHASSIS,Others,Others,,1,5/26/18,5/25/23,2023,2023 Q4,SNT,92058507,5/26/18,2018,2018 Q4,9/9/20,12/8/24,9/9/21,9/30/25,2026,2026 Q1,N,ENTERGY CORPORATION,181149,ENTERGY SERVICES INC,26853,ENTERGY SERVICES INC,888373,"ENTERGY SERVICES, INC.",404264235,1340 ECHELON PKWY,JACKSON,MS,Major,55785
N/A,NOT COVERED,EXPIRED,Data Center Networking,NX2/4/5/6K,N2000,N2K-F40G-F10G,N2K Uplink option FET-40G to FET-10G,Hardware,CARD,Others,Others,,1,5/26/18,5/25/23,2023,2023 Q4,SNT,92058507,5/26/18,2018,2018 Q4,8/24/22,11/22/26,8/24/23,8/31/27,2028,2028 Q1,N,ENTERGY CORPORATION,181149,ENTERGY SERVICES INC,26853,ENTERGY SERVICES INC,888373,"ENTERGY SERVICES, INC.",404264235,1340 ECHELON PKWY,JACKSON,MS,Minor,55785.6
N/A,COVERED,ACTIVE,Data Center Networking,NX2/4/5/6K,N2000,N2K-C2348TQ4F-E,Nexus 2348TQ-E with 4 Bidi or 2FET-40G and 8FET-10G,Hardware,CHASSIS,Others,Others,,1,5/26/23,9/30/25,2026,2026 Q1,SNT,205483789,5/26/18,2018,2018 Q4,9/9/20,12/8/24,9/9/21,9/30/25,2026,2026 Q1,N,ENTERGY CORPORATION,181149,ENTERGY SERVICES INC,26853,ENTERGY SERVICES INC,888373,"ENTERGY SERVICES, INC.",404264235,1340 ECHELON PKWY,JACKSON,MS,Major,55786
N/A,COVERED,ACTIVE,Data Center Networking,NX2/4/5/6K,N2000,N2K-F40G-F10G,N2K Uplink option FET-40G to FET-10G,Hardware,CARD,Others,Others,,1,5/26/23,9/30/25,2026,2026 Q1,SNT,205483789,5/26/18,2018,2018 Q4,8/24/22,11/22/26,8/24/23,8/31/27,2028,2028 Q1,N,ENTERGY CORPORATION,181149,ENTERGY SERVICES INC,26853,ENTERGY SERVICES INC,888373,"ENTERGY SERVICES, INC.",404264235,1340 ECHELON PKWY,JACKSON,MS,Minor,55786.6
N/A,COVERED,ACTIVE,Data Center Networking,NX2/4/5/6K,N2000,N2K-C2348TQ4F-E,Nexus 2348TQ-E with 4 Bidi or 2FET-40G and 8FET-10G,Hardware,CHASSIS,Others,Others,,1,5/26/23,9/30/25,2026,2026 Q1,SNT,205483789,5/26/18,2018,2018 Q4,9/9/20,12/8/24,9/9/21,9/30/25,2026,2026 Q1,N,ENTERGY CORPORATION,181149,ENTERGY SERVICES INC,26853,ENTERGY SERVICES INC,888373,"ENTERGY SERVICES, INC.",404264235,1340 ECHELON PKWY,JACKSON,MS,Major,55787
N/A,COVERED,ACTIVE,Data Center Networking,NX2/4/5/6K,N2000,N2K-F40G-F10G,N2K Uplink option FET-40G to FET-10G,Hardware,CARD,Others,Others,,1,5/26/23,9/30/25,2026,2026 Q1,SNT,205483789,5/26/18,2018,2018 Q4,8/24/22,11/22/26,8/24/23,8/31/27,2028,2028 Q1,N,ENTERGY CORPORATION,181149,ENTERGY SERVICES INC,26853,ENTERGY SERVICES INC,888373,"ENTERGY SERVICES, INC.",404264235,1340 ECHELON PKWY,JACKSON,MS,Minor,55787.6
N/A,COVERED,ACTIVE,Data Center Networking,NX2/4/5/6K,N2000,N2K-C2348TQ4F-E,Nexus 2348TQ-E with 4 Bidi or 2FET-40G and 8FET-10G,Hardware,CHASSIS,Others,Others,,1,5/26/23,9/30/25,2026,2026 Q1,SNT,205483789,5/26/18,2018,2018 Q4,9/9/20,12/8/24,9/9/21,9/30/25,2026,2026 Q1,N,ENTERGY CORPORATION,181149,ENTERGY SERVICES INC,26853,ENTERGY SERVICES INC,888373,"ENTERGY SERVICES, INC.",404264235,1340 ECHELON PKWY,JACKSON,MS,Major,55788
N/A,COVERED,ACTIVE,Data Center Networking,NX2/4/5/6K,N2000,N2K-F40G-F10G,N2K Uplink option FET-40G to FET-10G,Hardware,CARD,Others,Others,,1,5/26/23,9/30/25,2026,2026 Q1,SNT,205483789,5/26/18,2018,2018 Q4,8/24/22,11/22/26,8/24/23,8/31/27,2028,2028 Q1,N,ENTERGY CORPORATION,181149,ENTERGY SERVICES INC,26853,ENTERGY SERVICES INC,888373,"ENTERGY SERVICES, INC.",404264235,1340 ECHELON PKWY,JACKSON,MS,Minor,55788.6
N/A,COVERED,ACTIVE,Data Center Networking,NX2/4/5/6K,N2000,N2K-C2348TQ4F-E,Nexus 2348TQ-E with 4 Bidi or 2FET-40G and 8FET-10G,Hardware,CHASSIS,Others,Others,,1,5/26/23,9/30/25,2026,2026 Q1,SNT,205483789,5/26/18,2018,2018 Q4,9/9/20,12/8/24,9/9/21,9/30/25,2026,2026 Q1,N,ENTERGY CORPORATION,181149,ENTERGY SERVICES INC,26853,ENTERGY SERVICES INC,888373,"ENTERGY SERVICES, INC.",404264235,1340 ECHELON PKWY,JACKSON,MS,Major,55789
N/A,COVERED,ACTIVE,Data Center Networking,NX2/4/5/6K,N2000,N2K-F40G-F10G,N2K Uplink option FET-40G to FET-10G,Hardware,CARD,Others,Others,,1,5/26/23,9/30/25,2026,2026 Q1,SNT,205483789,5/26/18,2018,2018 Q4,8/24/22,11/22/26,8/24/23,8/31/27,2028,2028 Q1,N,ENTERGY CORPORATION,181149,ENTERGY SERVICES INC,26853,ENTERGY SERVICES INC,888373,"ENTERGY SERVICES, INC.",404264235,1340 ECHELON PKWY,JACKSON,MS,Minor,55789.6
FDO221802CD,COVERED,ACTIVE,Data Center Networking,NX9K,N9300,C1-N9K-C93180YC-EX,Cisco ONE Nexus 9300 with 48p 10/25G SFP+ and 6p 100G QSFP28,Hardware,CHASSIS,Cisco One - Transactional - Perpetual,Cisco One,,1,5/30/23,2/28/26,2026,2026 Q3,SNT,205483789,5/30/18,2018,2018 Q4,3/1/21,5/27/25,3/1/22,2/28/26,2026,2026 Q3,N,ENTERGY CORPORATION,181149,ENTERGY SERVICES INC,26853,ENTERGY SERVICES INC,888373,"ENTERGY SERVICES, INC.",404264235,1340 ECHELON PKWY,JACKSON,MS,Major,55856
FDO22181BWC,COVERED,ACTIVE,Data Center Networking,NX9K,N9300,C1-N9K-C93180YC-EX,Cisco ONE Nexus 9300 with 48p 10/25G SFP+ and 6p 100G QSFP28,Hardware,CHASSIS,Cisco One - Transactional - Perpetual,Cisco One,,1,5/30/23,2/28/26,2026,2026 Q3,SNT,205483789,5/30/18,2018,2018 Q4,3/1/21,5/27/25,3/1/22,2/28/26,2026,2026 Q3,N,ENTERGY CORPORATION,181149,ENTERGY SERVICES INC,26853,ENTERGY SERVICES INC,888373,"ENTERGY SERVICES, INC.",404264235,1340 ECHELON PKWY,JACKSON,MS,Major,55855
FDO22181C6D,COVERED,ACTIVE,Data Center Networking,NX9K,N9300,C1-N9K-C93180YC-EX,Cisco ONE Nexus 9300 with 48p 10/25G SFP+ and 6p 100G QSFP28,Hardware,CHASSIS,Cisco One - Transactional - Perpetual,Cisco One,,1,5/30/23,2/28/26,2026,2026 Q3,SNT,205483789,5/30/18,2018,2018 Q4,3/1/21,5/27/25,3/1/22,2/28/26,2026,2026 Q3,N,ENTERGY CORPORATION,181149,ENTERGY SERVICES INC,26853,ENTERGY SERVICES INC,888373,"ENTERGY SERVICES, INC.",404264235,1340 ECHELON PKWY,JACKSON,MS,Major,55857
FDO22182ULJ,COVERED,ACTIVE,Data Center Networking,NX9K,N9300,C1-N9K-C93180YC-EX,Cisco ONE Nexus 9300 with 48p 10/25G SFP+ and 6p 100G QSFP28,Hardware,CHASSIS,Cisco One - Transactional - Perpetual,Cisco One,,1,5/30/23,2/28/26,2026,2026 Q3,SNT,205483789,5/30/18,2018,2018 Q4,3/1/21,5/27/25,3/1/22,2/28/26,2026,2026 Q3,N,ENTERGY CORPORATION,181149,ENTERGY SERVICES INC,26853,ENTERGY SERVICES INC,888373,"ENTERGY SERVICES, INC.",404264235,1340 ECHELON PKWY,JACKSON,MS,Major,55858
FDO22182UMU,COVERED,ACTIVE,Data Center Networking,NX9K,N9300,C1-N9K-C93180YC-EX,Cisco ONE Nexus 9300 with 48p 10/25G SFP+ and 6p 100G QSFP28,Hardware,CHASSIS,Cisco One - Transactional - Perpetual,Cisco One,,1,5/30/23,2/28/26,2026,2026 Q3,SNT,205483789,5/30/18,2018,2018 Q4,3/1/21,5/27/25,3/1/22,2/28/26,2026,2026 Q3,N,ENTERGY CORPORATION,181149,ENTERGY SERVICES INC,26853,ENTERGY SERVICES INC,888373,"ENTERGY SERVICES, INC.",404264235,1340 ECHELON PKWY,JACKSON,MS,Major,55859
FDO22190A8J,COVERED,ACTIVE,Data Center Networking,NX9K,N9300,C1-N9K-C93180YC-EX,Cisco ONE Nexus 9300 with 48p 10/25G SFP+ and 6p 100G QSFP28,Hardware,CHASSIS,Cisco One - Transactional - Perpetual,Cisco One,,1,5/30/23,2/28/26,2026,2026 Q3,SNT,205483789,5/30/18,2018,2018 Q4,3/1/21,5/27/25,3/1/22,2/28/26,2026,2026 Q3,N,ENTERGY CORPORATION,181149,ENTERGY SERVICES INC,26853,ENTERGY SERVICES INC,888373,"ENTERGY SERVICES, INC.",404264235,1340 ECHELON PKWY,JACKSON,MS,Major,55860
FDO22190A8M,COVERED,ACTIVE,Data Center Networking,NX9K,N9300,C1-N9K-C93180YC-EX,Cisco ONE Nexus 9300 with 48p 10/25G SFP+ and 6p 100G QSFP28,Hardware,CHASSIS,Cisco One - Transactional - Perpetual,Cisco One,,1,5/30/23,2/28/26,2026,2026 Q3,SNT,205483789,5/30/18,2018,2018 Q4,3/1/21,5/27/25,3/1/22,2/28/26,2026,2026 Q3,N,ENTERGY CORPORATION,181149,ENTERGY SERVICES INC,26853,ENTERGY SERVICES INC,888373,"ENTERGY SERVICES, INC.",404264235,1340 ECHELON PKWY,JACKSON,MS,Major,55861
FXS2203Q1B5,COVERED,ACTIVE,Data Center Networking,NX7K,N7000,C1-N7706-B26S2E-R,"Cisco ONE N7706 Bundle (Chassis,2xSUP2E,6xFAB2),NoPowSup",Hardware,CHASSIS,Cisco One - Transactional - Perpetual,Cisco One,,1,6/7/23,2/28/26,2026,2026 Q3,SNT,205483789,6/8/18,2018,2018 Q4,3/1/21,5/27/25,3/1/22,2/28/26,2026,2026 Q3,N,ENTERGY CORPORATION,181149,ENTERGY SERVICES INC,26853,ENTERGY SERVICES INC,888373,"ENTERGY SERVICES, INC.",404264235,1340 ECHELON PKWY,JACKSON,MS,Major,55969
FXS2203Q1E6,COVERED,ACTIVE,Data Center Networking,NX7K,N7000,C1-N7706-B26S2E-R,"Cisco ONE N7706 Bundle (Chassis,2xSUP2E,6xFAB2),NoPowSup",Hardware,CHASSIS,Cisco One - Transactional - Perpetual,Cisco One,,1,6/7/23,2/28/26,2026,2026 Q3,SNT,205483789,6/8/18,2018,2018 Q4,3/1/21,5/27/25,3/1/22,2/28/26,2026,2026 Q3,N,ENTERGY CORPORATION,181149,ENTERGY SERVICES INC,26853,ENTERGY SERVICES INC,888373,"ENTERGY SERVICES, INC.",404264235,1340 ECHELON PKWY,JACKSON,MS,Major,55968
FOC2217R1A1,NOT COVERED,EXPIRED,Data Center Networking,NX2/4/5/6K,N2000,N2348UPQ-FA-BUN,"Port Side Exhaust, airflow pack N2K-C2348UPQ, 2AC PS, 3Fan",Hardware,CHASSIS,Others,Others,,1,6/13/18,6/12/23,2023,2023 Q4,SNT,92058507,6/13/18,2018,2018 Q4,8/24/22,11/22/26,8/24/23,8/31/27,2028,2028 Q1,Y,ENTERGY CORPORATION,181149,ENTERGY SERVICES INC,26853,ENTERGY SERVICES INC,888373,"ENTERGY SERVICES, INC.",404264235,1340 ECHELON PKWY,JACKSON,MS,Minor,56084.6
FOC2218R0Q7,NOT COVERED,EXPIRED,Data Center Networking,NX2/4/5/6K,N2000,N2348UPQ-FA-BUN,"Port Side Exhaust, airflow pack N2K-C2348UPQ, 2AC PS, 3Fan",Hardware,CHASSIS,Others,Others,,1,6/13/18,6/12/23,2023,2023 Q4,SNT,92058507,6/13/18,2018,2018 Q4,8/24/22,11/22/26,8/24/23,8/31/27,2028,2028 Q1,Y,ENTERGY CORPORATION,181149,ENTERGY SERVICES INC,26853,ENTERGY SERVICES INC,177639549,"Entergy Services, Inc.",2000438930,700 LOUISIANA ST,LITTLE ROCK,AR,Minor,56090.6
FOC2218R1DU,NOT COVERED,EXPIRED,Data Center Networking,NX2/4/5/6K,N2000,N2348UPQ-FA-BUN,"Port Side Exhaust, airflow pack N2K-C2348UPQ, 2AC PS, 3Fan",Hardware,CHASSIS,Others,Others,,1,6/13/18,6/12/23,2023,2023 Q4,SNT,92058507,6/13/18,2018,2018 Q4,8/24/22,11/22/26,8/24/23,8/31/27,2028,2028 Q1,Y,ENTERGY CORPORATION,181149,ENTERGY SERVICES INC,26853,ENTERGY SERVICES INC,177639549,"Entergy Services, Inc.",2000438930,700 LOUISIANA ST,LITTLE ROCK,AR,Minor,56089.6
FOC2218R1EJ,NOT COVERED,EXPIRED,Data Center Networking,NX2/4/5/6K,N2000,N2348UPQ-FA-BUN,"Port Side Exhaust, airflow pack N2K-C2348UPQ, 2AC PS, 3Fan",Hardware,CHASSIS,Others,Others,,1,6/13/18,6/12/23,2023,2023 Q4,SNT,92058507,6/13/18,2018,2018 Q4,8/24/22,11/22/26,8/24/23,8/31/27,2028,2028 Q1,Y,ENTERGY CORPORATION,181149,ENTERGY SERVICES INC,26853,ENTERGY SERVICES INC,177639549,"Entergy Services, Inc.",2000438930,700 LOUISIANA ST,LITTLE ROCK,AR,Minor,56091.6
FOC2218R1EV,NOT COVERED,EXPIRED,Data Center Networking,NX2/4/5/6K,N2000,N2348UPQ-FA-BUN,"Port Side Exhaust, airflow pack N2K-C2348UPQ, 2AC PS, 3Fan",Hardware,CHASSIS,Others,Others,,1,6/13/18,6/12/23,2023,2023 Q4,SNT,92058507,6/13/18,2018,2018 Q4,8/24/22,11/22/26,8/24/23,8/31/27,2028,2028 Q1,Y,ENTERGY CORPORATION,181149,ENTERGY SERVICES INC,26853,ENTERGY SERVICES INC,888373,"ENTERGY SERVICES, INC.",404264235,1340 ECHELON PKWY,JACKSON,MS,Minor,56083.6
FOC2218R1FV,NOT COVERED,EXPIRED,Data Center Networking,NX2/4/5/6K,N2000,N2348UPQ-FA-BUN,"Port Side Exhaust, airflow pack N2K-C2348UPQ, 2AC PS, 3Fan",Hardware,CHASSIS,Others,Others,,1,6/13/18,6/12/23,2023,2023 Q4,SNT,92058507,6/13/18,2018,2018 Q4,8/24/22,11/22/26,8/24/23,8/31/27,2028,2028 Q1,Y,ENTERGY CORPORATION,181149,ENTERGY SERVICES INC,26853,ENTERGY SERVICES INC,177639549,"Entergy Services, Inc.",2000438930,700 LOUISIANA ST,LITTLE ROCK,AR,Minor,56092.6
N/A,COVERED,ACTIVE,Data Center Networking,NX2/4/5/6K,N2000,N2K-C2348UPQ,"Nexus 2000, 10GE UP FEX 48x1/10GE SFP+  6x40G QSFP",Hardware,CHASSIS,Others,Others,,1,6/13/23,3/31/26,2026,2026 Q3,SNT,205483789,6/13/18,2018,2018 Q4,8/24/22,11/22/26,8/24/23,8/31/27,2028,2028 Q1,Y,ENTERGY CORPORATION,181149,ENTERGY SERVICES INC,26853,ENTERGY SERVICES INC,888373,"ENTERGY SERVICES, INC.",404264235,1340 ECHELON PKWY,JACKSON,MS,Major,56083
N/A,COVERED,ACTIVE,Data Center Networking,NX2/4/5/6K,N2000,N2K-C2348UPQ,"Nexus 2000, 10GE UP FEX 48x1/10GE SFP+  6x40G QSFP",Hardware,CHASSIS,Others,Others,,1,6/13/23,3/31/26,2026,2026 Q3,SNT,205483789,6/13/18,2018,2018 Q4,8/24/22,11/22/26,8/24/23,8/31/27,2028,2028 Q1,Y,ENTERGY CORPORATION,181149,ENTERGY SERVICES INC,26853,ENTERGY SERVICES INC,888373,"ENTERGY SERVICES, INC.",404264235,1340 ECHELON PKWY,JACKSON,MS,Major,56084
N/A,NOT COVERED,EXPIRED,Data Center Networking,NX2/4/5/6K,N2000,N2K-C2348UPQ,"Nexus 2000, 10GE UP FEX 48x1/10GE SFP+  6x40G QSFP",Hardware,CHASSIS,Others,Others,,1,6/13/18,6/12/23,2023,2023 Q4,SNT,92058507,6/13/18,2018,2018 Q4,8/24/22,11/22/26,8/24/23,8/31/27,2028,2028 Q1,Y,ENTERGY CORPORATION,181149,ENTERGY SERVICES INC,26853,ENTERGY SERVICES INC,177639549,"Entergy Services, Inc.",2000438930,700 LOUISIANA ST,LITTLE ROCK,AR,Major,56089
N/A,NOT COVERED,EXPIRED,Data Center Networking,NX2/4/5/6K,N2000,N2K-C2348UPQ,"Nexus 2000, 10GE UP FEX 48x1/10GE SFP+  6x40G QSFP",Hardware,CHASSIS,Others,Others,,1,6/13/18,6/12/23,2023,2023 Q4,SNT,92058507,6/13/18,2018,2018 Q4,8/24/22,11/22/26,8/24/23,8/31/27,2028,2028 Q1,Y,ENTERGY CORPORATION,181149,ENTERGY SERVICES INC,26853,ENTERGY SERVICES INC,177639549,"Entergy Services, Inc.",2000438930,700 LOUISIANA ST,LITTLE ROCK,AR,Major,56090
N/A,NOT COVERED,EXPIRED,Data Center Networking,NX2/4/5/6K,N2000,N2K-C2348UPQ,"Nexus 2000, 10GE UP FEX 48x1/10GE SFP+  6x40G QSFP",Hardware,CHASSIS,Others,Others,,1,6/13/18,6/12/23,2023,2023 Q4,SNT,92058507,6/13/18,2018,2018 Q4,8/24/22,11/22/26,8/24/23,8/31/27,2028,2028 Q1,Y,ENTERGY CORPORATION,181149,ENTERGY SERVICES INC,26853,ENTERGY SERVICES INC,177639549,"Entergy Services, Inc.",2000438930,700 LOUISIANA ST,LITTLE ROCK,AR,Major,56091
N/A,NOT COVERED,EXPIRED,Data Center Networking,NX2/4/5/6K,N2000,N2K-C2348UPQ,"Nexus 2000, 10GE UP FEX 48x1/10GE SFP+  6x40G QSFP",Hardware,CHASSIS,Others,Others,,1,6/13/18,6/12/23,2023,2023 Q4,SNT,92058507,6/13/18,2018,2018 Q4,8/24/22,11/22/26,8/24/23,8/31/27,2028,2028 Q1,Y,ENTERGY CORPORATION,181149,ENTERGY SERVICES INC,26853,ENTERGY SERVICES INC,177639549,"Entergy Services, Inc.",2000438930,700 LOUISIANA ST,LITTLE ROCK,AR,Major,56092
FDO22210AGH,COVERED,ACTIVE,Data Center Networking,NX9K,N9300,N9K-C93180YC-EX,Nexus 9300 with 48p 10/25G SFP+ and 6p 100G QSFP28,Hardware,CHASSIS,Others,Others,,1,6/18/23,3/31/26,2026,2026 Q3,SNT,205483789,6/19/18,2018,2018 Q4,8/9/22,11/7/26,8/9/23,8/31/27,2028,2028 Q1,Y,ENTERGY CORPORATION,181149,ENTERGY SERVICES INC,26853,ENTERGY SERVICES INC,177639549,"ENTERGY SERVICES, INC.",404264195,700 LOUISIANA ST,LITTLE ROCK,AR,Major,56216
FDO22222241,COVERED,ACTIVE,Data Center Networking,NX9K,N9300,N9K-C93180YC-EX,Nexus 9300 with 48p 10/25G SFP+ and 6p 100G QSFP28,Hardware,CHASSIS,Others,Others,,1,6/18/23,3/31/26,2026,2026 Q3,SNT,205483789,6/19/18,2018,2018 Q4,8/9/22,11/7/26,8/9/23,8/31/27,2028,2028 Q1,Y,ENTERGY CORPORATION,181149,ENTERGY SERVICES INC,26853,ENTERGY SERVICES INC,177639549,"ENTERGY SERVICES, INC.",404264195,700 LOUISIANA ST,LITTLE ROCK,AR,Major,56215
FDO2222269Q,COVERED,ACTIVE,Data Center Networking,NX9K,N9300,N9K-C93180YC-EX,Nexus 9300 with 48p 10/25G SFP+ and 6p 100G QSFP28,Hardware,CHASSIS,Others,Others,,1,6/18/23,3/31/26,2026,2026 Q3,SNT,205483789,6/19/18,2018,2018 Q4,8/9/22,11/7/26,8/9/23,8/31/27,2028,2028 Q1,Y,ENTERGY CORPORATION,181149,ENTERGY SERVICES INC,26853,ENTERGY SERVICES INC,888373,"ENTERGY SERVICES, INC.",404264235,1340 ECHELON PKWY,JACKSON,MS,Major,56214
FDO22222P30,COVERED,ACTIVE,Data Center Networking,NX9K,N9300,N9K-C93180YC-EX,Nexus 9300 with 48p 10/25G SFP+ and 6p 100G QSFP28,Hardware,CHASSIS,Others,Others,,1,6/18/23,3/31/26,2026,2026 Q3,SNT,205483789,6/19/18,2018,2018 Q4,8/9/22,11/7/26,8/9/23,8/31/27,2028,2028 Q1,Y,ENTERGY CORPORATION,181149,ENTERGY SERVICES INC,26853,ENTERGY SERVICES INC,888373,"ENTERGY SERVICES, INC.",404264235,1340 ECHELON PKWY,JACKSON,MS,Major,56213
FOC22140WKF,NOT COVERED,EXPIRED,Data Center Networking,NX9K,N9500,N9K-SC-A,System Controller for Nexus 9500,Hardware,CARD,Others,Others,,1,6/25/23,6/24/24,2024,2024 Q4,SNT,205483789,6/26/18,2018,2018 Q4,,,,,,,N,ENTERGY CORPORATION,181149,ENTERGY SERVICES INC,26853,ENTERGY SERVICES INC,888373,"ENTERGY SERVICES, INC.",404264235,1340 ECHELON PKWY,JACKSON,MS,Minor,56445.14
FOC22140WMH,NOT COVERED,EXPIRED,Data Center Networking,NX9K,N9500,N9K-SC-A,System Controller for Nexus 9500,Hardware,CARD,Others,Others,,1,6/25/23,6/24/24,2024,2024 Q4,SNT,205483789,6/26/18,2018,2018 Q4,,,,,,,N,ENTERGY CORPORATION,181149,ENTERGY SERVICES INC,26853,ENTERGY SERVICES INC,888373,"ENTERGY SERVICES, INC.",404264235,1340 ECHELON PKWY,JACKSON,MS,Minor,56445.13
FOC22140WP8,COVERED,ACTIVE,Data Center Networking,NX9K,N9500,N9K-SC-A,System Controller for Nexus 9500,Hardware,CARD,Others,Others,,1,6/25/24,2/28/26,2026,2026 Q3,SNT,205483789,6/26/18,2018,2018 Q4,,,,,,,N,ENTERGY CORPORATION,181149,ENTERGY SERVICES INC,26853,ENTERGY SERVICES INC,888373,"ENTERGY SERVICES, INC.",404264235,1340 ECHELON PKWY,JACKSON,MS,Minor,56446.14
FOC22140WQK,COVERED,ACTIVE,Data Center Networking,NX9K,N9500,N9K-SC-A,System Controller for Nexus 9500,Hardware,CARD,Others,Others,,1,6/25/24,2/28/26,2026,2026 Q3,SNT,205483789,6/26/18,2018,2018 Q4,,,,,,,N,ENTERGY CORPORATION,181149,ENTERGY SERVICES INC,26853,ENTERGY SERVICES INC,888373,"ENTERGY SERVICES, INC.",404264235,1340 ECHELON PKWY,JACKSON,MS,Minor,56446.13
FOC22204NL4,COVERED,ACTIVE,Data Center Networking,NX9K,N9500,N9K-X97160YC-EX,"Nexus 9500 NX-OS linecard, 48p 10G/25G with 4p 100G QSFP28",Hardware,CARD,Others,Others,,1,6/25/24,2/28/26,2026,2026 Q3,SNT,205483789,6/26/18,2018,2018 Q4,,,,,,,N,ENTERGY CORPORATION,181149,ENTERGY SERVICES INC,26853,ENTERGY SERVICES INC,888373,"ENTERGY SERVICES, INC.",404264235,1340 ECHELON PKWY,JACKSON,MS,Minor,56446.6
FOC22204NMF,NOT COVERED,EXPIRED,Data Center Networking,NX9K,N9500,N9K-X97160YC-EX,"Nexus 9500 NX-OS linecard, 48p 10G/25G with 4p 100G QSFP28",Hardware,CARD,Others,Others,,1,6/25/23,6/24/24,2024,2024 Q4,SNT,205483789,6/26/18,2018,2018 Q4,,,,,,,N,ENTERGY CORPORATION,181149,ENTERGY SERVICES INC,26853,ENTERGY SERVICES INC,888373,"ENTERGY SERVICES, INC.",404264235,1340 ECHELON PKWY,JACKSON,MS,Minor,56445.6
FOC22205YJF,COVERED,ACTIVE,Data Center Networking,NX9K,N9500,N9K-X9736C-FX,"Nexus 9500 36p 100G NX-OS Agg, ACI Spine, MACSec line card",Hardware,CARD,Others,Others,,1,6/25/24,2/28/26,2026,2026 Q3,SNT,205483789,6/26/18,2018,2018 Q4,,,,,,,N,ENTERGY CORPORATION,181149,ENTERGY SERVICES INC,26853,ENTERGY SERVICES INC,888373,"ENTERGY SERVICES, INC.",404264235,1340 ECHELON PKWY,JACKSON,MS,Minor,56446.5
FOC22205YK8,NOT COVERED,EXPIRED,Data Center Networking,NX9K,N9500,N9K-X9736C-FX,"Nexus 9500 36p 100G NX-OS Agg, ACI Spine, MACSec line card",Hardware,CARD,Others,Others,,1,6/25/23,6/24/24,2024,2024 Q4,SNT,205483789,6/26/18,2018,2018 Q4,,,,,,,N,ENTERGY CORPORATION,181149,ENTERGY SERVICES INC,26853,ENTERGY SERVICES INC,888373,"ENTERGY SERVICES, INC.",404264235,1340 ECHELON PKWY,JACKSON,MS,Minor,56445.5
FOC222139S4,NOT COVERED,EXPIRED,Data Center Networking,NX9K,N9500,N9K-SUP-A+,Supervisor for Nexus 9500,Hardware,CARD,Others,Others,,1,6/25/23,6/24/24,2024,2024 Q4,SNT,205483789,6/26/18,2018,2018 Q4,,,,,,,N,ENTERGY CORPORATION,181149,ENTERGY SERVICES INC,26853,ENTERGY SERVICES INC,888373,"ENTERGY SERVICES, INC.",404264235,1340 ECHELON PKWY,JACKSON,MS,Minor,56445.21
FOC222139TB,COVERED,ACTIVE,Data Center Networking,NX9K,N9500,N9K-SUP-A+,Supervisor for Nexus 9500,Hardware,CARD,Others,Others,,1,6/25/24,2/28/26,2026,2026 Q3,SNT,205483789,6/26/18,2018,2018 Q4,,,,,,,N,ENTERGY CORPORATION,181149,ENTERGY SERVICES INC,26853,ENTERGY SERVICES INC,888373,"ENTERGY SERVICES, INC.",404264235,1340 ECHELON PKWY,JACKSON,MS,Minor,56446.3
FOC222139Y1,NOT COVERED,EXPIRED,Data Center Networking,NX9K,N9500,N9K-SUP-A+,Supervisor for Nexus 9500,Hardware,CARD,Others,Others,,1,6/25/23,6/24/24,2024,2024 Q4,SNT,205483789,6/26/18,2018,2018 Q4,,,,,,,N,ENTERGY CORPORATION,181149,ENTERGY SERVICES INC,26853,ENTERGY SERVICES INC,888373,"ENTERGY SERVICES, INC.",404264235,1340 ECHELON PKWY,JACKSON,MS,Minor,56445.22
FOC222139Y2,COVERED,ACTIVE,Data Center Networking,NX9K,N9500,N9K-SUP-A+,Supervisor for Nexus 9500,Hardware,CARD,Others,Others,,1,6/25/24,2/28/26,2026,2026 Q3,SNT,205483789,6/26/18,2018,2018 Q4,,,,,,,N,ENTERGY CORPORATION,181149,ENTERGY SERVICES INC,26853,ENTERGY SERVICES INC,888373,"ENTERGY SERVICES, INC.",404264235,1340 ECHELON PKWY,JACKSON,MS,Minor,56446.29
FOX2208P5U2,NOT COVERED,EXPIRED,Data Center Networking,NX9K,N9500,C1-N9K-C9504-B3-E,"Cisco ONE Nexus 9504 Chassis Bun 1Sup, 3PS, 2SC, 4 FME, 3Fan",Hardware,CHASSIS,Cisco One - Transactional - Perpetual,Cisco One,,1,6/25/23,6/24/24,2024,2024 Q4,SNT,205483789,6/26/18,2018,2018 Q4,3/1/21,5/27/25,3/1/22,2/28/26,2026,2026 Q3,N,ENTERGY CORPORATION,181149,ENTERGY SERVICES INC,26853,ENTERGY SERVICES INC,888373,"ENTERGY SERVICES, INC.",404264235,1340 ECHELON PKWY,JACKSON,MS,Major,56445
FOX2208P5UB,COVERED,ACTIVE,Data Center Networking,NX9K,N9500,C1-N9K-C9504-B3-E,"Cisco ONE Nexus 9504 Chassis Bun 1Sup, 3PS, 2SC, 4 FME, 3Fan",Hardware,CHASSIS,Cisco One - Transactional - Perpetual,Cisco One,,1,6/25/24,2/28/26,2026,2026 Q3,SNT,205483789,6/26/18,2018,2018 Q4,3/1/21,5/27/25,3/1/22,2/28/26,2026,2026 Q3,N,ENTERGY CORPORATION,181149,ENTERGY SERVICES INC,26853,ENTERGY SERVICES INC,888373,"ENTERGY SERVICES, INC.",404264235,1340 ECHELON PKWY,JACKSON,MS,Major,56446
N/A,NOT COVERED,EXPIRED,Data Center Networking,NX9K,N9500,N9K-SELECT-SUP-A+,PID to Select Default Supervisor N9K-SUP-A+,Hardware,CARD,Others,Others,,1,6/25/23,6/24/24,2024,2024 Q4,SNT,205483789,6/26/18,2018,2018 Q4,,,,,,,N,ENTERGY CORPORATION,181149,ENTERGY SERVICES INC,26853,ENTERGY SERVICES INC,888373,"ENTERGY SERVICES, INC.",404264235,1340 ECHELON PKWY,JACKSON,MS,Minor,56445.8
N/A,NOT COVERED,EXPIRED,Data Center Networking,NX9K,N9500,N9K-SELECT-C95PAC,PID to Select Default Power Supply N9K-PAC-3000W-B,Hardware,CARD,Others,Others,,3,6/25/23,6/24/24,2024,2024 Q4,SNT,205483789,6/26/18,2018,2018 Q4,,,,,,,N,ENTERGY CORPORATION,181149,ENTERGY SERVICES INC,26853,ENTERGY SERVICES INC,888373,"ENTERGY SERVICES, INC.",404264235,1340 ECHELON PKWY,JACKSON,MS,Minor,56445.9
N/A,COVERED,ACTIVE,Data Center Networking,NX9K,N9500,N9K-SELECT-SUP-A+,PID to Select Default Supervisor N9K-SUP-A+,Hardware,CARD,Others,Others,,1,6/25/24,2/28/26,2026,2026 Q3,SNT,205483789,6/26/18,2018,2018 Q4,,,,,,,N,ENTERGY CORPORATION,181149,ENTERGY SERVICES INC,26853,ENTERGY SERVICES INC,888373,"ENTERGY SERVICES, INC.",404264235,1340 ECHELON PKWY,JACKSON,MS,Minor,56446.8
N/A,COVERED,ACTIVE,Data Center Networking,NX9K,N9500,N9K-SELECT-C95PAC,PID to Select Default Power Supply N9K-PAC-3000W-B,Hardware,CARD,Others,Others,,3,6/25/24,2/28/26,2026,2026 Q3,SNT,205483789,6/26/18,2018,2018 Q4,,,,,,,N,ENTERGY CORPORATION,181149,ENTERGY SERVICES INC,26853,ENTERGY SERVICES INC,888373,"ENTERGY SERVICES, INC.",404264235,1340 ECHELON PKWY,JACKSON,MS,Minor,56446.9
FOC2223R0DM,NOT COVERED,EXPIRED,Data Center Networking,NX2/4/5/6K,N2000,N2348TQ-E-FA-BUN,"Standard airflow pack N2K-C2348TQ-E, 2AC PS, 3 Fan",Hardware,CHASSIS,Others,Others,,1,7/29/18,7/28/23,2023,2023 Q4,SNT,92058507,7/29/18,2019,2019 Q1,8/24/22,11/22/26,8/24/23,8/31/27,2028,2028 Q1,Y,ENTERGY CORPORATION,181149,ENTERGY SERVICES INC,26853,ENTERGY SERVICES INC,888373,"ENTERGY SERVICES, INC.",404264235,1340 ECHELON PKWY,JACKSON,MS,Minor,58145.6
FOC2223R0DR,COVERED,ACTIVE,Data Center Networking,NX2/4/5/6K,N2000,N2348TQ-E-FA-BUN,"Standard airflow pack N2K-C2348TQ-E, 2AC PS, 3 Fan",Hardware,CHASSIS,Others,Others,,1,7/29/23,3/31/26,2026,2026 Q3,SNT,205483789,7/29/18,2019,2019 Q1,8/24/22,11/22/26,8/24/23,8/31/27,2028,2028 Q1,Y,ENTERGY CORPORATION,181149,ENTERGY SERVICES INC,26853,ENTERGY SERVICES INC,888373,"ENTERGY SERVICES, INC.",404264235,1340 ECHELON PKWY,JACKSON,MS,Minor,58146.6
N/A,COVERED,ACTIVE,Data Center Networking,NX2/4/5/6K,N2000,N2K-C2348TQ-E,"Nexus 2000, 10GT FEX 48x1/10T 6x40G QSFP",Hardware,CHASSIS,Others,Others,,1,7/29/23,3/31/26,2026,2026 Q3,SNT,205483789,7/29/18,2019,2019 Q1,8/24/22,11/22/26,8/24/23,8/31/27,2028,2028 Q1,Y,ENTERGY CORPORATION,181149,ENTERGY SERVICES INC,26853,ENTERGY SERVICES INC,888373,"ENTERGY SERVICES, INC.",404264235,1340 ECHELON PKWY,JACKSON,MS,Major,58145
N/A,COVERED,ACTIVE,Data Center Networking,NX2/4/5/6K,N2000,N2K-C2348TQ-E,"Nexus 2000, 10GT FEX 48x1/10T 6x40G QSFP",Hardware,CHASSIS,Others,Others,,1,7/29/23,3/31/26,2026,2026 Q3,SNT,205483789,7/29/18,2019,2019 Q1,8/24/22,11/22/26,8/24/23,8/31/27,2028,2028 Q1,Y,ENTERGY CORPORATION,181149,ENTERGY SERVICES INC,26853,ENTERGY SERVICES INC,888373,"ENTERGY SERVICES, INC.",404264235,1340 ECHELON PKWY,JACKSON,MS,Major,58146
FOC2221R1FZ,NOT COVERED,EXPIRED,Data Center Networking,NX2/4/5/6K,N2000,N2348TQ-E-FA-BUN,"Standard airflow pack N2K-C2348TQ-E, 2AC PS, 3 Fan",Hardware,CHASSIS,Others,Others,,1,7/30/18,7/29/23,2023,2023 Q4,SNT,92058507,7/30/18,2019,2019 Q1,8/24/22,11/22/26,8/24/23,8/31/27,2028,2028 Q1,Y,ENTERGY CORPORATION,181149,ENTERGY SERVICES INC,26853,ENTERGY SERVICES INC,888373,"ENTERGY SERVICES, INC.",404264235,1340 ECHELON PKWY,JACKSON,MS,Minor,58190.6
FOC2223R0HC,NOT COVERED,EXPIRED,Data Center Networking,NX2/4/5/6K,N2000,N2348TQ-E-FA-BUN,"Standard airflow pack N2K-C2348TQ-E, 2AC PS, 3 Fan",Hardware,CHASSIS,Others,Others,,1,7/30/18,7/29/23,2023,2023 Q4,SNT,92058507,7/30/18,2019,2019 Q1,8/24/22,11/22/26,8/24/23,8/31/27,2028,2028 Q1,Y,ENTERGY CORPORATION,181149,ENTERGY SERVICES INC,26853,ENTERGY SERVICES INC,888373,"ENTERGY SERVICES, INC.",404264235,1340 ECHELON PKWY,JACKSON,MS,Minor,58189.6
N/A,NOT COVERED,EXPIRED,Data Center Networking,NX2/4/5/6K,N2000,N2K-C2348TQ-E,"Nexus 2000, 10GT FEX 48x1/10T 6x40G QSFP",Hardware,CHASSIS,Others,Others,,1,7/30/18,7/29/23,2023,2023 Q4,SNT,92058507,7/30/18,2019,2019 Q1,8/24/22,11/22/26,8/24/23,8/31/27,2028,2028 Q1,Y,ENTERGY CORPORATION,181149,ENTERGY SERVICES INC,26853,ENTERGY SERVICES INC,888373,"ENTERGY SERVICES, INC.",404264235,1340 ECHELON PKWY,JACKSON,MS,Major,58189
N/A,NOT COVERED,EXPIRED,Data Center Networking,NX2/4/5/6K,N2000,N2K-C2348TQ-E,"Nexus 2000, 10GT FEX 48x1/10T 6x40G QSFP",Hardware,CHASSIS,Others,Others,,1,7/30/18,7/29/23,2023,2023 Q4,SNT,92058507,7/30/18,2019,2019 Q1,8/24/22,11/22/26,8/24/23,8/31/27,2028,2028 Q1,Y,ENTERGY CORPORATION,181149,ENTERGY SERVICES INC,26853,ENTERGY SERVICES INC,888373,"ENTERGY SERVICES, INC.",404264235,1340 ECHELON PKWY,JACKSON,MS,Major,58190
FOC2220R16D,NOT COVERED,EXPIRED,Data Center Networking,NX2/4/5/6K,N2000,N2348TQ-E-FA-BUN,"Standard airflow pack N2K-C2348TQ-E, 2AC PS, 3 Fan",Hardware,CHASSIS,Others,Others,,1,7/30/18,7/29/23,2023,2023 Q4,SNT,92058507,7/31/18,2019,2019 Q1,8/24/22,11/22/26,8/24/23,8/31/27,2028,2028 Q1,Y,ENTERGY CORPORATION,181149,ENTERGY SERVICES INC,26853,ENTERGY SERVICES INC,177639549,"Entergy Services, Inc.",2000438930,700 LOUISIANA ST,LITTLE ROCK,AR,Minor,58205.6
FOC2223R0AG,NOT COVERED,EXPIRED,Data Center Networking,NX2/4/5/6K,N2000,N2348TQ-E-FA-BUN,"Standard airflow pack N2K-C2348TQ-E, 2AC PS, 3 Fan",Hardware,CHASSIS,Others,Others,,1,7/30/18,7/29/23,2023,2023 Q4,SNT,92058507,7/31/18,2019,2019 Q1,8/24/22,11/22/26,8/24/23,8/31/27,2028,2028 Q1,Y,ENTERGY CORPORATION,181149,ENTERGY SERVICES INC,26853,ENTERGY SERVICES INC,177639549,"Entergy Services, Inc.",2000438930,700 LOUISIANA ST,LITTLE ROCK,AR,Minor,58201.6
FOC2223R0AK,NOT COVERED,EXPIRED,Data Center Networking,NX2/4/5/6K,N2000,N2348TQ-E-FA-BUN,"Standard airflow pack N2K-C2348TQ-E, 2AC PS, 3 Fan",Hardware,CHASSIS,Others,Others,,1,7/30/18,7/29/23,2023,2023 Q4,SNT,92058507,7/31/18,2019,2019 Q1,8/24/22,11/22/26,8/24/23,8/31/27,2028,2028 Q1,Y,ENTERGY CORPORATION,181149,ENTERGY SERVICES INC,26853,ENTERGY SERVICES INC,177639549,"Entergy Services, Inc.",2000438930,700 LOUISIANA ST,LITTLE ROCK,AR,Minor,58210.6
FOC2223R0DE,NOT COVERED,EXPIRED,Data Center Networking,NX2/4/5/6K,N2000,N2348TQ-E-FA-BUN,"Standard airflow pack N2K-C2348TQ-E, 2AC PS, 3 Fan",Hardware,CHASSIS,Others,Others,,1,7/30/18,7/29/23,2023,2023 Q4,SNT,92058507,7/31/18,2019,2019 Q1,8/24/22,11/22/26,8/24/23,8/31/27,2028,2028 Q1,Y,ENTERGY CORPORATION,181149,ENTERGY SERVICES INC,26853,ENTERGY SERVICES INC,177639549,"Entergy Services, Inc.",2000438930,700 LOUISIANA ST,LITTLE ROCK,AR,Minor,58209.6
FOC2223R0DT,NOT COVERED,EXPIRED,Data Center Networking,NX2/4/5/6K,N2000,N2348TQ-E-FA-BUN,"Standard airflow pack N2K-C2348TQ-E, 2AC PS, 3 Fan",Hardware,CHASSIS,Others,Others,,1,7/30/18,7/29/23,2023,2023 Q4,SNT,92058507,7/31/18,2019,2019 Q1,8/24/22,11/22/26,8/24/23,8/31/27,2028,2028 Q1,Y,ENTERGY CORPORATION,181149,ENTERGY SERVICES INC,26853,ENTERGY SERVICES INC,177639549,"Entergy Services, Inc.",2000438930,700 LOUISIANA ST,LITTLE ROCK,AR,Minor,58208.6
FOC2223R0DZ,NOT COVERED,EXPIRED,Data Center Networking,NX2/4/5/6K,N2000,N2348TQ-E-FA-BUN,"Standard airflow pack N2K-C2348TQ-E, 2AC PS, 3 Fan",Hardware,CHASSIS,Others,Others,,1,7/30/18,7/29/23,2023,2023 Q4,SNT,92058507,7/31/18,2019,2019 Q1,8/24/22,11/22/26,8/24/23,8/31/27,2028,2028 Q1,Y,ENTERGY CORPORATION,181149,ENTERGY SERVICES INC,26853,ENTERGY SERVICES INC,177639549,"ENTERGY SERVICES, INC.",404264195,700 LOUISIANA ST,LITTLE ROCK,AR,Minor,58198.6
FOC2223R0E3,NOT COVERED,EXPIRED,Data Center Networking,NX2/4/5/6K,N2000,N2348TQ-E-FA-BUN,"Standard airflow pack N2K-C2348TQ-E, 2AC PS, 3 Fan",Hardware,CHASSIS,Others,Others,,1,7/30/18,7/29/23,2023,2023 Q4,SNT,92058507,7/31/18,2019,2019 Q1,8/24/22,11/22/26,8/24/23,8/31/27,2028,2028 Q1,Y,ENTERGY CORPORATION,181149,ENTERGY SERVICES INC,26853,ENTERGY SERVICES INC,177639549,"ENTERGY SERVICES, INC.",404264195,700 LOUISIANA ST,LITTLE ROCK,AR,Minor,58199.6
FOC2223R0EJ,NOT COVERED,EXPIRED,Data Center Networking,NX2/4/5/6K,N2000,N2348TQ-E-FA-BUN,"Standard airflow pack N2K-C2348TQ-E, 2AC PS, 3 Fan",Hardware,CHASSIS,Others,Others,,1,7/30/18,7/29/23,2023,2023 Q4,SNT,92058507,7/31/18,2019,2019 Q1,8/24/22,11/22/26,8/24/23,8/31/27,2028,2028 Q1,Y,ENTERGY CORPORATION,181149,ENTERGY SERVICES INC,26853,ENTERGY SERVICES INC,177639549,"Entergy Services, Inc.",2000438930,700 LOUISIANA ST,LITTLE ROCK,AR,Minor,58206.6
FOC2223R0EL,NOT COVERED,EXPIRED,Data Center Networking,NX2/4/5/6K,N2000,N2348TQ-E-FA-BUN,"Standard airflow pack N2K-C2348TQ-E, 2AC PS, 3 Fan",Hardware,CHASSIS,Others,Others,,1,7/30/18,7/29/23,2023,2023 Q4,SNT,92058507,7/31/18,2019,2019 Q1,8/24/22,11/22/26,8/24/23,8/31/27,2028,2028 Q1,Y,ENTERGY CORPORATION,181149,ENTERGY SERVICES INC,26853,ENTERGY SERVICES INC,177639549,"Entergy Services, Inc.",2000438930,700 LOUISIANA ST,LITTLE ROCK,AR,Minor,58204.6
FOC2223R0ER,NOT COVERED,EXPIRED,Data Center Networking,NX2/4/5/6K,N2000,N2348TQ-E-FA-BUN,"Standard airflow pack N2K-C2348TQ-E, 2AC PS, 3 Fan",Hardware,CHASSIS,Others,Others,,1,7/30/18,7/29/23,2023,2023 Q4,SNT,92058507,7/31/18,2019,2019 Q1,8/24/22,11/22/26,8/24/23,8/31/27,2028,2028 Q1,Y,ENTERGY CORPORATION,181149,ENTERGY SERVICES INC,26853,ENTERGY SERVICES INC,177639549,"Entergy Services, Inc.",2000438930,700 LOUISIANA ST,LITTLE ROCK,AR,Minor,58200.6
FOC2223R0ES,NOT COVERED,EXPIRED,Data Center Networking,NX2/4/5/6K,N2000,N2348TQ-E-FA-BUN,"Standard airflow pack N2K-C2348TQ-E, 2AC PS, 3 Fan",Hardware,CHASSIS,Others,Others,,1,7/30/18,7/29/23,2023,2023 Q4,SNT,92058507,7/31/18,2019,2019 Q1,8/24/22,11/22/26,8/24/23,8/31/27,2028,2028 Q1,Y,ENTERGY CORPORATION,181149,ENTERGY SERVICES INC,26853,ENTERGY SERVICES INC,177639549,"Entergy Services, Inc.",2000438930,700 LOUISIANA ST,LITTLE ROCK,AR,Minor,58207.6
FOC2223R0V8,NOT COVERED,EXPIRED,Data Center Networking,NX2/4/5/6K,N2000,N2348TQ-E-FA-BUN,"Standard airflow pack N2K-C2348TQ-E, 2AC PS, 3 Fan",Hardware,CHASSIS,Others,Others,,1,7/30/18,7/29/23,2023,2023 Q4,SNT,92058507,7/31/18,2019,2019 Q1,8/24/22,11/22/26,8/24/23,8/31/27,2028,2028 Q1,Y,ENTERGY CORPORATION,181149,ENTERGY SERVICES INC,26853,ENTERGY SERVICES INC,177639549,"Entergy Services, Inc.",2000438930,700 LOUISIANA ST,LITTLE ROCK,AR,Minor,58211.6
FOC2223R0W9,NOT COVERED,EXPIRED,Data Center Networking,NX2/4/5/6K,N2000,N2348TQ-E-FA-BUN,"Standard airflow pack N2K-C2348TQ-E, 2AC PS, 3 Fan",Hardware,CHASSIS,Others,Others,,1,7/30/18,7/29/23,2023,2023 Q4,SNT,92058507,7/31/18,2019,2019 Q1,8/24/22,11/22/26,8/24/23,8/31/27,2028,2028 Q1,Y,ENTERGY CORPORATION,181149,ENTERGY SERVICES INC,26853,ENTERGY SERVICES INC,177639549,"Entergy Services, Inc.",2000438930,700 LOUISIANA ST,LITTLE ROCK,AR,Minor,58202.6
FOC2223R0WJ,NOT COVERED,EXPIRED,Data Center Networking,NX2/4/5/6K,N2000,N2348TQ-E-FA-BUN,"Standard airflow pack N2K-C2348TQ-E, 2AC PS, 3 Fan",Hardware,CHASSIS,Others,Others,,1,7/30/18,7/29/23,2023,2023 Q4,SNT,92058507,7/31/18,2019,2019 Q1,8/24/22,11/22/26,8/24/23,8/31/27,2028,2028 Q1,Y,ENTERGY CORPORATION,181149,ENTERGY SERVICES INC,26853,ENTERGY SERVICES INC,177639549,"Entergy Services, Inc.",2000438930,700 LOUISIANA ST,LITTLE ROCK,AR,Minor,58212.6
FOC2223R0WK,NOT COVERED,EXPIRED,Data Center Networking,NX2/4/5/6K,N2000,N2348TQ-E-FA-BUN,"Standard airflow pack N2K-C2348TQ-E, 2AC PS, 3 Fan",Hardware,CHASSIS,Others,Others,,1,7/30/18,7/29/23,2023,2023 Q4,SNT,92058507,7/31/18,2019,2019 Q1,8/24/22,11/22/26,8/24/23,8/31/27,2028,2028 Q1,Y,ENTERGY CORPORATION,181149,ENTERGY SERVICES INC,26853,ENTERGY SERVICES INC,177639549,"Entergy Services, Inc.",2000438930,700 LOUISIANA ST,LITTLE ROCK,AR,Minor,58203.6
N/A,NOT COVERED,EXPIRED,Data Center Networking,NX2/4/5/6K,N2000,N2K-C2348TQ-E,"Nexus 2000, 10GT FEX 48x1/10T 6x40G QSFP",Hardware,CHASSIS,Others,Others,,1,7/30/18,7/29/23,2023,2023 Q4,SNT,92058507,7/31/18,2019,2019 Q1,8/24/22,11/22/26,8/24/23,8/31/27,2028,2028 Q1,Y,ENTERGY CORPORATION,181149,ENTERGY SERVICES INC,26853,ENTERGY SERVICES INC,177639549,"ENTERGY SERVICES, INC.",404264195,700 LOUISIANA ST,LITTLE ROCK,AR,Major,58198
N/A,NOT COVERED,EXPIRED,Data Center Networking,NX2/4/5/6K,N2000,N2K-C2348TQ-E,"Nexus 2000, 10GT FEX 48x1/10T 6x40G QSFP",Hardware,CHASSIS,Others,Others,,1,7/30/18,7/29/23,2023,2023 Q4,SNT,92058507,7/31/18,2019,2019 Q1,8/24/22,11/22/26,8/24/23,8/31/27,2028,2028 Q1,Y,ENTERGY CORPORATION,181149,ENTERGY SERVICES INC,26853,ENTERGY SERVICES INC,177639549,"ENTERGY SERVICES, INC.",404264195,700 LOUISIANA ST,LITTLE ROCK,AR,Major,58199
N/A,COVERED,ACTIVE,Data Center Networking,NX2/4/5/6K,N2000,N2K-C2348TQ-E,"Nexus 2000, 10GT FEX 48x1/10T 6x40G QSFP",Hardware,CHASSIS,Others,Others,,1,7/30/23,3/31/26,2026,2026 Q3,SNT,205483789,7/31/18,2019,2019 Q1,8/24/22,11/22/26,8/24/23,8/31/27,2028,2028 Q1,Y,ENTERGY CORPORATION,181149,ENTERGY SERVICES INC,26853,ENTERGY SERVICES INC,177639549,"Entergy Services, Inc.",2000438930,700 LOUISIANA ST,LITTLE ROCK,AR,Major,58200
N/A,NOT COVERED,EXPIRED,Data Center Networking,NX2/4/5/6K,N2000,N2K-C2348TQ-E,"Nexus 2000, 10GT FEX 48x1/10T 6x40G QSFP",Hardware,CHASSIS,Others,Others,,1,7/30/18,7/29/23,2023,2023 Q4,SNT,92058507,7/31/18,2019,2019 Q1,8/24/22,11/22/26,8/24/23,8/31/27,2028,2028 Q1,Y,ENTERGY CORPORATION,181149,ENTERGY SERVICES INC,26853,ENTERGY SERVICES INC,177639549,"Entergy Services, Inc.",2000438930,700 LOUISIANA ST,LITTLE ROCK,AR,Major,58201
N/A,COVERED,ACTIVE,Data Center Networking,NX2/4/5/6K,N2000,N2K-C2348TQ-E,"Nexus 2000, 10GT FEX 48x1/10T 6x40G QSFP",Hardware,CHASSIS,Others,Others,,1,7/30/23,3/31/26,2026,2026 Q3,SNT,205483789,7/31/18,2019,2019 Q1,8/24/22,11/22/26,8/24/23,8/31/27,2028,2028 Q1,Y,ENTERGY CORPORATION,181149,ENTERGY SERVICES INC,26853,ENTERGY SERVICES INC,177639549,"Entergy Services, Inc.",2000438930,700 LOUISIANA ST,LITTLE ROCK,AR,Major,58202
N/A,NOT COVERED,EXPIRED,Data Center Networking,NX2/4/5/6K,N2000,N2K-C2348TQ-E,"Nexus 2000, 10GT FEX 48x1/10T 6x40G QSFP",Hardware,CHASSIS,Others,Others,,1,7/30/18,7/29/23,2023,2023 Q4,SNT,92058507,7/31/18,2019,2019 Q1,8/24/22,11/22/26,8/24/23,8/31/27,2028,2028 Q1,Y,ENTERGY CORPORATION,181149,ENTERGY SERVICES INC,26853,ENTERGY SERVICES INC,177639549,"Entergy Services, Inc.",2000438930,700 LOUISIANA ST,LITTLE ROCK,AR,Major,58203
N/A,COVERED,ACTIVE,Data Center Networking,NX2/4/5/6K,N2000,N2K-C2348TQ-E,"Nexus 2000, 10GT FEX 48x1/10T 6x40G QSFP",Hardware,CHASSIS,Others,Others,,1,7/30/23,3/31/26,2026,2026 Q3,SNT,205483789,7/31/18,2019,2019 Q1,8/24/22,11/22/26,8/24/23,8/31/27,2028,2028 Q1,Y,ENTERGY CORPORATION,181149,ENTERGY SERVICES INC,26853,ENTERGY SERVICES INC,177639549,"Entergy Services, Inc.",2000438930,700 LOUISIANA ST,LITTLE ROCK,AR,Major,58204
N/A,NOT COVERED,EXPIRED,Data Center Networking,NX2/4/5/6K,N2000,N2K-C2348TQ-E,"Nexus 2000, 10GT FEX 48x1/10T 6x40G QSFP",Hardware,CHASSIS,Others,Others,,1,7/30/18,7/29/23,2023,2023 Q4,SNT,92058507,7/31/18,2019,2019 Q1,8/24/22,11/22/26,8/24/23,8/31/27,2028,2028 Q1,Y,ENTERGY CORPORATION,181149,ENTERGY SERVICES INC,26853,ENTERGY SERVICES INC,177639549,"Entergy Services, Inc.",2000438930,700 LOUISIANA ST,LITTLE ROCK,AR,Major,58205
N/A,NOT COVERED,EXPIRED,Data Center Networking,NX2/4/5/6K,N2000,N2K-C2348TQ-E,"Nexus 2000, 10GT FEX 48x1/10T 6x40G QSFP",Hardware,CHASSIS,Others,Others,,1,7/30/18,7/29/23,2023,2023 Q4,SNT,92058507,7/31/18,2019,2019 Q1,8/24/22,11/22/26,8/24/23,8/31/27,2028,2028 Q1,Y,ENTERGY CORPORATION,181149,ENTERGY SERVICES INC,26853,ENTERGY SERVICES INC,177639549,"Entergy Services, Inc.",2000438930,700 LOUISIANA ST,LITTLE ROCK,AR,Major,58206
N/A,NOT COVERED,EXPIRED,Data Center Networking,NX2/4/5/6K,N2000,N2K-C2348TQ-E,"Nexus 2000, 10GT FEX 48x1/10T 6x40G QSFP",Hardware,CHASSIS,Others,Others,,1,7/30/18,7/29/23,2023,2023 Q4,SNT,92058507,7/31/18,2019,2019 Q1,8/24/22,11/22/26,8/24/23,8/31/27,2028,2028 Q1,Y,ENTERGY CORPORATION,181149,ENTERGY SERVICES INC,26853,ENTERGY SERVICES INC,177639549,"Entergy Services, Inc.",2000438930,700 LOUISIANA ST,LITTLE ROCK,AR,Major,58207
N/A,NOT COVERED,EXPIRED,Data Center Networking,NX2/4/5/6K,N2000,N2K-C2348TQ-E,"Nexus 2000, 10GT FEX 48x1/10T 6x40G QSFP",Hardware,CHASSIS,Others,Others,,1,7/30/18,7/29/23,2023,2023 Q4,SNT,92058507,7/31/18,2019,2019 Q1,8/24/22,11/22/26,8/24/23,8/31/27,2028,2028 Q1,Y,ENTERGY CORPORATION,181149,ENTERGY SERVICES INC,26853,ENTERGY SERVICES INC,177639549,"Entergy Services, Inc.",2000438930,700 LOUISIANA ST,LITTLE ROCK,AR,Major,58208
N/A,NOT COVERED,EXPIRED,Data Center Networking,NX2/4/5/6K,N2000,N2K-C2348TQ-E,"Nexus 2000, 10GT FEX 48x1/10T 6x40G QSFP",Hardware,CHASSIS,Others,Others,,1,7/30/18,7/29/23,2023,2023 Q4,SNT,92058507,7/31/18,2019,2019 Q1,8/24/22,11/22/26,8/24/23,8/31/27,2028,2028 Q1,Y,ENTERGY CORPORATION,181149,ENTERGY SERVICES INC,26853,ENTERGY SERVICES INC,177639549,"Entergy Services, Inc.",2000438930,700 LOUISIANA ST,LITTLE ROCK,AR,Major,58209
N/A,NOT COVERED,EXPIRED,Data Center Networking,NX2/4/5/6K,N2000,N2K-C2348TQ-E,"Nexus 2000, 10GT FEX 48x1/10T 6x40G QSFP",Hardware,CHASSIS,Others,Others,,1,7/30/18,7/29/23,2023,2023 Q4,SNT,92058507,7/31/18,2019,2019 Q1,8/24/22,11/22/26,8/24/23,8/31/27,2028,2028 Q1,Y,ENTERGY CORPORATION,181149,ENTERGY SERVICES INC,26853,ENTERGY SERVICES INC,177639549,"Entergy Services, Inc.",2000438930,700 LOUISIANA ST,LITTLE ROCK,AR,Major,58210
N/A,COVERED,ACTIVE,Data Center Networking,NX2/4/5/6K,N2000,N2K-C2348TQ-E,"Nexus 2000, 10GT FEX 48x1/10T 6x40G QSFP",Hardware,CHASSIS,Others,Others,,1,7/30/23,3/31/26,2026,2026 Q3,SNT,205483789,7/31/18,2019,2019 Q1,8/24/22,11/22/26,8/24/23,8/31/27,2028,2028 Q1,Y,ENTERGY CORPORATION,181149,ENTERGY SERVICES INC,26853,ENTERGY SERVICES INC,177639549,"Entergy Services, Inc.",2000438930,700 LOUISIANA ST,LITTLE ROCK,AR,Major,58211
N/A,COVERED,ACTIVE,Data Center Networking,NX2/4/5/6K,N2000,N2K-C2348TQ-E,"Nexus 2000, 10GT FEX 48x1/10T 6x40G QSFP",Hardware,CHASSIS,Others,Others,,1,7/30/23,3/31/26,2026,2026 Q3,SNT,205483789,7/31/18,2019,2019 Q1,8/24/22,11/22/26,8/24/23,8/31/27,2028,2028 Q1,Y,ENTERGY CORPORATION,181149,ENTERGY SERVICES INC,26853,ENTERGY SERVICES INC,177639549,"Entergy Services, Inc.",2000438930,700 LOUISIANA ST,LITTLE ROCK,AR,Major,58212
FDO22290QAB,COVERED,ACTIVE,Data Center Networking,NX9K,N9300,N9K-C93180YC-EX,Nexus 9300 with 48p 10/25G SFP+ and 6p 100G QSFP28,Hardware,CHASSIS,Others,Others,,1,8/21/23,3/31/26,2026,2026 Q3,SNT,205483789,8/21/18,2019,2019 Q1,8/9/22,11/7/26,8/9/23,8/31/27,2028,2028 Q1,Y,ENTERGY CORPORATION,181149,ENTERGY SERVICES INC,26853,ENTERGY SERVICES INC,177639549,"ENTERGY SERVICES, INC.",404264195,700 LOUISIANA ST,LITTLE ROCK,AR,Major,58596
FDO222915K3,COVERED,ACTIVE,Data Center Networking,NX9K,N9300,N9K-C93180YC-EX,Nexus 9300 with 48p 10/25G SFP+ and 6p 100G QSFP28,Hardware,CHASSIS,Others,Others,,1,8/21/23,3/31/26,2026,2026 Q3,SNT,205483789,8/21/18,2019,2019 Q1,8/9/22,11/7/26,8/9/23,8/31/27,2028,2028 Q1,Y,ENTERGY CORPORATION,181149,ENTERGY SERVICES INC,26853,ENTERGY SERVICES INC,177639549,"ENTERGY SERVICES, INC.",404264195,700 LOUISIANA ST,LITTLE ROCK,AR,Major,58597
FDO222915PU,COVERED,ACTIVE,Data Center Networking,NX9K,N9300,N9K-C93180YC-EX,Nexus 9300 with 48p 10/25G SFP+ and 6p 100G QSFP28,Hardware,CHASSIS,Others,Others,,1,8/21/23,3/31/26,2026,2026 Q3,SNT,205483789,8/21/18,2019,2019 Q1,8/9/22,11/7/26,8/9/23,8/31/27,2028,2028 Q1,Y,ENTERGY CORPORATION,181149,ENTERGY SERVICES INC,26853,ENTERGY SERVICES INC,888373,"Entergy Services, Inc.",403653054,1340 ECHELON PKWY,JACKSON,MS,Major,58599
FDO222915PY,NOT COVERED,EXPIRED,Data Center Networking,NX9K,N9300,N9K-C93180YC-EX,Nexus 9300 with 48p 10/25G SFP+ and 6p 100G QSFP28,Hardware,CHASSIS,Others,Others,,1,8/21/18,8/20/23,2024,2024 Q1,SNT,92058507,8/21/18,2019,2019 Q1,8/9/22,11/7/26,8/9/23,8/31/27,2028,2028 Q1,Y,ENTERGY CORPORATION,181149,ENTERGY SERVICES INC,26853,ENTERGY SERVICES INC,888373,"Entergy Services, Inc.",403653054,1340 ECHELON PKWY,JACKSON,MS,Major,58598
N/A,COVERED,ACTIVE,Data Center Networking,NX2/4/5/6K,N2000,N2K-C2232PP,"N2K-C2232PP-10GE (32x1/10GE+8x10GE), airflow/power option",Hardware,CHASSIS,Others,Others,,1,9/4/23,9/30/25,2026,2026 Q1,SNTP,205483789,9/4/18,2019,2019 Q1,9/9/20,12/8/24,9/9/21,9/30/25,2026,2026 Q1,Y,ENTERGY CORPORATION,181149,ENTERGY SERVICES INC,26853,ENTERGY SERVICES INC,177639549,"ENTERGY SERVICES, INC.",404264195,700 LOUISIANA ST,LITTLE ROCK,AR,Major,58842
N/A,COVERED,ACTIVE,Data Center Networking,NX2/4/5/6K,N2000,N2K-C2232PP,"N2K-C2232PP-10GE (32x1/10GE+8x10GE), airflow/power option",Hardware,CHASSIS,Others,Others,,1,9/4/23,9/30/25,2026,2026 Q1,SNTP,205483789,9/4/18,2019,2019 Q1,9/9/20,12/8/24,9/9/21,9/30/25,2026,2026 Q1,Y,ENTERGY CORPORATION,181149,ENTERGY SERVICES INC,26853,ENTERGY SERVICES INC,177639549,"ENTERGY SERVICES, INC.",404264195,700 LOUISIANA ST,LITTLE ROCK,AR,Major,58843
SSI221100NT,COVERED,ACTIVE,Data Center Networking,NX2/4/5/6K,N2000,N2232PP-FA-BUN,"^Standard airflow pack: N2K-C2232PP-10GE, 2AC PS, 1Fan",Hardware,CHASSIS,Others,Others,,1,9/4/23,9/30/25,2026,2026 Q1,SNTP,205483789,9/4/18,2019,2019 Q1,9/9/20,12/8/24,9/9/21,9/30/25,2026,2026 Q1,N,ENTERGY CORPORATION,181149,ENTERGY SERVICES INC,26853,ENTERGY SERVICES INC,177639549,"ENTERGY SERVICES, INC.",404264195,700 LOUISIANA ST,LITTLE ROCK,AR,Minor,58842.1
SSI222102VF,COVERED,ACTIVE,Data Center Networking,NX2/4/5/6K,N2000,N2232PP-FA-BUN,"^Standard airflow pack: N2K-C2232PP-10GE, 2AC PS, 1Fan",Hardware,CHASSIS,Others,Others,,1,9/4/23,9/30/25,2026,2026 Q1,SNTP,205483789,9/4/18,2019,2019 Q1,9/9/20,12/8/24,9/9/21,9/30/25,2026,2026 Q1,N,ENTERGY CORPORATION,181149,ENTERGY SERVICES INC,26853,ENTERGY SERVICES INC,177639549,"ENTERGY SERVICES, INC.",404264195,700 LOUISIANA ST,LITTLE ROCK,AR,Minor,58843.1
N/A,COVERED,ACTIVE,Data Center Networking,NX2/4/5/6K,N2000,N2K-C2232PP,"N2K-C2232PP-10GE (32x1/10GE+8x10GE), airflow/power option",Hardware,CHASSIS,Others,Others,,1,9/27/23,9/30/25,2026,2026 Q1,SNTP,205483789,9/27/18,2019,2019 Q1,9/9/20,12/8/24,9/9/21,9/30/25,2026,2026 Q1,Y,ENTERGY CORPORATION,181149,ENTERGY SERVICES INC,26853,ENTERGY SERVICES INC,888373,"ENTERGY SERVICES, INC.",404264235,1340 ECHELON PKWY,JACKSON,MS,Major,59048
N/A,COVERED,ACTIVE,Data Center Networking,NX2/4/5/6K,N2000,N2K-C2232PP,"N2K-C2232PP-10GE (32x1/10GE+8x10GE), airflow/power option",Hardware,CHASSIS,Others,Others,,1,9/27/23,9/30/25,2026,2026 Q1,SNTP,205483789,9/27/18,2019,2019 Q1,9/9/20,12/8/24,9/9/21,9/30/25,2026,2026 Q1,Y,ENTERGY CORPORATION,181149,ENTERGY SERVICES INC,26853,ENTERGY SERVICES INC,888373,"ENTERGY SERVICES, INC.",404264235,1340 ECHELON PKWY,JACKSON,MS,Major,59049
SSI222102TA,COVERED,ACTIVE,Data Center Networking,NX2/4/5/6K,N2000,N2232PP-FA-BUN,"^Standard airflow pack: N2K-C2232PP-10GE, 2AC PS, 1Fan",Hardware,CHASSIS,Others,Others,,1,9/27/23,9/30/25,2026,2026 Q1,SNTP,205483789,9/27/18,2019,2019 Q1,9/9/20,12/8/24,9/9/21,9/30/25,2026,2026 Q1,N,ENTERGY CORPORATION,181149,ENTERGY SERVICES INC,26853,ENTERGY SERVICES INC,888373,"ENTERGY SERVICES, INC.",404264235,1340 ECHELON PKWY,JACKSON,MS,Minor,59049.1
SSI222102V1,COVERED,ACTIVE,Data Center Networking,NX2/4/5/6K,N2000,N2232PP-FA-BUN,"^Standard airflow pack: N2K-C2232PP-10GE, 2AC PS, 1Fan",Hardware,CHASSIS,Others,Others,,1,9/27/23,9/30/25,2026,2026 Q1,SNTP,205483789,9/27/18,2019,2019 Q1,9/9/20,12/8/24,9/9/21,9/30/25,2026,2026 Q1,N,ENTERGY CORPORATION,181149,ENTERGY SERVICES INC,26853,ENTERGY SERVICES INC,888373,"ENTERGY SERVICES, INC.",404264235,1340 ECHELON PKWY,JACKSON,MS,Minor,59048.1
FDO222728M2,COVERED,ACTIVE,Data Center Networking,NX9K,N9300,N9K-C93108TC-EX,Nexus 9300 with 48p 10G BASE-T and 6p 100G QSFP28,Hardware,CHASSIS,Others,Others,,1,3/6/23,3/31/26,2026,2026 Q3,SNT,205483789,9/28/18,2019,2019 Q1,8/9/22,11/7/26,8/9/23,8/31/27,2028,2028 Q1,Y,ENTERGY CORPORATION,181149,ENTERGY SERVICES INC,26853,ENTERGY SERVICES INC,888373,"ENTERGY SERVICES, INC.",404264235,1340 ECHELON PKWY,JACKSON,MS,Major,59053
FDO222733JY,COVERED,ACTIVE,Data Center Networking,NX9K,N9300,N9K-C93108TC-EX,Nexus 9300 with 48p 10G BASE-T and 6p 100G QSFP28,Hardware,CHASSIS,Others,Others,,1,3/6/23,3/31/26,2026,2026 Q3,SNT,205483789,9/28/18,2019,2019 Q1,8/9/22,11/7/26,8/9/23,8/31/27,2028,2028 Q1,Y,ENTERGY CORPORATION,181149,ENTERGY SERVICES INC,26853,ENTERGY SERVICES INC,177639549,"ENTERGY SERVICES, INC.",404264195,700 LOUISIANA ST,LITTLE ROCK,AR,Major,59050
FDO222733M8,COVERED,ACTIVE,Data Center Networking,NX9K,N9300,N9K-C93108TC-EX,Nexus 9300 with 48p 10G BASE-T and 6p 100G QSFP28,Hardware,CHASSIS,Others,Others,,1,3/6/23,3/31/26,2026,2026 Q3,SNT,205483789,9/28/18,2019,2019 Q1,8/9/22,11/7/26,8/9/23,8/31/27,2028,2028 Q1,Y,ENTERGY CORPORATION,181149,ENTERGY SERVICES INC,26853,ENTERGY SERVICES INC,888373,"ENTERGY SERVICES, INC.",404264235,1340 ECHELON PKWY,JACKSON,MS,Major,59054
FDO222733M9,NOT COVERED,EXPIRED,Data Center Networking,NX9K,N9300,N9K-C93108TC-EX,Nexus 9300 with 48p 10G BASE-T and 6p 100G QSFP28,Hardware,CHASSIS,Others,Others,,1,2/11/19,3/31/20,2020,2020 Q3,SNT,202352146,9/28/18,2019,2019 Q1,8/9/22,11/7/26,8/9/23,8/31/27,2028,2028 Q1,Y,ENTERGY CORPORATION,181149,ENTERGY SERVICES INC,26853,ENTERGY SERVICES INC,177639549,"ENTERGY SERVICES, INC.",404264195,700 LOUISIANA ST,LITTLE ROCK,AR,Major,59051
FDO22273Z9E,NOT COVERED,EXPIRED,Data Center Networking,NX9K,N9300,N9K-C93108TC-EX,Nexus 9300 with 48p 10G BASE-T and 6p 100G QSFP28,Hardware,CHASSIS,Others,Others,,1,2/11/19,3/31/20,2020,2020 Q3,SNT,202352146,9/28/18,2019,2019 Q1,8/9/22,11/7/26,8/9/23,8/31/27,2028,2028 Q1,Y,ENTERGY CORPORATION,181149,ENTERGY SERVICES INC,26853,ENTERGY SERVICES INC,177639549,"ENTERGY SERVICES, INC.",404264195,700 LOUISIANA ST,LITTLE ROCK,AR,Major,59052
FDO22273ZAM,NOT COVERED,EXPIRED,Data Center Networking,NX9K,N9300,N9K-C93108TC-EX,Nexus 9300 with 48p 10G BASE-T and 6p 100G QSFP28,Hardware,CHASSIS,Others,Others,,1,10/2/19,3/31/20,2020,2020 Q3,SNT,202352146,9/28/18,2019,2019 Q1,8/9/22,11/7/26,8/9/23,8/31/27,2028,2028 Q1,Y,ENTERGY CORPORATION,181149,ENTERGY SERVICES INC,26853,ENTERGY SERVICES INC,888373,"ENTERGY SERVICES, INC.",404264235,1340 ECHELON PKWY,JACKSON,MS,Major,59055
FDO22432TA2,COVERED,ACTIVE,Data Center Networking,NX9K,N9300,N9K-C9336C-FX2,"Nexus 9300 Series, 36p 40/100G QSFP28",Hardware,CHASSIS,Others,Others,,1,12/13/23,3/31/26,2026,2026 Q3,C4P,205483789,12/12/18,2019,2019 Q2,,,,,,,N,ENTERGY CORPORATION,181149,ENTERGY CORPORATION,181149,ENTERGY CORP,217687641,ENTERGY CORP,1020646719,5009 CAPROCK DR,PEARLAND,TX,Major,60460
FDO22460C98,COVERED,ACTIVE,Data Center Networking,NX9K,N9300,N9K-C9336C-FX2,"Nexus 9300 Series, 36p 40/100G QSFP28",Hardware,CHASSIS,Others,Others,,1,12/13/23,3/31/26,2026,2026 Q3,C4P,205483789,12/12/18,2019,2019 Q2,,,,,,,N,ENTERGY CORPORATION,181149,ENTERGY CORPORATION,181149,ENTERGY CORP,217687641,ENTERGY CORP,1020646719,5009 CAPROCK DR,PEARLAND,TX,Major,60461
FDO22471AUY,COVERED,ACTIVE,Data Center Networking,NX9K,N9300,N9K-C93180YC-EX,Nexus 9300 with 48p 10/25G SFP+ and 6p 100G QSFP28,Hardware,CHASSIS,Others,Others,,1,4/30/24,3/31/26,2026,2026 Q3,SNT,205483789,4/30/19,2019,2019 Q4,8/9/22,11/7/26,8/9/23,8/31/27,2028,2028 Q1,Y,ENTERGY CORPORATION,181149,ENTERGY SERVICES INC,26853,ENTERGY SERVICES INC,177639549,"ENTERGY SERVICES, LLC",1021079308,700 LOUISIANA ST,LITTLE ROCK,AR,Major,62783
FDO22490XJT,COVERED,ACTIVE,Data Center Networking,NX9K,N9300,N9K-C93180YC-EX,Nexus 9300 with 48p 10/25G SFP+ and 6p 100G QSFP28,Hardware,CHASSIS,Others,Others,,1,4/30/24,3/31/26,2026,2026 Q3,SNT,205483789,4/30/19,2019,2019 Q4,8/9/22,11/7/26,8/9/23,8/31/27,2028,2028 Q1,Y,ENTERGY CORPORATION,181149,ENTERGY SERVICES INC,26853,ENTERGY SERVICES INC,177639549,"ENTERGY SERVICES, LLC",1021079308,700 LOUISIANA ST,LITTLE ROCK,AR,Major,62784
FDO22490XMB,COVERED,ACTIVE,Data Center Networking,NX9K,N9300,N9K-C93180YC-EX,Nexus 9300 with 48p 10/25G SFP+ and 6p 100G QSFP28,Hardware,CHASSIS,Others,Others,,1,4/29/24,3/31/26,2026,2026 Q3,SNT,205483789,4/30/19,2019,2019 Q4,8/9/22,11/7/26,8/9/23,8/31/27,2028,2028 Q1,Y,ENTERGY CORPORATION,181149,ENTERGY SERVICES INC,26853,ENTERGY SERVICES LLC,327996889,"ENTERGY SERVICES, LLC",1021009583,1300 ECHELON PKWY,JACKSON,MS,Major,62755
FDO22491K82,COVERED,ACTIVE,Data Center Networking,NX9K,N9300,N9K-C93180YC-EX,Nexus 9300 with 48p 10/25G SFP+ and 6p 100G QSFP28,Hardware,CHASSIS,Others,Others,,1,4/29/24,3/31/26,2026,2026 Q3,SNT,205483789,4/30/19,2019,2019 Q4,8/9/22,11/7/26,8/9/23,8/31/27,2028,2028 Q1,Y,ENTERGY CORPORATION,181149,ENTERGY SERVICES INC,26853,ENTERGY SERVICES LLC,327996889,"ENTERGY SERVICES, LLC",1021009583,1300 ECHELON PKWY,JACKSON,MS,Major,62754
FDO23281F5M,COVERED,ACTIVE,Data Center Networking,NX9K,N9300,N9K-C9348GC-FXP,"Nexus 9300 with 48p 100M/1GT, 4p 10/25G & 2p 40/100G QSFP28",Hardware,CHASSIS,Others,Others,,1,8/4/24,3/31/26,2026,2026 Q3,SNT,205483789,8/4/19,2020,2020 Q1,,,,,,,N,ENTERGY CORPORATION,181149,ENTERGY SERVICES INC,26853,ENTERGY SERVICES INC,177639549,"ENTERGY SERVICES, LLC",1021079308,700 LOUISIANA ST,LITTLE ROCK,AR,Major,65750
FDO23281F6Y,COVERED,ACTIVE,Data Center Networking,NX9K,N9300,N9K-C9348GC-FXP,"Nexus 9300 with 48p 100M/1GT, 4p 10/25G & 2p 40/100G QSFP28",Hardware,CHASSIS,Others,Others,,1,8/4/24,3/31/26,2026,2026 Q3,SNT,205483789,8/4/19,2020,2020 Q1,,,,,,,N,ENTERGY CORPORATION,181149,ENTERGY SERVICES INC,26853,ENTERGY SERVICES INC,177639549,"ENTERGY SERVICES, LLC",1021079308,700 LOUISIANA ST,LITTLE ROCK,AR,Major,65751
FDO23281F6D,COVERED,ACTIVE,Data Center Networking,NX9K,N9300,N9K-C9348GC-FXP,"Nexus 9300 with 48p 100M/1GT, 4p 10/25G & 2p 40/100G QSFP28",Hardware,CHASSIS,Others,Others,,1,8/5/24,3/31/26,2026,2026 Q3,SNT,205483789,8/5/19,2020,2020 Q1,,,,,,,N,ENTERGY CORPORATION,181149,ENTERGY SERVICES INC,26853,ENTERGY SERVICES LLC,327996889,"ENTERGY SERVICES, LLC",1021009583,1300 ECHELON PKWY,JACKSON,MS,Major,65752
FDO232900VJ,COVERED,ACTIVE,Data Center Networking,NX9K,N9300,N9K-C9348GC-FXP,"Nexus 9300 with 48p 100M/1GT, 4p 10/25G & 2p 40/100G QSFP28",Hardware,CHASSIS,Others,Others,,1,8/5/24,3/31/26,2026,2026 Q3,SNT,205483789,8/5/19,2020,2020 Q1,,,,,,,N,ENTERGY CORPORATION,181149,ENTERGY SERVICES INC,26853,ENTERGY SERVICES LLC,327996889,"ENTERGY SERVICES, LLC",1021009583,1300 ECHELON PKWY,JACKSON,MS,Major,65753
FDO23320NE5,COVERED,ACTIVE,Data Center Networking,NX9K,N9300,N9K-C93180YC-FX,"Nexus 9300 with 48p 1/10/25G, 6p 40/100G, MACsec",Hardware,CHASSIS,Others,Others,,1,9/3/24,3/31/26,2026,2026 Q3,SSSNT,205483789,9/4/19,2020,2020 Q1,7/31/24,10/29/28,7/31/27,7/31/29,2030,2030 Q1,Y,ENTERGY CORPORATION,181149,ENTERGY SERVICES INC,26853,ENTERGY SERVICES LLC,327996889,"ENTERGY SERVICES, LLC",1028203492,1300 ECHELON PKWY,JACKSON,MS,Major,66040
FDO232504WT,NOT COVERED,EXPIRED,Data Center Networking,NX9K,N9300,N9K-C93108TC-EX,Nexus 9300 with 48p 10G BASE-T and 6p 100G QSFP28,Hardware,CHASSIS,Others,Others,,1,9/6/19,9/5/24,2025,2025 Q1,SSSNT,204803076,9/9/19,2020,2020 Q1,8/9/22,11/7/26,8/9/23,8/31/27,2028,2028 Q1,Y,ENTERGY CORPORATION,181149,ENTERGY SERVICES INC,26853,ENTERGY SERVICES LLC,327996889,"ENTERGY SERVICES, LLC",1028203492,1300 ECHELON PKWY,JACKSON,MS,Major,66447
FDO23310089,COVERED,ACTIVE,Data Center Networking,NX9K,N9300,N9K-C93180YC-FX,"Nexus 9300 with 48p 1/10/25G, 6p 40/100G, MACsec",Hardware,CHASSIS,Others,Others,,1,10/1/24,3/31/26,2026,2026 Q3,SNT,205483789,10/1/19,2020,2020 Q1,7/31/24,10/29/28,7/31/27,7/31/29,2030,2030 Q1,Y,ENTERGY CORPORATION,181149,ENTERGY SERVICES INC,26853,ENTERGY SERVICES INC,177639549,ENTERGY SERVICES INC,1008942266,700 LOUISIANA ST,LITTLE ROCK,AR,Major,66980
FDO233100C2,COVERED,ACTIVE,Data Center Networking,NX9K,N9300,N9K-C93180YC-FX,"Nexus 9300 with 48p 1/10/25G, 6p 40/100G, MACsec",Hardware,CHASSIS,Others,Others,,1,10/1/24,3/31/26,2026,2026 Q3,SNT,205483789,10/1/19,2020,2020 Q1,7/31/24,10/29/28,7/31/27,7/31/29,2030,2030 Q1,Y,ENTERGY CORPORATION,181149,ENTERGY SERVICES INC,26853,ENTERGY SERVICES INC,177639549,ENTERGY SERVICES INC,1008942266,700 LOUISIANA ST,LITTLE ROCK,AR,Major,66979
FDO233610Y5,NOT COVERED,EXPIRED,Data Center Networking,NX9K,N9300,N9K-C9348GC-FXP,"Nexus 9300 with 48p 100M/1GT, 4p 10/25G & 2p 40/100G QSFP28",Hardware,CHASSIS,Others,Others,,1,10/2/19,10/1/24,2025,2025 Q1,SNT,92058507,10/3/19,2020,2020 Q1,,,,,,,N,ENTERGY CORPORATION,181149,ENTERGY,207479167,ENTERGY,320089444,"ENTERGY SERVICES, LLC",1030008814,425 W CAPITOL AVE,LITTLE ROCK,AR,Major,67006
FDO233610YU,NOT COVERED,EXPIRED,Data Center Networking,NX9K,N9300,N9K-C9348GC-FXP,"Nexus 9300 with 48p 100M/1GT, 4p 10/25G & 2p 40/100G QSFP28",Hardware,CHASSIS,Others,Others,,1,10/2/19,10/1/24,2025,2025 Q1,SNT,92058507,10/3/19,2020,2020 Q1,,,,,,,N,ENTERGY CORPORATION,181149,ENTERGY,207479167,ENTERGY,320089444,"ENTERGY SERVICES, LLC",1030008814,425 W CAPITOL AVE,LITTLE ROCK,AR,Major,67005
FDO233610ZC,NOT COVERED,EXPIRED,Data Center Networking,NX9K,N9300,N9K-C9348GC-FXP,"Nexus 9300 with 48p 100M/1GT, 4p 10/25G & 2p 40/100G QSFP28",Hardware,CHASSIS,Others,Others,,1,10/2/19,10/1/24,2025,2025 Q1,SNT,92058507,10/3/19,2020,2020 Q1,,,,,,,N,ENTERGY CORPORATION,181149,ENTERGY,207479167,ENTERGY,320089444,"ENTERGY SERVICES, LLC",1030008814,425 W CAPITOL AVE,LITTLE ROCK,AR,Major,67007
FDO23360YZ6,NOT COVERED,EXPIRED,Data Center Networking,NX9K,N9300,N9K-C93108TC-EX,Nexus 9300 with 48p 10G BASE-T and 6p 100G QSFP28,Hardware,CHASSIS,Others,Others,,1,10/8/19,10/7/24,2025,2025 Q1,SNT,92058507,10/8/19,2020,2020 Q1,8/9/22,11/7/26,8/9/23,8/31/27,2028,2028 Q1,Y,ENTERGY CORPORATION,181149,ENTERGY SERVICES INC,26853,ENTERGY SERVICES INC,177639549,ENTERGY SERVICES INC,1008942266,700 LOUISIANA ST,LITTLE ROCK,AR,Major,67165
FDO22170SDD,COVERED,ACTIVE,Data Center Networking,NX9K,N9300,N9K-C93180YC-FX,"Nexus 9300 with 48p 1/10/25G, 6p 40/100G, MACsec",Hardware,CHASSIS,Others,Others,,1,9/3/24,3/31/26,2026,2026 Q3,SSSNT,205483789,12/15/19,2020,2020 Q2,7/31/24,10/29/28,7/31/27,7/31/29,2030,2030 Q1,Y,ENTERGY CORPORATION,181149,ENTERGY SERVICES INC,26853,ENTERGY SERVICES LLC,327996889,"ENTERGY SERVICES, LLC",1028203492,1300 ECHELON PKWY,JACKSON,MS,Major,68432
FDO241118HE,COVERED,SIGNED,Data Center Networking,NX9K,N9300,N9K-C9336C-FX2,"Nexus 9300 Series, 36p 40/100G QSFP28",Hardware,CHASSIS,Others,Others,,1,4/4/25,3/31/26,2026,2026 Q3,SNT,205483789,4/4/20,2020,2020 Q3,,,,,,,N,ENTERGY CORPORATION,181149,ENTERGY SERVICES INC,26853,ENTERGY SERVICES INC,177639549,"ENTERGY SERVICES, LLC",1021079308,700 LOUISIANA ST,LITTLE ROCK,AR,Major,70808
FDO241118JD,COVERED,SIGNED,Data Center Networking,NX9K,N9300,N9K-C9336C-FX2,"Nexus 9300 Series, 36p 40/100G QSFP28",Hardware,CHASSIS,Others,Others,,1,4/4/25,3/31/26,2026,2026 Q3,SNT,205483789,4/4/20,2020,2020 Q3,,,,,,,N,ENTERGY CORPORATION,181149,ENTERGY SERVICES INC,26853,ENTERGY SERVICES INC,177639549,"ENTERGY SERVICES, LLC",1021079308,700 LOUISIANA ST,LITTLE ROCK,AR,Major,70809
FDO241403JQ,COVERED,SIGNED,Data Center Networking,NX9K,N9300,N9K-C9336C-FX2,"Nexus 9300 Series, 36p 40/100G QSFP28",Hardware,CHASSIS,Others,Others,,1,4/17/25,3/31/26,2026,2026 Q3,SNT,205483789,4/17/20,2020,2020 Q3,,,,,,,N,ENTERGY CORPORATION,181149,ENTERGY SERVICES INC,26853,ENTERGY SERVICES LLC,327996889,"ENTERGY SERVICES, LLC",1021009583,1300 ECHELON PKWY,JACKSON,MS,Major,71778
FDO241403M7,COVERED,SIGNED,Data Center Networking,NX9K,N9300,N9K-C9336C-FX2,"Nexus 9300 Series, 36p 40/100G QSFP28",Hardware,CHASSIS,Others,Others,,1,4/17/25,3/31/26,2026,2026 Q3,SNT,205483789,4/17/20,2020,2020 Q3,,,,,,,N,ENTERGY CORPORATION,181149,ENTERGY SERVICES INC,26853,ENTERGY SERVICES LLC,327996889,"ENTERGY SERVICES, LLC",1021009583,1300 ECHELON PKWY,JACKSON,MS,Major,71777
FDO24150SBC,COVERED,ACTIVE,Data Center Networking,NX9K,N9300,N9K-C93180YC-FX,"Nexus 9300 with 48p 1/10/25G, 6p 40/100G, MACsec",Hardware,CHASSIS,Others,Others,,1,5/8/20,5/7/25,2025,2025 Q4,SSSNT,204803076,5/9/20,2020,2020 Q4,7/31/24,10/29/28,7/31/27,7/31/29,2030,2030 Q1,Y,ENTERGY CORPORATION,181149,ENTERGY SERVICES INC,26853,ENTERGY SERVICES LLC,327996889,"ENTERGY SERVICES, LLC",1028203492,1300 ECHELON PKWY,JACKSON,MS,Major,72389
FDO24151Q3K,COVERED,ACTIVE,Data Center Networking,NX9K,N9300,N9K-C93180YC-FX,"Nexus 9300 with 48p 1/10/25G, 6p 40/100G, MACsec",Hardware,CHASSIS,Others,Others,,1,5/8/20,5/7/25,2025,2025 Q4,SSSNT,204803076,5/9/20,2020,2020 Q4,7/31/24,10/29/28,7/31/27,7/31/29,2030,2030 Q1,Y,ENTERGY CORPORATION,181149,ENTERGY SERVICES INC,26853,ENTERGY SERVICES INC,177639549,"ENTERGY SERVICES, LLC",1021079308,700 LOUISIANA ST,LITTLE ROCK,AR,Major,72386
FDO24151QA8,COVERED,ACTIVE,Data Center Networking,NX9K,N9300,N9K-C93180YC-FX,"Nexus 9300 with 48p 1/10/25G, 6p 40/100G, MACsec",Hardware,CHASSIS,Others,Others,,1,5/8/20,5/7/25,2025,2025 Q4,SSSNT,204803076,5/9/20,2020,2020 Q4,7/31/24,10/29/28,7/31/27,7/31/29,2030,2030 Q1,Y,ENTERGY CORPORATION,181149,ENTERGY SERVICES INC,26853,ENTERGY SERVICES LLC,327996889,"ENTERGY SERVICES, LLC",1028203492,1300 ECHELON PKWY,JACKSON,MS,Major,72388
FDO24151QCH,COVERED,ACTIVE,Data Center Networking,NX9K,N9300,N9K-C93180YC-FX,"Nexus 9300 with 48p 1/10/25G, 6p 40/100G, MACsec",Hardware,CHASSIS,Others,Others,,1,5/8/20,5/7/25,2025,2025 Q4,SSSNT,204803076,5/9/20,2020,2020 Q4,7/31/24,10/29/28,7/31/27,7/31/29,2030,2030 Q1,Y,ENTERGY CORPORATION,181149,ENTERGY SERVICES INC,26853,ENTERGY SERVICES INC,177639549,"ENTERGY SERVICES, LLC",1021079308,700 LOUISIANA ST,LITTLE ROCK,AR,Major,72387
FDO24300YHE,COVERED,SIGNED,Data Center Networking,NX9K,N9300,N9K-C93108TC-FX,"Nexus 9300 with 48p 10G-T, 6p 100G QSFP28",Hardware,CHASSIS,Others,Others,,1,9/7/25,3/31/26,2026,2026 Q3,SNT,205483789,9/7/20,2021,2021 Q1,7/31/24,10/29/28,7/31/27,7/31/29,2030,2030 Q1,Y,ENTERGY CORPORATION,181149,ENTERGY SERVICES INC,26853,ENTERGY SERVICES LLC,327996889,"ENTERGY SERVICES, LLC",1038513090,1300 ECHELON PKWY,JACKSON,MS,Major,74237
FDO243303JS,COVERED,SIGNED,Data Center Networking,NX9K,N9300,N9K-C93108TC-FX,"Nexus 9300 with 48p 10G-T, 6p 100G QSFP28",Hardware,CHASSIS,Others,Others,,1,9/7/25,3/31/26,2026,2026 Q3,SNT,205483789,9/7/20,2021,2021 Q1,7/31/24,10/29/28,7/31/27,7/31/29,2030,2030 Q1,Y,ENTERGY CORPORATION,181149,ENTERGY SERVICES INC,26853,ENTERGY SERVICES LLC,327996889,"ENTERGY SERVICES, LLC",1038513090,1300 ECHELON PKWY,JACKSON,MS,Major,74238
FOC2436R02D,COVERED,ACTIVE,Data Center Networking,NX2/4/5/6K,N2000,N2348TQ-E-FA-BUN,"Standard airflow pack N2K-C2348TQ-E, 2AC PS, 3 Fan",Hardware,CHASSIS,Others,Others,,1,9/24/20,9/23/25,2026,2026 Q1,SNT,92058507,9/23/20,2021,2021 Q1,8/24/22,11/22/26,8/24/23,8/31/27,2028,2028 Q1,Y,ENTERGY CORPORATION,181149,ENTERGY SERVICES INC,26853,ENTERGY SERVICES INC,177639549,"ENTERGY SERVICES, LLC",1036654783,700 LOUISIANA ST,LITTLE ROCK,AR,Minor,74398.1
N/A,COVERED,ACTIVE,Data Center Networking,NX2/4/5/6K,N2000,N2K-C2348TQ-E,"Nexus 2000, 10GT FEX 48x1/10T 6x40G QSFP",Hardware,CHASSIS,Others,Others,,1,9/24/20,9/23/25,2026,2026 Q1,SNT,92058507,9/23/20,2021,2021 Q1,8/24/22,11/22/26,8/24/23,8/31/27,2028,2028 Q1,Y,ENTERGY CORPORATION,181149,ENTERGY SERVICES INC,26853,ENTERGY SERVICES INC,177639549,"ENTERGY SERVICES, LLC",1036654783,700 LOUISIANA ST,LITTLE ROCK,AR,Major,74398
FDO26040GL4,COVERED,ACTIVE,Data Center Networking,NX9K,N9300,N9K-C93180YC-FX3,"Nexus 9300 48p 1/10/25G, 6p 40/100G, MACsec,SyncE",Hardware,CHASSIS,Others,Others,,1,1/31/22,1/30/29,2029,2029 Q3,SNT,204803076,1/30/22,2022,2022 Q3,,,,,,,N,ENTERGY CORPORATION,181149,ENTERGY CORPORATION,181149,ENTERGY SERVICES INC,26853,ENTERGY SERVICES INC,2001770449,639 LOYOLA AVE,NEW ORLEANS,LA,Major,81346
FDO26040GLB,COVERED,ACTIVE,Data Center Networking,NX9K,N9300,N9K-C93180YC-FX3,"Nexus 9300 48p 1/10/25G, 6p 40/100G, MACsec,SyncE",Hardware,CHASSIS,Others,Others,,1,1/31/22,1/30/29,2029,2029 Q3,SNT,204803076,1/30/22,2022,2022 Q3,,,,,,,N,ENTERGY CORPORATION,181149,ENTERGY CORPORATION,181149,ENTERGY SERVICES INC,26853,ENTERGY SERVICES INC,2001770449,639 LOYOLA AVE,NEW ORLEANS,LA,Major,81348
FDO26040GNB,COVERED,ACTIVE,Data Center Networking,NX9K,N9300,N9K-C93180YC-FX3,"Nexus 9300 48p 1/10/25G, 6p 40/100G, MACsec,SyncE",Hardware,CHASSIS,Others,Others,,1,1/31/22,1/30/29,2029,2029 Q3,SNT,204803076,1/30/22,2022,2022 Q3,,,,,,,N,ENTERGY CORPORATION,181149,ENTERGY CORPORATION,181149,ENTERGY SERVICES INC,26853,ENTERGY SERVICES INC,2001770449,639 LOYOLA AVE,NEW ORLEANS,LA,Major,81347
FDO26040GSQ,COVERED,ACTIVE,Data Center Networking,NX9K,N9300,N9K-C93180YC-FX3,"Nexus 9300 48p 1/10/25G, 6p 40/100G, MACsec,SyncE",Hardware,CHASSIS,Others,Others,,1,1/31/22,1/30/29,2029,2029 Q3,SNT,204803076,1/30/22,2022,2022 Q3,,,,,,,N,ENTERGY CORPORATION,181149,ENTERGY CORPORATION,181149,ENTERGY SERVICES INC,26853,ENTERGY SERVICES INC,2001770449,639 LOYOLA AVE,NEW ORLEANS,LA,Major,81349
FDO26040GUM,COVERED,ACTIVE,Data Center Networking,NX9K,N9300,N9K-C93180YC-FX3,"Nexus 9300 48p 1/10/25G, 6p 40/100G, MACsec,SyncE",Hardware,CHASSIS,Others,Others,,1,1/31/22,1/30/29,2029,2029 Q3,SNT,204803076,1/30/22,2022,2022 Q3,,,,,,,N,ENTERGY CORPORATION,181149,ENTERGY CORPORATION,181149,ENTERGY SERVICES INC,26853,ENTERGY SERVICES INC,2001770449,639 LOYOLA AVE,NEW ORLEANS,LA,Major,81345
FDO26040GWY,COVERED,ACTIVE,Data Center Networking,NX9K,N9300,N9K-C93180YC-FX3,"Nexus 9300 48p 1/10/25G, 6p 40/100G, MACsec,SyncE",Hardware,CHASSIS,Others,Others,,1,1/31/22,1/30/29,2029,2029 Q3,SNT,204803076,1/30/22,2022,2022 Q3,,,,,,,N,ENTERGY CORPORATION,181149,ENTERGY CORPORATION,181149,ENTERGY SERVICES INC,26853,ENTERGY SERVICES INC,2001770449,639 LOYOLA AVE,NEW ORLEANS,LA,Major,81344
FLM261305M3,COVERED,ACTIVE,Data Center Networking,NX9K,N9300,N9K-C9348GC-FXP,"Nexus 9300 with 48p 100M/1GT, 4p 10/25G & 2p 40/100G QSFP28",Hardware,CHASSIS,Others,Others,,1,5/1/22,4/30/29,2029,2029 Q4,SNT,204803076,4/30/22,2022,2022 Q3,,,,,,,N,ENTERGY CORPORATION,181149,ENTERGY CORPORATION,181149,ENTERGY SERVICES INC,26853,ENTERGY SERVICES INC,2001770449,639 LOYOLA AVE,NEW ORLEANS,LA,Major,82175
FLM261305MC,COVERED,ACTIVE,Data Center Networking,NX9K,N9300,N9K-C9348GC-FXP,"Nexus 9300 with 48p 100M/1GT, 4p 10/25G & 2p 40/100G QSFP28",Hardware,CHASSIS,Others,Others,,1,5/1/22,4/30/29,2029,2029 Q4,SNT,204803076,4/30/22,2022,2022 Q3,,,,,,,N,ENTERGY CORPORATION,181149,ENTERGY CORPORATION,181149,ENTERGY SERVICES INC,26853,ENTERGY SERVICES INC,2001770449,639 LOYOLA AVE,NEW ORLEANS,LA,Major,82177
FLM261305T8,COVERED,ACTIVE,Data Center Networking,NX9K,N9300,N9K-C9348GC-FXP,"Nexus 9300 with 48p 100M/1GT, 4p 10/25G & 2p 40/100G QSFP28",Hardware,CHASSIS,Others,Others,,1,5/1/22,4/30/29,2029,2029 Q4,SNT,204803076,4/30/22,2022,2022 Q3,,,,,,,N,ENTERGY CORPORATION,181149,ENTERGY CORPORATION,181149,ENTERGY SERVICES INC,26853,ENTERGY SERVICES INC,2001770449,639 LOYOLA AVE,NEW ORLEANS,LA,Major,82176
FLM261305UK,COVERED,ACTIVE,Data Center Networking,NX9K,N9300,N9K-C9348GC-FXP,"Nexus 9300 with 48p 100M/1GT, 4p 10/25G & 2p 40/100G QSFP28",Hardware,CHASSIS,Others,Others,,1,5/1/22,4/30/29,2029,2029 Q4,SNT,204803076,4/30/22,2022,2022 Q3,,,,,,,N,ENTERGY CORPORATION,181149,ENTERGY CORPORATION,181149,ENTERGY SERVICES INC,26853,ENTERGY SERVICES INC,2001770449,639 LOYOLA AVE,NEW ORLEANS,LA,Major,82178
FLM2613061F,COVERED,ACTIVE,Data Center Networking,NX9K,N9300,N9K-C9348GC-FXP,"Nexus 9300 with 48p 100M/1GT, 4p 10/25G & 2p 40/100G QSFP28",Hardware,CHASSIS,Others,Others,,1,5/1/22,4/30/29,2029,2029 Q4,SNT,204803076,4/30/22,2022,2022 Q3,,,,,,,N,ENTERGY CORPORATION,181149,ENTERGY CORPORATION,181149,ENTERGY SERVICES INC,26853,ENTERGY SERVICES INC,2001770449,639 LOYOLA AVE,NEW ORLEANS,LA,Major,82174
FLM2613061L,COVERED,ACTIVE,Data Center Networking,NX9K,N9300,N9K-C9348GC-FXP,"Nexus 9300 with 48p 100M/1GT, 4p 10/25G & 2p 40/100G QSFP28",Hardware,CHASSIS,Others,Others,,1,5/1/22,4/30/29,2029,2029 Q4,SNT,204803076,4/30/22,2022,2022 Q3,,,,,,,N,ENTERGY CORPORATION,181149,ENTERGY CORPORATION,181149,ENTERGY SERVICES INC,26853,ENTERGY SERVICES INC,2001770449,639 LOYOLA AVE,NEW ORLEANS,LA,Major,82173
FDO261615A2,COVERED,ACTIVE,Data Center Networking,NX9K,N9300,N9K-C93180YC-FX3,"Nexus 9300 48p 1/10/25G, 6p 40/100G, MACsec,SyncE",Hardware,CHASSIS,Others,Others,,1,1/31/23,1/30/30,2030,2030 Q3,SNT,205483789,5/17/22,2022,2022 Q4,,,,,,,N,ENTERGY CORPORATION,181149,ENTERGY SERVICES INC,26853,ENTERGY-LITTLE ROCK DATA CENTER,256069912,ENTERGY LITTLE ROCK DATA CENTER,1047829814,700 SOUTH LOUSIANA ST. A-DC-BA,LITTLE ROCK,AR,Major,82972
FDO26151F1C,COVERED,ACTIVE,Data Center Networking,NX9K,N9300,N9K-C9348GC-FXP,"Nexus 9300 with 48p 100M/1GT, 4p 10/25G & 2p 40/100G QSFP28",Hardware,CHASSIS,Others,Others,,1,6/17/22,6/16/29,2029,2029 Q4,SNT,204814150,6/16/22,2022,2022 Q4,,,,,,,N,ENTERGY CORPORATION,181149,ENTERGY LOUISIANA LLC,15056,"ENTERGY LOUISIANA, LLC",352040,"ENTERGY LOUISIANA, LLC",1013892719,2200 W CHURCH ST,HAMMOND,LA,Major,84040
FDO26160YEJ,COVERED,ACTIVE,Data Center Networking,NX9K,N9300,N9K-C9348GC-FXP,"Nexus 9300 with 48p 100M/1GT, 4p 10/25G & 2p 40/100G QSFP28",Hardware,CHASSIS,Others,Others,,1,6/17/22,6/16/29,2029,2029 Q4,SNT,204814150,6/16/22,2022,2022 Q4,,,,,,,N,ENTERGY CORPORATION,181149,ENTERGY LOUISIANA LLC,15056,"ENTERGY LOUISIANA, LLC",352040,"ENTERGY LOUISIANA, LLC",1013892719,2200 W CHURCH ST,HAMMOND,LA,Major,84039
FDO26160YJC,COVERED,ACTIVE,Data Center Networking,NX9K,N9300,N9K-C9348GC-FXP,"Nexus 9300 with 48p 100M/1GT, 4p 10/25G & 2p 40/100G QSFP28",Hardware,CHASSIS,Others,Others,,1,6/17/22,6/16/29,2029,2029 Q4,SNT,204814150,6/16/22,2022,2022 Q4,,,,,,,N,ENTERGY CORPORATION,181149,ENTERGY LOUISIANA LLC,15056,"ENTERGY LOUISIANA, LLC",352040,"ENTERGY LOUISIANA, LLC",1013892719,2200 W CHURCH ST,HAMMOND,LA,Major,84038
FDO2617083W,COVERED,ACTIVE,Data Center Networking,NX9K,N9300,N9K-C9348GC-FXP,"Nexus 9300 with 48p 100M/1GT, 4p 10/25G & 2p 40/100G QSFP28",Hardware,CHASSIS,Others,Others,,1,6/17/22,6/16/29,2029,2029 Q4,SNT,204814150,6/16/22,2022,2022 Q4,,,,,,,N,ENTERGY CORPORATION,181149,ENTERGY LOUISIANA LLC,15056,"ENTERGY LOUISIANA, LLC",352040,"ENTERGY LOUISIANA, LLC",1013892719,2200 W CHURCH ST,HAMMOND,LA,Major,84037
FDO2617088P,COVERED,ACTIVE,Data Center Networking,NX9K,N9300,N9K-C9348GC-FXP,"Nexus 9300 with 48p 100M/1GT, 4p 10/25G & 2p 40/100G QSFP28",Hardware,CHASSIS,Others,Others,,1,6/17/22,6/16/29,2029,2029 Q4,SNT,204814150,6/16/22,2022,2022 Q4,,,,,,,N,ENTERGY CORPORATION,181149,ENTERGY LOUISIANA LLC,15056,"ENTERGY LOUISIANA, LLC",352040,"ENTERGY LOUISIANA, LLC",1013892719,2200 W CHURCH ST,HAMMOND,LA,Major,84036
FDO2617089Y,COVERED,ACTIVE,Data Center Networking,NX9K,N9300,N9K-C9348GC-FXP,"Nexus 9300 with 48p 100M/1GT, 4p 10/25G & 2p 40/100G QSFP28",Hardware,CHASSIS,Others,Others,,1,6/17/22,6/16/29,2029,2029 Q4,SNT,204814150,6/16/22,2022,2022 Q4,,,,,,,N,ENTERGY CORPORATION,181149,ENTERGY LOUISIANA LLC,15056,"ENTERGY LOUISIANA, LLC",352040,"ENTERGY LOUISIANA, LLC",1013892719,2200 W CHURCH ST,HAMMOND,LA,Major,84035
FDO26170K29,COVERED,ACTIVE,Data Center Networking,NX9K,N9300,N9K-C9348GC-FXP,"Nexus 9300 with 48p 100M/1GT, 4p 10/25G & 2p 40/100G QSFP28",Hardware,CHASSIS,Others,Others,,1,6/17/22,6/16/29,2029,2029 Q4,SNT,204814150,6/16/22,2022,2022 Q4,,,,,,,N,ENTERGY CORPORATION,181149,ENTERGY LOUISIANA LLC,15056,"ENTERGY LOUISIANA, LLC",352040,"ENTERGY LOUISIANA, LLC",1013892719,2200 W CHURCH ST,HAMMOND,LA,Major,84034
FDO26170K3X,COVERED,ACTIVE,Data Center Networking,NX9K,N9300,N9K-C9348GC-FXP,"Nexus 9300 with 48p 100M/1GT, 4p 10/25G & 2p 40/100G QSFP28",Hardware,CHASSIS,Others,Others,,1,6/17/22,6/16/29,2029,2029 Q4,SNT,204814150,6/16/22,2022,2022 Q4,,,,,,,N,ENTERGY CORPORATION,181149,ENTERGY LOUISIANA LLC,15056,"ENTERGY LOUISIANA, LLC",352040,"ENTERGY LOUISIANA, LLC",1013892719,2200 W CHURCH ST,HAMMOND,LA,Major,84033
FDO26170K4H,COVERED,ACTIVE,Data Center Networking,NX9K,N9300,N9K-C9348GC-FXP,"Nexus 9300 with 48p 100M/1GT, 4p 10/25G & 2p 40/100G QSFP28",Hardware,CHASSIS,Others,Others,,1,6/17/22,6/16/29,2029,2029 Q4,SNT,204814150,6/16/22,2022,2022 Q4,,,,,,,N,ENTERGY CORPORATION,181149,ENTERGY LOUISIANA LLC,15056,"ENTERGY LOUISIANA, LLC",352040,"ENTERGY LOUISIANA, LLC",1013892719,2200 W CHURCH ST,HAMMOND,LA,Major,84032
FDO26170K4L,COVERED,ACTIVE,Data Center Networking,NX9K,N9300,N9K-C9348GC-FXP,"Nexus 9300 with 48p 100M/1GT, 4p 10/25G & 2p 40/100G QSFP28",Hardware,CHASSIS,Others,Others,,1,6/17/22,6/16/29,2029,2029 Q4,SNT,204814150,6/16/22,2022,2022 Q4,,,,,,,N,ENTERGY CORPORATION,181149,ENTERGY LOUISIANA LLC,15056,"ENTERGY LOUISIANA, LLC",352040,"ENTERGY LOUISIANA, LLC",1013892719,2200 W CHURCH ST,HAMMOND,LA,Major,84031
FDO26170N05,COVERED,ACTIVE,Data Center Networking,NX9K,N9300,N9K-C9348GC-FXP,"Nexus 9300 with 48p 100M/1GT, 4p 10/25G & 2p 40/100G QSFP28",Hardware,CHASSIS,Others,Others,,1,6/17/22,6/16/29,2029,2029 Q4,SNT,204814150,6/16/22,2022,2022 Q4,,,,,,,N,ENTERGY CORPORATION,181149,ENTERGY LOUISIANA LLC,15056,"ENTERGY LOUISIANA, LLC",352040,"ENTERGY LOUISIANA, LLC",1013892719,2200 W CHURCH ST,HAMMOND,LA,Major,84058
FDO26170N29,COVERED,ACTIVE,Data Center Networking,NX9K,N9300,N9K-C9348GC-FXP,"Nexus 9300 with 48p 100M/1GT, 4p 10/25G & 2p 40/100G QSFP28",Hardware,CHASSIS,Others,Others,,1,6/17/22,6/16/29,2029,2029 Q4,SNT,204814150,6/16/22,2022,2022 Q4,,,,,,,N,ENTERGY CORPORATION,181149,ENTERGY LOUISIANA LLC,15056,"ENTERGY LOUISIANA, LLC",352040,"ENTERGY LOUISIANA, LLC",1013892719,2200 W CHURCH ST,HAMMOND,LA,Major,84057
FDO26170VLW,COVERED,ACTIVE,Data Center Networking,NX9K,N9300,N9K-C9348GC-FXP,"Nexus 9300 with 48p 100M/1GT, 4p 10/25G & 2p 40/100G QSFP28",Hardware,CHASSIS,Others,Others,,1,6/17/22,6/16/29,2029,2029 Q4,SNT,204814150,6/16/22,2022,2022 Q4,,,,,,,N,ENTERGY CORPORATION,181149,ENTERGY LOUISIANA LLC,15056,"ENTERGY LOUISIANA, LLC",352040,"ENTERGY LOUISIANA, LLC",1013892719,2200 W CHURCH ST,HAMMOND,LA,Major,84056
FDO26170VM5,COVERED,ACTIVE,Data Center Networking,NX9K,N9300,N9K-C9348GC-FXP,"Nexus 9300 with 48p 100M/1GT, 4p 10/25G & 2p 40/100G QSFP28",Hardware,CHASSIS,Others,Others,,1,6/17/22,6/16/29,2029,2029 Q4,SNT,204814150,6/16/22,2022,2022 Q4,,,,,,,N,ENTERGY CORPORATION,181149,ENTERGY LOUISIANA LLC,15056,"ENTERGY LOUISIANA, LLC",352040,"ENTERGY LOUISIANA, LLC",1013892719,2200 W CHURCH ST,HAMMOND,LA,Major,84055
FDO26170VND,COVERED,ACTIVE,Data Center Networking,NX9K,N9300,N9K-C9348GC-FXP,"Nexus 9300 with 48p 100M/1GT, 4p 10/25G & 2p 40/100G QSFP28",Hardware,CHASSIS,Others,Others,,1,6/17/22,6/16/29,2029,2029 Q4,SNT,204814150,6/16/22,2022,2022 Q4,,,,,,,N,ENTERGY CORPORATION,181149,ENTERGY LOUISIANA LLC,15056,"ENTERGY LOUISIANA, LLC",352040,"ENTERGY LOUISIANA, LLC",1013892719,2200 W CHURCH ST,HAMMOND,LA,Major,84054
FDO26170VNQ,COVERED,ACTIVE,Data Center Networking,NX9K,N9300,N9K-C9348GC-FXP,"Nexus 9300 with 48p 100M/1GT, 4p 10/25G & 2p 40/100G QSFP28",Hardware,CHASSIS,Others,Others,,1,6/17/22,6/16/29,2029,2029 Q4,SNT,204814150,6/16/22,2022,2022 Q4,,,,,,,N,ENTERGY CORPORATION,181149,ENTERGY LOUISIANA LLC,15056,"ENTERGY LOUISIANA, LLC",352040,"ENTERGY LOUISIANA, LLC",1013892719,2200 W CHURCH ST,HAMMOND,LA,Major,84053
FDO26170VNV,COVERED,ACTIVE,Data Center Networking,NX9K,N9300,N9K-C9348GC-FXP,"Nexus 9300 with 48p 100M/1GT, 4p 10/25G & 2p 40/100G QSFP28",Hardware,CHASSIS,Others,Others,,1,6/17/22,6/16/29,2029,2029 Q4,SNT,204814150,6/16/22,2022,2022 Q4,,,,,,,N,ENTERGY CORPORATION,181149,ENTERGY LOUISIANA LLC,15056,"ENTERGY LOUISIANA, LLC",352040,"ENTERGY LOUISIANA, LLC",1013892719,2200 W CHURCH ST,HAMMOND,LA,Major,84052
FDO26170VNX,COVERED,ACTIVE,Data Center Networking,NX9K,N9300,N9K-C9348GC-FXP,"Nexus 9300 with 48p 100M/1GT, 4p 10/25G & 2p 40/100G QSFP28",Hardware,CHASSIS,Others,Others,,1,6/17/22,6/16/29,2029,2029 Q4,SNT,204814150,6/16/22,2022,2022 Q4,,,,,,,N,ENTERGY CORPORATION,181149,ENTERGY LOUISIANA LLC,15056,"ENTERGY LOUISIANA, LLC",352040,"ENTERGY LOUISIANA, LLC",1013892719,2200 W CHURCH ST,HAMMOND,LA,Major,84051
FDO26170VQ1,COVERED,ACTIVE,Data Center Networking,NX9K,N9300,N9K-C9348GC-FXP,"Nexus 9300 with 48p 100M/1GT, 4p 10/25G & 2p 40/100G QSFP28",Hardware,CHASSIS,Others,Others,,1,6/17/22,6/16/29,2029,2029 Q4,SNT,204814150,6/16/22,2022,2022 Q4,,,,,,,N,ENTERGY CORPORATION,181149,ENTERGY LOUISIANA LLC,15056,"ENTERGY LOUISIANA, LLC",352040,"ENTERGY LOUISIANA, LLC",1013892719,2200 W CHURCH ST,HAMMOND,LA,Major,84050
FDO26170VQJ,COVERED,ACTIVE,Data Center Networking,NX9K,N9300,N9K-C9348GC-FXP,"Nexus 9300 with 48p 100M/1GT, 4p 10/25G & 2p 40/100G QSFP28",Hardware,CHASSIS,Others,Others,,1,6/17/22,6/16/29,2029,2029 Q4,SNT,204814150,6/16/22,2022,2022 Q4,,,,,,,N,ENTERGY CORPORATION,181149,ENTERGY LOUISIANA LLC,15056,"ENTERGY LOUISIANA, LLC",352040,"ENTERGY LOUISIANA, LLC",1013892719,2200 W CHURCH ST,HAMMOND,LA,Major,84049
FDO26170VSP,COVERED,ACTIVE,Data Center Networking,NX9K,N9300,N9K-C9348GC-FXP,"Nexus 9300 with 48p 100M/1GT, 4p 10/25G & 2p 40/100G QSFP28",Hardware,CHASSIS,Others,Others,,1,6/17/22,6/16/29,2029,2029 Q4,SNT,204814150,6/16/22,2022,2022 Q4,,,,,,,N,ENTERGY CORPORATION,181149,ENTERGY LOUISIANA LLC,15056,"ENTERGY LOUISIANA, LLC",352040,"ENTERGY LOUISIANA, LLC",1013892719,2200 W CHURCH ST,HAMMOND,LA,Major,84048
FDO26170VU8,COVERED,ACTIVE,Data Center Networking,NX9K,N9300,N9K-C9348GC-FXP,"Nexus 9300 with 48p 100M/1GT, 4p 10/25G & 2p 40/100G QSFP28",Hardware,CHASSIS,Others,Others,,1,6/17/22,6/16/29,2029,2029 Q4,SNT,204814150,6/16/22,2022,2022 Q4,,,,,,,N,ENTERGY CORPORATION,181149,ENTERGY LOUISIANA LLC,15056,"ENTERGY LOUISIANA, LLC",352040,"ENTERGY LOUISIANA, LLC",1013892719,2200 W CHURCH ST,HAMMOND,LA,Major,84047
FDO261716LH,COVERED,ACTIVE,Data Center Networking,NX9K,N9300,N9K-C9348GC-FXP,"Nexus 9300 with 48p 100M/1GT, 4p 10/25G & 2p 40/100G QSFP28",Hardware,CHASSIS,Others,Others,,1,6/17/22,6/16/29,2029,2029 Q4,SNT,204814150,6/16/22,2022,2022 Q4,,,,,,,N,ENTERGY CORPORATION,181149,ENTERGY LOUISIANA LLC,15056,"ENTERGY LOUISIANA, LLC",352040,"ENTERGY LOUISIANA, LLC",1013892719,2200 W CHURCH ST,HAMMOND,LA,Major,84046
FDO261716M6,COVERED,ACTIVE,Data Center Networking,NX9K,N9300,N9K-C9348GC-FXP,"Nexus 9300 with 48p 100M/1GT, 4p 10/25G & 2p 40/100G QSFP28",Hardware,CHASSIS,Others,Others,,1,6/17/22,6/16/29,2029,2029 Q4,SNT,204814150,6/16/22,2022,2022 Q4,,,,,,,N,ENTERGY CORPORATION,181149,ENTERGY LOUISIANA LLC,15056,"ENTERGY LOUISIANA, LLC",352040,"ENTERGY LOUISIANA, LLC",1013892719,2200 W CHURCH ST,HAMMOND,LA,Major,84045
FDO261716P6,COVERED,ACTIVE,Data Center Networking,NX9K,N9300,N9K-C9348GC-FXP,"Nexus 9300 with 48p 100M/1GT, 4p 10/25G & 2p 40/100G QSFP28",Hardware,CHASSIS,Others,Others,,1,6/17/22,6/16/29,2029,2029 Q4,SNT,204814150,6/16/22,2022,2022 Q4,,,,,,,N,ENTERGY CORPORATION,181149,ENTERGY LOUISIANA LLC,15056,"ENTERGY LOUISIANA, LLC",352040,"ENTERGY LOUISIANA, LLC",1013892719,2200 W CHURCH ST,HAMMOND,LA,Major,84044
FDO261716PZ,COVERED,ACTIVE,Data Center Networking,NX9K,N9300,N9K-C9348GC-FXP,"Nexus 9300 with 48p 100M/1GT, 4p 10/25G & 2p 40/100G QSFP28",Hardware,CHASSIS,Others,Others,,1,6/17/22,6/16/29,2029,2029 Q4,SNT,204814150,6/16/22,2022,2022 Q4,,,,,,,N,ENTERGY CORPORATION,181149,ENTERGY LOUISIANA LLC,15056,"ENTERGY LOUISIANA, LLC",352040,"ENTERGY LOUISIANA, LLC",1013892719,2200 W CHURCH ST,HAMMOND,LA,Major,84043
FDO261716QM,COVERED,ACTIVE,Data Center Networking,NX9K,N9300,N9K-C9348GC-FXP,"Nexus 9300 with 48p 100M/1GT, 4p 10/25G & 2p 40/100G QSFP28",Hardware,CHASSIS,Others,Others,,1,6/17/22,6/16/29,2029,2029 Q4,SNT,204814150,6/16/22,2022,2022 Q4,,,,,,,N,ENTERGY CORPORATION,181149,ENTERGY LOUISIANA LLC,15056,"ENTERGY LOUISIANA, LLC",352040,"ENTERGY LOUISIANA, LLC",1013892719,2200 W CHURCH ST,HAMMOND,LA,Major,84042
FDO26171J0D,COVERED,ACTIVE,Data Center Networking,NX9K,N9300,N9K-C9348GC-FXP,"Nexus 9300 with 48p 100M/1GT, 4p 10/25G & 2p 40/100G QSFP28",Hardware,CHASSIS,Others,Others,,1,6/17/22,6/16/29,2029,2029 Q4,SNT,204814150,6/16/22,2022,2022 Q4,,,,,,,N,ENTERGY CORPORATION,181149,ENTERGY LOUISIANA LLC,15056,"ENTERGY LOUISIANA, LLC",352040,"ENTERGY LOUISIANA, LLC",1013892719,2200 W CHURCH ST,HAMMOND,LA,Major,84041
FDO26171J2K,COVERED,ACTIVE,Data Center Networking,NX9K,N9300,N9K-C9348GC-FXP,"Nexus 9300 with 48p 100M/1GT, 4p 10/25G & 2p 40/100G QSFP28",Hardware,CHASSIS,Others,Others,,1,6/17/22,6/16/29,2029,2029 Q4,SNT,204814150,6/16/22,2022,2022 Q4,,,,,,,N,ENTERGY CORPORATION,181149,ENTERGY LOUISIANA LLC,15056,"ENTERGY LOUISIANA, LLC",352040,"ENTERGY LOUISIANA, LLC",1013892719,2200 W CHURCH ST,HAMMOND,LA,Major,84030
FDO26171J2X,COVERED,ACTIVE,Data Center Networking,NX9K,N9300,N9K-C9348GC-FXP,"Nexus 9300 with 48p 100M/1GT, 4p 10/25G & 2p 40/100G QSFP28",Hardware,CHASSIS,Others,Others,,1,6/17/22,6/16/29,2029,2029 Q4,SNT,204814150,6/16/22,2022,2022 Q4,,,,,,,N,ENTERGY CORPORATION,181149,ENTERGY LOUISIANA LLC,15056,"ENTERGY LOUISIANA, LLC",352040,"ENTERGY LOUISIANA, LLC",1013892719,2200 W CHURCH ST,HAMMOND,LA,Major,84029
FDO26171J32,COVERED,ACTIVE,Data Center Networking,NX9K,N9300,N9K-C9348GC-FXP,"Nexus 9300 with 48p 100M/1GT, 4p 10/25G & 2p 40/100G QSFP28",Hardware,CHASSIS,Others,Others,,1,6/17/22,6/16/29,2029,2029 Q4,SNT,204814150,6/16/22,2022,2022 Q4,,,,,,,N,ENTERGY CORPORATION,181149,ENTERGY LOUISIANA LLC,15056,"ENTERGY LOUISIANA, LLC",352040,"ENTERGY LOUISIANA, LLC",1013892719,2200 W CHURCH ST,HAMMOND,LA,Major,84063
FDO26171J3Z,COVERED,ACTIVE,Data Center Networking,NX9K,N9300,N9K-C9348GC-FXP,"Nexus 9300 with 48p 100M/1GT, 4p 10/25G & 2p 40/100G QSFP28",Hardware,CHASSIS,Others,Others,,1,6/17/22,6/16/29,2029,2029 Q4,SNT,204814150,6/16/22,2022,2022 Q4,,,,,,,N,ENTERGY CORPORATION,181149,ENTERGY LOUISIANA LLC,15056,"ENTERGY LOUISIANA, LLC",352040,"ENTERGY LOUISIANA, LLC",1013892719,2200 W CHURCH ST,HAMMOND,LA,Major,84027
FDO26171J4D,COVERED,ACTIVE,Data Center Networking,NX9K,N9300,N9K-C9348GC-FXP,"Nexus 9300 with 48p 100M/1GT, 4p 10/25G & 2p 40/100G QSFP28",Hardware,CHASSIS,Others,Others,,1,6/17/22,6/16/29,2029,2029 Q4,SNT,204814150,6/16/22,2022,2022 Q4,,,,,,,N,ENTERGY CORPORATION,181149,ENTERGY LOUISIANA LLC,15056,"ENTERGY LOUISIANA, LLC",352040,"ENTERGY LOUISIANA, LLC",1013892719,2200 W CHURCH ST,HAMMOND,LA,Major,84028
FDO26171J7C,COVERED,ACTIVE,Data Center Networking,NX9K,N9300,N9K-C9348GC-FXP,"Nexus 9300 with 48p 100M/1GT, 4p 10/25G & 2p 40/100G QSFP28",Hardware,CHASSIS,Others,Others,,1,6/17/22,6/16/29,2029,2029 Q4,SNT,204814150,6/16/22,2022,2022 Q4,,,,,,,N,ENTERGY CORPORATION,181149,ENTERGY LOUISIANA LLC,15056,"ENTERGY LOUISIANA, LLC",352040,"ENTERGY LOUISIANA, LLC",1013892719,2200 W CHURCH ST,HAMMOND,LA,Major,84062
FDO26171J7Z,COVERED,ACTIVE,Data Center Networking,NX9K,N9300,N9K-C9348GC-FXP,"Nexus 9300 with 48p 100M/1GT, 4p 10/25G & 2p 40/100G QSFP28",Hardware,CHASSIS,Others,Others,,1,6/17/22,6/16/29,2029,2029 Q4,SNT,204814150,6/16/22,2022,2022 Q4,,,,,,,N,ENTERGY CORPORATION,181149,ENTERGY LOUISIANA LLC,15056,"ENTERGY LOUISIANA, LLC",352040,"ENTERGY LOUISIANA, LLC",1013892719,2200 W CHURCH ST,HAMMOND,LA,Major,84061
FDO26171J8V,COVERED,ACTIVE,Data Center Networking,NX9K,N9300,N9K-C9348GC-FXP,"Nexus 9300 with 48p 100M/1GT, 4p 10/25G & 2p 40/100G QSFP28",Hardware,CHASSIS,Others,Others,,1,6/17/22,6/16/29,2029,2029 Q4,SNT,204814150,6/16/22,2022,2022 Q4,,,,,,,N,ENTERGY CORPORATION,181149,ENTERGY LOUISIANA LLC,15056,"ENTERGY LOUISIANA, LLC",352040,"ENTERGY LOUISIANA, LLC",1013892719,2200 W CHURCH ST,HAMMOND,LA,Major,84060
FDO261808H5,COVERED,ACTIVE,Data Center Networking,NX9K,N9300,N9K-C9348GC-FXP,"Nexus 9300 with 48p 100M/1GT, 4p 10/25G & 2p 40/100G QSFP28",Hardware,CHASSIS,Others,Others,,1,6/17/22,6/16/29,2029,2029 Q4,SNT,204814150,6/16/22,2022,2022 Q4,,,,,,,N,ENTERGY CORPORATION,181149,ENTERGY LOUISIANA LLC,15056,"ENTERGY LOUISIANA, LLC",352040,"ENTERGY LOUISIANA, LLC",1013892719,2200 W CHURCH ST,HAMMOND,LA,Major,84059
FDO2641045G,COVERED,ACTIVE,Data Center Networking,NX9K,N9300,N9K-C93180YC-FX3,"Nexus 9300 48p 1/10/25G, 6p 40/100G, MACsec,SyncE",Hardware,CHASSIS,Others,Others,,1,10/27/22,10/26/29,2030,2030 Q1,SNT,204814150,10/27/22,2023,2023 Q1,,,,,,,N,ENTERGY CORPORATION,181149,ENTERGY LOUISIANA LLC,15056,"ENTERGY LOUISIANA, LLC",352040,"ENTERGY LOUISIANA, LLC",1013892719,2200 W CHURCH ST,HAMMOND,LA,Major,86579
FDO26411HH1,COVERED,ACTIVE,Data Center Networking,NX9K,N9300,N9K-C93180YC-FX3,"Nexus 9300 48p 1/10/25G, 6p 40/100G, MACsec,SyncE",Hardware,CHASSIS,Others,Others,,1,10/27/22,10/26/29,2030,2030 Q1,SNT,204814150,10/27/22,2023,2023 Q1,,,,,,,N,ENTERGY CORPORATION,181149,ENTERGY LOUISIANA LLC,15056,"ENTERGY LOUISIANA, LLC",352040,"ENTERGY LOUISIANA, LLC",1013892719,2200 W CHURCH ST,HAMMOND,LA,Major,86580
FDO26411HH2,COVERED,ACTIVE,Data Center Networking,NX9K,N9300,N9K-C93180YC-FX3,"Nexus 9300 48p 1/10/25G, 6p 40/100G, MACsec,SyncE",Hardware,CHASSIS,Others,Others,,1,10/27/22,10/26/29,2030,2030 Q1,SNT,204814150,10/27/22,2023,2023 Q1,,,,,,,N,ENTERGY CORPORATION,181149,ENTERGY LOUISIANA LLC,15056,"ENTERGY LOUISIANA, LLC",352040,"ENTERGY LOUISIANA, LLC",1013892719,2200 W CHURCH ST,HAMMOND,LA,Major,86583
FDO26411HJ3,COVERED,ACTIVE,Data Center Networking,NX9K,N9300,N9K-C93180YC-FX3,"Nexus 9300 48p 1/10/25G, 6p 40/100G, MACsec,SyncE",Hardware,CHASSIS,Others,Others,,1,10/27/22,10/26/29,2030,2030 Q1,SNT,204814150,10/27/22,2023,2023 Q1,,,,,,,N,ENTERGY CORPORATION,181149,ENTERGY LOUISIANA LLC,15056,"ENTERGY LOUISIANA, LLC",352040,"ENTERGY LOUISIANA, LLC",1013892719,2200 W CHURCH ST,HAMMOND,LA,Major,86582
FDO26411HKC,COVERED,ACTIVE,Data Center Networking,NX9K,N9300,N9K-C93180YC-FX3,"Nexus 9300 48p 1/10/25G, 6p 40/100G, MACsec,SyncE",Hardware,CHASSIS,Others,Others,,1,10/27/22,10/26/29,2030,2030 Q1,SNT,204814150,10/27/22,2023,2023 Q1,,,,,,,N,ENTERGY CORPORATION,181149,ENTERGY LOUISIANA LLC,15056,"ENTERGY LOUISIANA, LLC",352040,"ENTERGY LOUISIANA, LLC",1013892719,2200 W CHURCH ST,HAMMOND,LA,Major,86581
FDO26410FZN,COVERED,ACTIVE,Data Center Networking,NX9K,N9300,N9K-C9348GC-FXP,"Nexus 9300 with 48p 100M/1GT, 4p 10/25G & 2p 40/100G QSFP28",Hardware,CHASSIS,Others,Others,,1,10/30/22,10/29/29,2030,2030 Q2,SNT,204803076,10/29/22,2023,2023 Q1,,,,,,,N,ENTERGY CORPORATION,181149,ENTERGY SERVICES INC,26853,ENTERGY SERVICES LLC,390304727,"ENTERGY SERVICES, LLC",1033390875,639 LOYOLA AVE,NEW ORLEANS,LA,Major,86600
FDO26420ASX,COVERED,ACTIVE,Data Center Networking,NX9K,N9300,N9K-C9348GC-FXP,"Nexus 9300 with 48p 100M/1GT, 4p 10/25G & 2p 40/100G QSFP28",Hardware,CHASSIS,Others,Others,,1,10/30/22,10/29/29,2030,2030 Q2,SNT,204803076,10/29/22,2023,2023 Q1,,,,,,,N,ENTERGY CORPORATION,181149,ENTERGY SERVICES INC,26853,ENTERGY SERVICES LLC,390304727,"ENTERGY SERVICES, LLC",1033390875,639 LOYOLA AVE,NEW ORLEANS,LA,Major,86601
FDO26420ATL,COVERED,ACTIVE,Data Center Networking,NX9K,N9300,N9K-C9348GC-FXP,"Nexus 9300 with 48p 100M/1GT, 4p 10/25G & 2p 40/100G QSFP28",Hardware,CHASSIS,Others,Others,,1,10/30/22,10/29/29,2030,2030 Q2,SNT,204803076,10/29/22,2023,2023 Q1,,,,,,,N,ENTERGY CORPORATION,181149,ENTERGY SERVICES INC,26853,ENTERGY SERVICES LLC,390304727,"ENTERGY SERVICES, LLC",1033390875,639 LOYOLA AVE,NEW ORLEANS,LA,Major,86603
FDO26420AV0,COVERED,ACTIVE,Data Center Networking,NX9K,N9300,N9K-C9348GC-FXP,"Nexus 9300 with 48p 100M/1GT, 4p 10/25G & 2p 40/100G QSFP28",Hardware,CHASSIS,Others,Others,,1,10/30/22,10/29/29,2030,2030 Q2,SNT,204803076,10/29/22,2023,2023 Q1,,,,,,,N,ENTERGY CORPORATION,181149,ENTERGY SERVICES INC,26853,ENTERGY SERVICES LLC,390304727,"ENTERGY SERVICES, LLC",1033390875,639 LOYOLA AVE,NEW ORLEANS,LA,Major,86604
FDO26420AV7,COVERED,ACTIVE,Data Center Networking,NX9K,N9300,N9K-C9348GC-FXP,"Nexus 9300 with 48p 100M/1GT, 4p 10/25G & 2p 40/100G QSFP28",Hardware,CHASSIS,Others,Others,,1,10/30/22,10/29/29,2030,2030 Q2,SNT,204803076,10/29/22,2023,2023 Q1,,,,,,,N,ENTERGY CORPORATION,181149,ENTERGY SERVICES INC,26853,ENTERGY SERVICES LLC,390304727,"ENTERGY SERVICES, LLC",1033390875,639 LOYOLA AVE,NEW ORLEANS,LA,Major,86605
FDO26420AW8,COVERED,ACTIVE,Data Center Networking,NX9K,N9300,N9K-C9348GC-FXP,"Nexus 9300 with 48p 100M/1GT, 4p 10/25G & 2p 40/100G QSFP28",Hardware,CHASSIS,Others,Others,,1,10/30/22,10/29/29,2030,2030 Q2,SNT,204803076,10/29/22,2023,2023 Q1,,,,,,,N,ENTERGY CORPORATION,181149,ENTERGY SERVICES INC,26853,ENTERGY SERVICES LLC,390304727,"ENTERGY SERVICES, LLC",1033390875,639 LOYOLA AVE,NEW ORLEANS,LA,Major,86606
FDO26420AXJ,COVERED,ACTIVE,Data Center Networking,NX9K,N9300,N9K-C9348GC-FXP,"Nexus 9300 with 48p 100M/1GT, 4p 10/25G & 2p 40/100G QSFP28",Hardware,CHASSIS,Others,Others,,1,10/30/22,10/29/29,2030,2030 Q2,SNT,204803076,10/29/22,2023,2023 Q1,,,,,,,N,ENTERGY CORPORATION,181149,ENTERGY SERVICES INC,26853,ENTERGY SERVICES LLC,390304727,"ENTERGY SERVICES, LLC",1033390875,639 LOYOLA AVE,NEW ORLEANS,LA,Major,86607
FDO26420AYM,COVERED,ACTIVE,Data Center Networking,NX9K,N9300,N9K-C9348GC-FXP,"Nexus 9300 with 48p 100M/1GT, 4p 10/25G & 2p 40/100G QSFP28",Hardware,CHASSIS,Others,Others,,1,10/30/22,10/29/29,2030,2030 Q2,SNT,204803076,10/29/22,2023,2023 Q1,,,,,,,N,ENTERGY CORPORATION,181149,ENTERGY SERVICES INC,26853,ENTERGY SERVICES LLC,390304727,"ENTERGY SERVICES, LLC",1033390875,639 LOYOLA AVE,NEW ORLEANS,LA,Major,86608
FDO26420B20,COVERED,ACTIVE,Data Center Networking,NX9K,N9300,N9K-C9348GC-FXP,"Nexus 9300 with 48p 100M/1GT, 4p 10/25G & 2p 40/100G QSFP28",Hardware,CHASSIS,Others,Others,,1,10/30/22,10/29/29,2030,2030 Q2,SNT,204803076,10/29/22,2023,2023 Q1,,,,,,,N,ENTERGY CORPORATION,181149,ENTERGY SERVICES INC,26853,ENTERGY SERVICES LLC,390304727,"ENTERGY SERVICES, LLC",1033390875,639 LOYOLA AVE,NEW ORLEANS,LA,Major,86594
FDO26420B22,COVERED,ACTIVE,Data Center Networking,NX9K,N9300,N9K-C9348GC-FXP,"Nexus 9300 with 48p 100M/1GT, 4p 10/25G & 2p 40/100G QSFP28",Hardware,CHASSIS,Others,Others,,1,10/30/22,10/29/29,2030,2030 Q2,SNT,204803076,10/29/22,2023,2023 Q1,,,,,,,N,ENTERGY CORPORATION,181149,ENTERGY SERVICES INC,26853,ENTERGY SERVICES LLC,390304727,"ENTERGY SERVICES, LLC",1033390875,639 LOYOLA AVE,NEW ORLEANS,LA,Major,86593
FDO26420UGJ,COVERED,ACTIVE,Data Center Networking,NX9K,N9300,N9K-C9348GC-FXP,"Nexus 9300 with 48p 100M/1GT, 4p 10/25G & 2p 40/100G QSFP28",Hardware,CHASSIS,Others,Others,,1,10/30/22,10/29/29,2030,2030 Q2,SNT,204803076,10/29/22,2023,2023 Q1,,,,,,,N,ENTERGY CORPORATION,181149,ENTERGY SERVICES INC,26853,ENTERGY SERVICES LLC,390304727,"ENTERGY SERVICES, LLC",1033390875,639 LOYOLA AVE,NEW ORLEANS,LA,Major,86609
FDO26420UJH,COVERED,ACTIVE,Data Center Networking,NX9K,N9300,N9K-C9348GC-FXP,"Nexus 9300 with 48p 100M/1GT, 4p 10/25G & 2p 40/100G QSFP28",Hardware,CHASSIS,Others,Others,,1,10/30/22,10/29/29,2030,2030 Q2,SNT,204803076,10/29/22,2023,2023 Q1,,,,,,,N,ENTERGY CORPORATION,181149,ENTERGY SERVICES INC,26853,ENTERGY SERVICES LLC,390304727,"ENTERGY SERVICES, LLC",1033390875,639 LOYOLA AVE,NEW ORLEANS,LA,Major,86595
FDO26420UV3,COVERED,ACTIVE,Data Center Networking,NX9K,N9300,N9K-C9348GC-FXP,"Nexus 9300 with 48p 100M/1GT, 4p 10/25G & 2p 40/100G QSFP28",Hardware,CHASSIS,Others,Others,,1,10/30/22,10/29/29,2030,2030 Q2,SNT,204803076,10/29/22,2023,2023 Q1,,,,,,,N,ENTERGY CORPORATION,181149,ENTERGY SERVICES INC,26853,ENTERGY SERVICES LLC,390304727,"ENTERGY SERVICES, LLC",1033390875,639 LOYOLA AVE,NEW ORLEANS,LA,Major,86596
FDO26421H7J,COVERED,ACTIVE,Data Center Networking,NX9K,N9300,N9K-C9348GC-FXP,"Nexus 9300 with 48p 100M/1GT, 4p 10/25G & 2p 40/100G QSFP28",Hardware,CHASSIS,Others,Others,,1,10/30/22,10/29/29,2030,2030 Q2,SNT,204803076,10/29/22,2023,2023 Q1,,,,,,,N,ENTERGY CORPORATION,181149,ENTERGY SERVICES INC,26853,ENTERGY SERVICES LLC,390304727,"ENTERGY SERVICES, LLC",1033390875,639 LOYOLA AVE,NEW ORLEANS,LA,Major,86597
FDO26421H9H,COVERED,ACTIVE,Data Center Networking,NX9K,N9300,N9K-C9348GC-FXP,"Nexus 9300 with 48p 100M/1GT, 4p 10/25G & 2p 40/100G QSFP28",Hardware,CHASSIS,Others,Others,,1,10/30/22,10/29/29,2030,2030 Q2,SNT,204803076,10/29/22,2023,2023 Q1,,,,,,,N,ENTERGY CORPORATION,181149,ENTERGY SERVICES INC,26853,ENTERGY SERVICES LLC,390304727,"ENTERGY SERVICES, LLC",1033390875,639 LOYOLA AVE,NEW ORLEANS,LA,Major,86598
FDO26421HCE,COVERED,ACTIVE,Data Center Networking,NX9K,N9300,N9K-C9348GC-FXP,"Nexus 9300 with 48p 100M/1GT, 4p 10/25G & 2p 40/100G QSFP28",Hardware,CHASSIS,Others,Others,,1,10/30/22,10/29/29,2030,2030 Q2,SNT,204803076,10/29/22,2023,2023 Q1,,,,,,,N,ENTERGY CORPORATION,181149,ENTERGY SERVICES INC,26853,ENTERGY SERVICES LLC,390304727,"ENTERGY SERVICES, LLC",1033390875,639 LOYOLA AVE,NEW ORLEANS,LA,Major,86599
FDO26421UMV,COVERED,ACTIVE,Data Center Networking,NX9K,N9300,N9K-C9348GC-FXP,"Nexus 9300 with 48p 100M/1GT, 4p 10/25G & 2p 40/100G QSFP28",Hardware,CHASSIS,Others,Others,,1,10/30/22,10/29/29,2030,2030 Q2,SNT,204803076,10/29/22,2023,2023 Q1,,,,,,,N,ENTERGY CORPORATION,181149,ENTERGY SERVICES INC,26853,ENTERGY SERVICES LLC,390304727,"ENTERGY SERVICES, LLC",1033390875,639 LOYOLA AVE,NEW ORLEANS,LA,Major,86602
FDO264102VA,COVERED,ACTIVE,Data Center Networking,NX9K,N9300,N9K-C9348GC-FXP,"Nexus 9300 with 48p 100M/1GT, 4p 10/25G & 2p 40/100G QSFP28",Hardware,CHASSIS,Others,Others,,1,11/1/22,10/31/29,2030,2030 Q2,SNT,205039097,11/1/22,2023,2023 Q2,,,,,,,N,ENTERGY CORPORATION,181149,ENTERGY LOUISIANA LLC,15056,"ENTERGY LOUISIANA, LLC",352040,"ENTERGY LOUISIANA, LLC",1046425677,2200 W CHURCH ST,HAMMOND,LA,Major,86629
FDO26410G48,COVERED,ACTIVE,Data Center Networking,NX9K,N9300,N9K-C9348GC-FXP,"Nexus 9300 with 48p 100M/1GT, 4p 10/25G & 2p 40/100G QSFP28",Hardware,CHASSIS,Others,Others,,1,11/1/22,10/31/29,2030,2030 Q2,SNT,205039097,11/1/22,2023,2023 Q2,,,,,,,N,ENTERGY CORPORATION,181149,ENTERGY LOUISIANA LLC,15056,"ENTERGY LOUISIANA, LLC",352040,"ENTERGY LOUISIANA, LLC",1046425677,2200 W CHURCH ST,HAMMOND,LA,Major,86644
FDO26411V0Q,COVERED,ACTIVE,Data Center Networking,NX9K,N9300,N9K-C9348GC-FXP,"Nexus 9300 with 48p 100M/1GT, 4p 10/25G & 2p 40/100G QSFP28",Hardware,CHASSIS,Others,Others,,1,11/1/22,10/31/29,2030,2030 Q2,SNT,205039097,11/1/22,2023,2023 Q2,,,,,,,N,ENTERGY CORPORATION,181149,ENTERGY LOUISIANA LLC,15056,"ENTERGY LOUISIANA, LLC",352040,"ENTERGY LOUISIANA, LLC",1046425677,2200 W CHURCH ST,HAMMOND,LA,Major,86631
FDO26411V57,COVERED,ACTIVE,Data Center Networking,NX9K,N9300,N9K-C9348GC-FXP,"Nexus 9300 with 48p 100M/1GT, 4p 10/25G & 2p 40/100G QSFP28",Hardware,CHASSIS,Others,Others,,1,11/1/22,10/31/29,2030,2030 Q2,SNT,205039097,11/1/22,2023,2023 Q2,,,,,,,N,ENTERGY CORPORATION,181149,ENTERGY LOUISIANA LLC,15056,"ENTERGY LOUISIANA, LLC",352040,"ENTERGY LOUISIANA, LLC",1046425677,2200 W CHURCH ST,HAMMOND,LA,Major,86632
FDO264129DE,COVERED,ACTIVE,Data Center Networking,NX9K,N9300,N9K-C9348GC-FXP,"Nexus 9300 with 48p 100M/1GT, 4p 10/25G & 2p 40/100G QSFP28",Hardware,CHASSIS,Others,Others,,1,11/1/22,10/31/29,2030,2030 Q2,SNT,205039097,11/1/22,2023,2023 Q2,,,,,,,N,ENTERGY CORPORATION,181149,ENTERGY LOUISIANA LLC,15056,"ENTERGY LOUISIANA, LLC",352040,"ENTERGY LOUISIANA, LLC",1046425677,2200 W CHURCH ST,HAMMOND,LA,Major,86633
FDO264129E1,COVERED,ACTIVE,Data Center Networking,NX9K,N9300,N9K-C9348GC-FXP,"Nexus 9300 with 48p 100M/1GT, 4p 10/25G & 2p 40/100G QSFP28",Hardware,CHASSIS,Others,Others,,1,11/1/22,10/31/29,2030,2030 Q2,SNT,205039097,11/1/22,2023,2023 Q2,,,,,,,N,ENTERGY CORPORATION,181149,ENTERGY LOUISIANA LLC,15056,"ENTERGY LOUISIANA, LLC",352040,"ENTERGY LOUISIANA, LLC",1046425677,2200 W CHURCH ST,HAMMOND,LA,Major,86634
FDO264129E9,COVERED,ACTIVE,Data Center Networking,NX9K,N9300,N9K-C9348GC-FXP,"Nexus 9300 with 48p 100M/1GT, 4p 10/25G & 2p 40/100G QSFP28",Hardware,CHASSIS,Others,Others,,1,11/1/22,10/31/29,2030,2030 Q2,SNT,205039097,11/1/22,2023,2023 Q2,,,,,,,N,ENTERGY CORPORATION,181149,ENTERGY LOUISIANA LLC,15056,"ENTERGY LOUISIANA, LLC",352040,"ENTERGY LOUISIANA, LLC",1046425677,2200 W CHURCH ST,HAMMOND,LA,Major,86635
FDO264129GE,COVERED,ACTIVE,Data Center Networking,NX9K,N9300,N9K-C9348GC-FXP,"Nexus 9300 with 48p 100M/1GT, 4p 10/25G & 2p 40/100G QSFP28",Hardware,CHASSIS,Others,Others,,1,11/1/22,10/31/29,2030,2030 Q2,SNT,205039097,11/1/22,2023,2023 Q2,,,,,,,N,ENTERGY CORPORATION,181149,ENTERGY LOUISIANA LLC,15056,"ENTERGY LOUISIANA, LLC",352040,"ENTERGY LOUISIANA, LLC",1046425677,2200 W CHURCH ST,HAMMOND,LA,Major,86636
FDO264129GS,COVERED,ACTIVE,Data Center Networking,NX9K,N9300,N9K-C9348GC-FXP,"Nexus 9300 with 48p 100M/1GT, 4p 10/25G & 2p 40/100G QSFP28",Hardware,CHASSIS,Others,Others,,1,11/1/22,10/31/29,2030,2030 Q2,SNT,205039097,11/1/22,2023,2023 Q2,,,,,,,N,ENTERGY CORPORATION,181149,ENTERGY LOUISIANA LLC,15056,"ENTERGY LOUISIANA, LLC",352040,"ENTERGY LOUISIANA, LLC",1046425677,2200 W CHURCH ST,HAMMOND,LA,Major,86637
FDO264129JW,COVERED,ACTIVE,Data Center Networking,NX9K,N9300,N9K-C9348GC-FXP,"Nexus 9300 with 48p 100M/1GT, 4p 10/25G & 2p 40/100G QSFP28",Hardware,CHASSIS,Others,Others,,1,11/1/22,10/31/29,2030,2030 Q2,SNT,205039097,11/1/22,2023,2023 Q2,,,,,,,N,ENTERGY CORPORATION,181149,ENTERGY LOUISIANA LLC,15056,"ENTERGY LOUISIANA, LLC",352040,"ENTERGY LOUISIANA, LLC",1046425677,2200 W CHURCH ST,HAMMOND,LA,Major,86638
FDO264129K2,COVERED,ACTIVE,Data Center Networking,NX9K,N9300,N9K-C9348GC-FXP,"Nexus 9300 with 48p 100M/1GT, 4p 10/25G & 2p 40/100G QSFP28",Hardware,CHASSIS,Others,Others,,1,11/1/22,10/31/29,2030,2030 Q2,SNT,205039097,11/1/22,2023,2023 Q2,,,,,,,N,ENTERGY CORPORATION,181149,ENTERGY LOUISIANA LLC,15056,"ENTERGY LOUISIANA, LLC",352040,"ENTERGY LOUISIANA, LLC",1046425677,2200 W CHURCH ST,HAMMOND,LA,Major,86639
FDO264129L9,COVERED,ACTIVE,Data Center Networking,NX9K,N9300,N9K-C9348GC-FXP,"Nexus 9300 with 48p 100M/1GT, 4p 10/25G & 2p 40/100G QSFP28",Hardware,CHASSIS,Others,Others,,1,11/1/22,10/31/29,2030,2030 Q2,SNT,205039097,11/1/22,2023,2023 Q2,,,,,,,N,ENTERGY CORPORATION,181149,ENTERGY LOUISIANA LLC,15056,"ENTERGY LOUISIANA, LLC",352040,"ENTERGY LOUISIANA, LLC",1046425677,2200 W CHURCH ST,HAMMOND,LA,Major,86640
FDO264129LA,COVERED,ACTIVE,Data Center Networking,NX9K,N9300,N9K-C9348GC-FXP,"Nexus 9300 with 48p 100M/1GT, 4p 10/25G & 2p 40/100G QSFP28",Hardware,CHASSIS,Others,Others,,1,11/1/22,10/31/29,2030,2030 Q2,SNT,205039097,11/1/22,2023,2023 Q2,,,,,,,N,ENTERGY CORPORATION,181149,ENTERGY LOUISIANA LLC,15056,"ENTERGY LOUISIANA, LLC",352040,"ENTERGY LOUISIANA, LLC",1046425677,2200 W CHURCH ST,HAMMOND,LA,Major,86641
FDO26412BGG,COVERED,ACTIVE,Data Center Networking,NX9K,N9300,N9K-C9348GC-FXP,"Nexus 9300 with 48p 100M/1GT, 4p 10/25G & 2p 40/100G QSFP28",Hardware,CHASSIS,Others,Others,,1,11/1/22,10/31/29,2030,2030 Q2,SNT,205039097,11/1/22,2023,2023 Q2,,,,,,,N,ENTERGY CORPORATION,181149,ENTERGY LOUISIANA LLC,15056,"ENTERGY LOUISIANA, LLC",352040,"ENTERGY LOUISIANA, LLC",1046425677,2200 W CHURCH ST,HAMMOND,LA,Major,86642
FDO26412BHP,COVERED,ACTIVE,Data Center Networking,NX9K,N9300,N9K-C9348GC-FXP,"Nexus 9300 with 48p 100M/1GT, 4p 10/25G & 2p 40/100G QSFP28",Hardware,CHASSIS,Others,Others,,1,11/1/22,10/31/29,2030,2030 Q2,SNT,205039097,11/1/22,2023,2023 Q2,,,,,,,N,ENTERGY CORPORATION,181149,ENTERGY LOUISIANA LLC,15056,"ENTERGY LOUISIANA, LLC",352040,"ENTERGY LOUISIANA, LLC",1046425677,2200 W CHURCH ST,HAMMOND,LA,Major,86643
FDO26412BPQ,COVERED,ACTIVE,Data Center Networking,NX9K,N9300,N9K-C9348GC-FXP,"Nexus 9300 with 48p 100M/1GT, 4p 10/25G & 2p 40/100G QSFP28",Hardware,CHASSIS,Others,Others,,1,11/1/22,10/31/29,2030,2030 Q2,SNT,205039097,11/1/22,2023,2023 Q2,,,,,,,N,ENTERGY CORPORATION,181149,ENTERGY LOUISIANA LLC,15056,"ENTERGY LOUISIANA, LLC",352040,"ENTERGY LOUISIANA, LLC",1046425677,2200 W CHURCH ST,HAMMOND,LA,Major,86630
FDO26423KVU,COVERED,ACTIVE,Data Center Networking,NX9K,N9300,N9K-C93360YC-FX2,"Nexus 9300 w/ 96p 1/10/25G, 12p 100G, MACsec capable",Hardware,CHASSIS,Others,Others,,1,11/2/22,11/1/29,2030,2030 Q2,SNTP,204720218,11/2/22,2023,2023 Q2,,,,,,,N,ENTERGY CORPORATION,181149,ENTERGY LOUISIANA LLC,15056,"ENTERGY LOUISIANA, LLC",352040,"ENTERGY LOUISIANA, LLC",1013892719,2200 W CHURCH ST,HAMMOND,LA,Major,86653
FDO26430NC4,COVERED,ACTIVE,Data Center Networking,NX9K,N9300,N9K-C93360YC-FX2,"Nexus 9300 w/ 96p 1/10/25G, 12p 100G, MACsec capable",Hardware,CHASSIS,Others,Others,,1,11/1/22,10/31/29,2030,2030 Q2,SNTP,205052246,11/2/22,2023,2023 Q2,,,,,,,N,ENTERGY CORPORATION,181149,ENTERGY LOUISIANA LLC,15056,"ENTERGY LOUISIANA, LLC",352040,"ENTERGY LOUISIANA, LLC",1013892719,2200 W CHURCH ST,HAMMOND,LA,Major,86655
FDO26430NCT,COVERED,ACTIVE,Data Center Networking,NX9K,N9300,N9K-C93360YC-FX2,"Nexus 9300 w/ 96p 1/10/25G, 12p 100G, MACsec capable",Hardware,CHASSIS,Others,Others,,1,11/1/22,10/31/29,2030,2030 Q2,SNTP,205052246,11/2/22,2023,2023 Q2,,,,,,,N,ENTERGY CORPORATION,181149,ENTERGY LOUISIANA LLC,15056,"ENTERGY LOUISIANA, LLC",352040,"ENTERGY LOUISIANA, LLC",1013892719,2200 W CHURCH ST,HAMMOND,LA,Major,86654
FDO26430NGQ,COVERED,ACTIVE,Data Center Networking,NX9K,N9300,N9K-C93360YC-FX2,"Nexus 9300 w/ 96p 1/10/25G, 12p 100G, MACsec capable",Hardware,CHASSIS,Others,Others,,1,11/2/22,11/1/29,2030,2030 Q2,SNTP,204720218,11/2/22,2023,2023 Q2,,,,,,,N,ENTERGY CORPORATION,181149,ENTERGY LOUISIANA LLC,15056,"ENTERGY LOUISIANA, LLC",352040,"ENTERGY LOUISIANA, LLC",1013892719,2200 W CHURCH ST,HAMMOND,LA,Major,86652
FDO26422KX3,COVERED,ACTIVE,Data Center Networking,NX9K,N9300,N9K-C9364C-GX,"Nexus 9K ACI & NX-OS Leaf/Spine, 64p 40/100G QSFP28",Hardware,CHASSIS,Others,Others,,1,11/5/22,11/4/29,2030,2030 Q2,SNTP,205052246,11/6/22,2023,2023 Q2,,,,,,,N,ENTERGY CORPORATION,181149,ENTERGY LOUISIANA LLC,15056,"ENTERGY LOUISIANA, LLC",352040,"ENTERGY LOUISIANA, LLC",1013892719,2200 W CHURCH ST,HAMMOND,LA,Major,86698
FDO26423SM7,COVERED,ACTIVE,Data Center Networking,NX9K,N9300,N9K-C9364C-GX,"Nexus 9K ACI & NX-OS Leaf/Spine, 64p 40/100G QSFP28",Hardware,CHASSIS,Others,Others,,1,11/5/22,11/4/29,2030,2030 Q2,SNTP,205052246,11/6/22,2023,2023 Q2,,,,,,,N,ENTERGY CORPORATION,181149,ENTERGY LOUISIANA LLC,15056,"ENTERGY LOUISIANA, LLC",352040,"ENTERGY LOUISIANA, LLC",1013892719,2200 W CHURCH ST,HAMMOND,LA,Major,86697
FDO26423SQK,COVERED,ACTIVE,Data Center Networking,NX9K,N9300,N9K-C9364C-GX,"Nexus 9K ACI & NX-OS Leaf/Spine, 64p 40/100G QSFP28",Hardware,CHASSIS,Others,Others,,1,11/6/22,11/5/29,2030,2030 Q2,SNTP,204720218,11/6/22,2023,2023 Q2,,,,,,,N,ENTERGY CORPORATION,181149,ENTERGY LOUISIANA LLC,15056,"ENTERGY LOUISIANA, LLC",352040,"ENTERGY LOUISIANA, LLC",1013892719,2200 W CHURCH ST,HAMMOND,LA,Major,86696
FDO26423SS1,COVERED,ACTIVE,Data Center Networking,NX9K,N9300,N9K-C9364C-GX,"Nexus 9K ACI & NX-OS Leaf/Spine, 64p 40/100G QSFP28",Hardware,CHASSIS,Others,Others,,1,11/6/22,11/5/29,2030,2030 Q2,SNTP,204720218,11/6/22,2023,2023 Q2,,,,,,,N,ENTERGY CORPORATION,181149,ENTERGY LOUISIANA LLC,15056,"ENTERGY LOUISIANA, LLC",352040,"ENTERGY LOUISIANA, LLC",1013892719,2200 W CHURCH ST,HAMMOND,LA,Major,86695
FLM26410007,COVERED,ACTIVE,Data Center Networking,NX9K,N9300,N9K-C9336C-FX2,"Nexus 9300 Series, 36p 40/100G QSFP28",Hardware,CHASSIS,Others,Others,,1,8/22/23,8/21/28,2029,2029 Q1,SSC4P,205588113,11/19/22,2023,2023 Q2,,,,,,,N,ENTERGY CORPORATION,181149,ENTERGY CORPORATION,181149,ENTERGY SERVICES INC,26853,"ENTERGY SERVICES, LLC",1032841009,639 LOYOLA AVE,NEW ORLEANS,LA,Major,86893
FLM264101MX,COVERED,ACTIVE,Data Center Networking,NX9K,N9300,N9K-C9336C-FX2,"Nexus 9300 Series, 36p 40/100G QSFP28",Hardware,CHASSIS,Others,Others,,1,8/22/23,8/21/28,2029,2029 Q1,SSC4P,205588113,11/19/22,2023,2023 Q2,,,,,,,N,ENTERGY CORPORATION,181149,ENTERGY CORPORATION,181149,ENTERGY SERVICES INC,26853,"ENTERGY SERVICES, LLC",1032841009,639 LOYOLA AVE,NEW ORLEANS,LA,Major,86892
FLM264101R6,COVERED,ACTIVE,Data Center Networking,NX9K,N9300,N9K-C9336C-FX2,"Nexus 9300 Series, 36p 40/100G QSFP28",Hardware,CHASSIS,Others,Others,,1,8/29/23,8/28/28,2029,2029 Q1,SSC4P,205604433,11/19/22,2023,2023 Q2,,,,,,,N,ENTERGY CORPORATION,181149,ENTERGY CORPORATION,181149,ENTERGY SERVICES INC,26853,"ENTERGY SERVICES, LLC",1020023929,639 LOYOLA AVE,NEW ORLEANS,LA,Major,86890
FLM264106PC,COVERED,ACTIVE,Data Center Networking,NX9K,N9300,N9K-C9336C-FX2,"Nexus 9300 Series, 36p 40/100G QSFP28",Hardware,CHASSIS,Others,Others,,1,8/29/23,8/28/28,2029,2029 Q1,SSC4P,205604433,11/19/22,2023,2023 Q2,,,,,,,N,ENTERGY CORPORATION,181149,ENTERGY CORPORATION,181149,ENTERGY SERVICES INC,26853,"ENTERGY SERVICES, LLC",1020023929,639 LOYOLA AVE,NEW ORLEANS,LA,Major,86891
FDO26500CDS,COVERED,ACTIVE,Data Center Networking,NX9K,N9300,N9K-C93180YC-FX3,"Nexus 9300 48p 1/10/25G, 6p 40/100G, MACsec,SyncE",Hardware,CHASSIS,Others,Others,,1,12/28/22,12/27/29,2030,2030 Q2,SNT,205483789,12/29/22,2023,2023 Q2,,,,,,,N,ENTERGY CORPORATION,181149,ENTERGY SERVICES INC,26853,ENTERGY SERVICES LLC,374861930,"ENTERGY SERVICES, LLC",1046160994,700 LOUISIANA ST,LITTLE ROCK,AR,Major,87297
FDO26500CGK,COVERED,ACTIVE,Data Center Networking,NX9K,N9300,N9K-C93180YC-FX3,"Nexus 9300 48p 1/10/25G, 6p 40/100G, MACsec,SyncE",Hardware,CHASSIS,Others,Others,,1,12/28/22,12/27/29,2030,2030 Q2,SNT,205483789,12/29/22,2023,2023 Q2,,,,,,,N,ENTERGY CORPORATION,181149,ENTERGY SERVICES INC,26853,ENTERGY SERVICES LLC,374861930,"ENTERGY SERVICES, LLC",1046160994,700 LOUISIANA ST,LITTLE ROCK,AR,Major,87296
FDO26520ZL4,COVERED,ACTIVE,Data Center Networking,NX9K,N9300,N9K-C93180YC-FX3,"Nexus 9300 48p 1/10/25G, 6p 40/100G, MACsec,SyncE",Hardware,CHASSIS,Others,Others,,1,1/16/23,1/15/30,2030,2030 Q2,SNT,205483789,1/17/23,2023,2023 Q2,,,,,,,N,ENTERGY CORPORATION,181149,ENTERGY SERVICES INC,26853,ENTERGY SERVICES LLC,327996889,"ENTERGY SERVICES, LLC",1046161028,1300 ECHELON PKWY,JACKSON,MS,Major,87350
FDO26532HEE,COVERED,ACTIVE,Data Center Networking,NX9K,N9300,N9K-C93180YC-FX3,"Nexus 9300 48p 1/10/25G, 6p 40/100G, MACsec,SyncE",Hardware,CHASSIS,Others,Others,,1,1/16/23,1/15/30,2030,2030 Q2,SNT,205483789,1/17/23,2023,2023 Q2,,,,,,,N,ENTERGY CORPORATION,181149,ENTERGY SERVICES INC,26853,ENTERGY SERVICES LLC,327996889,"ENTERGY SERVICES, LLC",1046161028,1300 ECHELON PKWY,JACKSON,MS,Major,87349
FDO23360BT4,NOT COVERED,EXPIRED,Data Center Networking,NX9K,N9300,N9K-C9348GC-FXP,"Nexus 9300 with 48p 100M/1GT, 4p 10/25G & 2p 40/100G QSFP28",Hardware,CHASSIS,Others,Others,,1,10/2/19,10/1/24,2025,2025 Q1,SNT,92058507,1/20/23,2023,2023 Q2,,,,,,,N,ENTERGY CORPORATION,181149,ENTERGY,207479167,ENTERGY,320089444,"ENTERGY SERVICES, LLC",1030008814,425 W CAPITOL AVE,LITTLE ROCK,AR,Major,87355
FDO27010TK5,COVERED,ACTIVE,Data Center Networking,NX9K,N9300,N9K-C93180YC-FX3,"Nexus 9300 48p 1/10/25G, 6p 40/100G, MACsec,SyncE",Hardware,CHASSIS,Others,Others,,1,1/31/23,1/30/30,2030,2030 Q3,SNT,205483789,1/31/23,2023,2023 Q3,,,,,,,N,ENTERGY CORPORATION,181149,ENTERGY SERVICES INC,26853,ENTERGY SERVICES LLC,364476315,"ENTERGY SERVICES, LLC",1042717423,INVOICES SUBMITTED VIA PEOPLESOFT,BATON ROUGE,LA,Major,87377
FDO27010TKT,COVERED,ACTIVE,Data Center Networking,NX9K,N9300,N9K-C93180YC-FX3,"Nexus 9300 48p 1/10/25G, 6p 40/100G, MACsec,SyncE",Hardware,CHASSIS,Others,Others,,1,1/31/23,1/30/30,2030,2030 Q3,SNT,205483789,1/31/23,2023,2023 Q3,,,,,,,N,ENTERGY CORPORATION,181149,ENTERGY SERVICES INC,26853,ENTERGY SERVICES LLC,364476315,"ENTERGY SERVICES, LLC",1042717423,INVOICES SUBMITTED VIA PEOPLESOFT,BATON ROUGE,LA,Major,87375
FDO27011KQ5,COVERED,ACTIVE,Data Center Networking,NX9K,N9300,N9K-C93180YC-FX3,"Nexus 9300 48p 1/10/25G, 6p 40/100G, MACsec,SyncE",Hardware,CHASSIS,Others,Others,,1,1/31/23,1/30/30,2030,2030 Q3,SNT,205483789,1/31/23,2023,2023 Q3,,,,,,,N,ENTERGY CORPORATION,181149,ENTERGY SERVICES INC,26853,ENTERGY-LITTLE ROCK DATA CENTER,256069912,ENTERGY LITTLE ROCK DATA CENTER,1047829814,700 SOUTH LOUSIANA ST. A-DC-BA,LITTLE ROCK,AR,Major,87373
FDO27011KZQ,COVERED,ACTIVE,Data Center Networking,NX9K,N9300,N9K-C93180YC-FX3,"Nexus 9300 48p 1/10/25G, 6p 40/100G, MACsec,SyncE",Hardware,CHASSIS,Others,Others,,1,1/31/23,1/30/30,2030,2030 Q3,SNT,205483789,1/31/23,2023,2023 Q3,,,,,,,N,ENTERGY CORPORATION,181149,ENTERGY SERVICES INC,26853,ENTERGY SERVICES LLC,364476315,"ENTERGY SERVICES, LLC",1042717423,INVOICES SUBMITTED VIA PEOPLESOFT,BATON ROUGE,LA,Major,87376
FDO27012G4C,COVERED,ACTIVE,Data Center Networking,NX9K,N9300,N9K-C93180YC-FX3,"Nexus 9300 48p 1/10/25G, 6p 40/100G, MACsec,SyncE",Hardware,CHASSIS,Others,Others,,1,1/31/23,1/30/30,2030,2030 Q3,SNT,205483789,1/31/23,2023,2023 Q3,,,,,,,N,ENTERGY CORPORATION,181149,ENTERGY SERVICES INC,26853,ENTERGY-LITTLE ROCK DATA CENTER,256069912,ENTERGY LITTLE ROCK DATA CENTER,1047829814,700 SOUTH LOUSIANA ST. A-DC-BA,LITTLE ROCK,AR,Major,87380
FDO27012G6G,COVERED,ACTIVE,Data Center Networking,NX9K,N9300,N9K-C93180YC-FX3,"Nexus 9300 48p 1/10/25G, 6p 40/100G, MACsec,SyncE",Hardware,CHASSIS,Others,Others,,1,1/31/23,1/30/30,2030,2030 Q3,SNT,205483789,1/31/23,2023,2023 Q3,,,,,,,N,ENTERGY CORPORATION,181149,ENTERGY SERVICES INC,26853,ENTERGY-LITTLE ROCK DATA CENTER,256069912,ENTERGY LITTLE ROCK DATA CENTER,1047829814,700 SOUTH LOUSIANA ST. A-DC-BA,LITTLE ROCK,AR,Major,87378
FDO27012GBE,COVERED,ACTIVE,Data Center Networking,NX9K,N9300,N9K-C93180YC-FX3,"Nexus 9300 48p 1/10/25G, 6p 40/100G, MACsec,SyncE",Hardware,CHASSIS,Others,Others,,1,1/31/23,1/30/30,2030,2030 Q3,SNT,205483789,1/31/23,2023,2023 Q3,,,,,,,N,ENTERGY CORPORATION,181149,ENTERGY SERVICES INC,26853,ENTERGY-LITTLE ROCK DATA CENTER,256069912,ENTERGY LITTLE ROCK DATA CENTER,1047829814,700 SOUTH LOUSIANA ST. A-DC-BA,LITTLE ROCK,AR,Major,87379
FDO27012GFC,COVERED,ACTIVE,Data Center Networking,NX9K,N9300,N9K-C93180YC-FX3,"Nexus 9300 48p 1/10/25G, 6p 40/100G, MACsec,SyncE",Hardware,CHASSIS,Others,Others,,1,1/31/23,1/30/30,2030,2030 Q3,SNT,205483789,1/31/23,2023,2023 Q3,,,,,,,N,ENTERGY CORPORATION,181149,ENTERGY SERVICES INC,26853,ENTERGY SERVICES LLC,364476315,"ENTERGY SERVICES, LLC",1042717423,INVOICES SUBMITTED VIA PEOPLESOFT,BATON ROUGE,LA,Major,87374
FDO27012GCD,COVERED,ACTIVE,Data Center Networking,NX9K,N9300,N9K-C93180YC-FX3,"Nexus 9300 48p 1/10/25G, 6p 40/100G, MACsec,SyncE",Hardware,CHASSIS,Others,Others,,1,2/1/23,1/31/30,2030,2030 Q3,SNT,205483789,2/1/23,2023,2023 Q3,,,,,,,N,ENTERGY CORPORATION,181149,ENTERGY SERVICES INC,26853,ENTERGY SERVICES LLC,327996889,"ENTERGY SERVICES, LLC",1021009583,1300 ECHELON PKWY,JACKSON,MS,Major,87391
FLM264602UZ,COVERED,ACTIVE,Data Center Networking,NX9K,N9300,N9K-C93360YC-FX2,"Nexus 9300 w/ 96p 1/10/25G, 12p 100G, MACsec capable",Hardware,CHASSIS,Others,Others,,1,2/1/23,1/31/30,2030,2030 Q3,SNT,205204785,2/2/23,2023,2023 Q3,,,,,,,N,ENTERGY CORPORATION,181149,ENTERGY SERVICES INC,26853,ENTERGY SERVICES LLC,327996889,"ENTERGY SERVICES, LLC",1020254367,1300 ECHELON PKWY,JACKSON,MS,Major,87401
FLM264609VE,COVERED,ACTIVE,Data Center Networking,NX9K,N9300,N9K-C93360YC-FX2,"Nexus 9300 w/ 96p 1/10/25G, 12p 100G, MACsec capable",Hardware,CHASSIS,Others,Others,,1,2/1/23,1/31/30,2030,2030 Q3,SNT,205204781,2/2/23,2023,2023 Q3,,,,,,,N,ENTERGY CORPORATION,181149,ENTERGY SERVICES INC,26853,ENTERGY SERVICES INC,177639549,"ENTERGY SERVICES, LLC",1038911405,700 LOUISIANA ST,LITTLE ROCK,AR,Major,87393
FLM26460B9V,COVERED,ACTIVE,Data Center Networking,NX9K,N9300,N9K-C93360YC-FX2,"Nexus 9300 w/ 96p 1/10/25G, 12p 100G, MACsec capable",Hardware,CHASSIS,Others,Others,,1,2/1/23,1/31/30,2030,2030 Q3,SNT,205204785,2/2/23,2023,2023 Q3,,,,,,,N,ENTERGY CORPORATION,181149,ENTERGY SERVICES INC,26853,ENTERGY SERVICES LLC,327996889,"ENTERGY SERVICES, LLC",1020254367,1300 ECHELON PKWY,JACKSON,MS,Major,87395
FLM26460B9Y,COVERED,ACTIVE,Data Center Networking,NX9K,N9300,N9K-C93360YC-FX2,"Nexus 9300 w/ 96p 1/10/25G, 12p 100G, MACsec capable",Hardware,CHASSIS,Others,Others,,1,2/1/23,1/31/30,2030,2030 Q3,SNT,205204785,2/2/23,2023,2023 Q3,,,,,,,N,ENTERGY CORPORATION,181149,ENTERGY SERVICES INC,26853,ENTERGY SERVICES LLC,327996889,"ENTERGY SERVICES, LLC",1020254367,1300 ECHELON PKWY,JACKSON,MS,Major,87400
FLM26460BBG,COVERED,ACTIVE,Data Center Networking,NX9K,N9300,N9K-C93360YC-FX2,"Nexus 9300 w/ 96p 1/10/25G, 12p 100G, MACsec capable",Hardware,CHASSIS,Others,Others,,1,2/1/23,1/31/30,2030,2030 Q3,SNT,205204785,2/2/23,2023,2023 Q3,,,,,,,N,ENTERGY CORPORATION,181149,ENTERGY SERVICES INC,26853,ENTERGY SERVICES LLC,327996889,"ENTERGY SERVICES, LLC",1020254367,1300 ECHELON PKWY,JACKSON,MS,Major,87394
FLM2647001K,COVERED,ACTIVE,Data Center Networking,NX9K,N9300,N9K-C93360YC-FX2,"Nexus 9300 w/ 96p 1/10/25G, 12p 100G, MACsec capable",Hardware,CHASSIS,Others,Others,,1,2/1/23,1/31/30,2030,2030 Q3,SNT,205204781,2/2/23,2023,2023 Q3,,,,,,,N,ENTERGY CORPORATION,181149,ENTERGY SERVICES INC,26853,ENTERGY SERVICES INC,177639549,"ENTERGY SERVICES, LLC",1038911405,700 LOUISIANA ST,LITTLE ROCK,AR,Major,87399
FLM26470035,COVERED,ACTIVE,Data Center Networking,NX9K,N9300,N9K-C93360YC-FX2,"Nexus 9300 w/ 96p 1/10/25G, 12p 100G, MACsec capable",Hardware,CHASSIS,Others,Others,,1,2/1/23,1/31/30,2030,2030 Q3,SNT,205204781,2/2/23,2023,2023 Q3,,,,,,,N,ENTERGY CORPORATION,181149,ENTERGY SERVICES INC,26853,ENTERGY SERVICES INC,177639549,"ENTERGY SERVICES, LLC",1038911405,700 LOUISIANA ST,LITTLE ROCK,AR,Major,87392
FLM2647003R,COVERED,ACTIVE,Data Center Networking,NX9K,N9300,N9K-C93360YC-FX2,"Nexus 9300 w/ 96p 1/10/25G, 12p 100G, MACsec capable",Hardware,CHASSIS,Others,Others,,1,2/1/23,1/31/30,2030,2030 Q3,SNT,205204781,2/2/23,2023,2023 Q3,,,,,,,N,ENTERGY CORPORATION,181149,ENTERGY SERVICES INC,26853,ENTERGY SERVICES INC,177639549,"ENTERGY SERVICES, LLC",1038911405,700 LOUISIANA ST,LITTLE ROCK,AR,Major,87398
FDO27010TET,COVERED,ACTIVE,Data Center Networking,NX9K,N9300,N9K-C93180YC-FX3,"Nexus 9300 48p 1/10/25G, 6p 40/100G, MACsec,SyncE",Hardware,CHASSIS,Others,Others,,1,2/25/23,2/24/30,2030,2030 Q3,SNT,205248015,2/24/23,2023,2023 Q3,,,,,,,N,ENTERGY CORPORATION,181149,ENTERGY LOUISIANA LLC,15056,"ENTERGY LOUISIANA, LLC",352040,"ENTERGY LOUISIANA, LLC",1013892719,2200 W CHURCH ST,HAMMOND,LA,Major,87540
FDO27010TW4,COVERED,ACTIVE,Data Center Networking,NX9K,N9300,N9K-C93180YC-FX3,"Nexus 9300 48p 1/10/25G, 6p 40/100G, MACsec,SyncE",Hardware,CHASSIS,Others,Others,,1,2/25/23,2/24/30,2030,2030 Q3,SNT,205248015,2/24/23,2023,2023 Q3,,,,,,,N,ENTERGY CORPORATION,181149,ENTERGY LOUISIANA LLC,15056,"ENTERGY LOUISIANA, LLC",352040,"ENTERGY LOUISIANA, LLC",1013892719,2200 W CHURCH ST,HAMMOND,LA,Major,87541
FDO27010TXU,COVERED,ACTIVE,Data Center Networking,NX9K,N9300,N9K-C93180YC-FX3,"Nexus 9300 48p 1/10/25G, 6p 40/100G, MACsec,SyncE",Hardware,CHASSIS,Others,Others,,1,2/25/23,2/24/30,2030,2030 Q3,SNT,205248015,2/24/23,2023,2023 Q3,,,,,,,N,ENTERGY CORPORATION,181149,ENTERGY LOUISIANA LLC,15056,"ENTERGY LOUISIANA, LLC",352040,"ENTERGY LOUISIANA, LLC",1013892719,2200 W CHURCH ST,HAMMOND,LA,Major,87543
FDO27010TYK,COVERED,ACTIVE,Data Center Networking,NX9K,N9300,N9K-C93180YC-FX3,"Nexus 9300 48p 1/10/25G, 6p 40/100G, MACsec,SyncE",Hardware,CHASSIS,Others,Others,,1,2/25/23,2/24/30,2030,2030 Q3,SNT,205248015,2/24/23,2023,2023 Q3,,,,,,,N,ENTERGY CORPORATION,181149,ENTERGY LOUISIANA LLC,15056,"ENTERGY LOUISIANA, LLC",352040,"ENTERGY LOUISIANA, LLC",1013892719,2200 W CHURCH ST,HAMMOND,LA,Major,87542
FLM2708079C,NOT COVERED,TERMINATED,Data Center Networking,NX9K,N9300,N9K-C93180YC-FX3,"Nexus 9300 48p 1/10/25G, 6p 40/100G, MACsec,SyncE",Hardware,CHASSIS,Others,Others,,1,3/10/23,3/9/30,2030,2030 Q3,SNT,205273502,3/9/23,2023,2023 Q3,,,,,,,N,ENTERGY CORPORATION,181149,ENTERGY LOUISIANA LLC,15056,"ENTERGY LOUISIANA, LLC",352040,"ENTERGY LOUISIANA, LLC",1046425677,2200 W CHURCH ST,HAMMOND,LA,Major,87787
FDO2653147A,COVERED,ACTIVE,Data Center Networking,NX9K,N9300,N9K-C93180YC-FX3,"Nexus 9300 48p 1/10/25G, 6p 40/100G, MACsec,SyncE",Hardware,CHASSIS,Others,Others,,1,3/18/23,3/17/30,2030,2030 Q3,SNT,205287603,3/19/23,2023,2023 Q3,,,,,,,N,ENTERGY CORPORATION,181149,ENTERGY LOUISIANA LLC,15056,"ENTERGY LOUISIANA, LLC",352040,"ENTERGY LOUISIANA, LLC",1013892719,2200 W CHURCH ST,HAMMOND,LA,Major,87854
FDO26531A04,COVERED,ACTIVE,Data Center Networking,NX9K,N9300,N9K-C93180YC-FX3,"Nexus 9300 48p 1/10/25G, 6p 40/100G, MACsec,SyncE",Hardware,CHASSIS,Others,Others,,1,3/18/23,3/17/30,2030,2030 Q3,SNT,205287557,3/19/23,2023,2023 Q3,,,,,,,N,ENTERGY CORPORATION,181149,ENTERGY LOUISIANA LLC,15056,"ENTERGY LOUISIANA, LLC",352040,"ENTERGY LOUISIANA, LLC",1013892719,2200 W CHURCH ST,HAMMOND,LA,Major,87856
FDO26532H2M,COVERED,ACTIVE,Data Center Networking,NX9K,N9300,N9K-C93180YC-FX3,"Nexus 9300 48p 1/10/25G, 6p 40/100G, MACsec,SyncE",Hardware,CHASSIS,Others,Others,,1,3/18/23,3/17/30,2030,2030 Q3,SNT,205287603,3/19/23,2023,2023 Q3,,,,,,,N,ENTERGY CORPORATION,181149,ENTERGY LOUISIANA LLC,15056,"ENTERGY LOUISIANA, LLC",352040,"ENTERGY LOUISIANA, LLC",1013892719,2200 W CHURCH ST,HAMMOND,LA,Major,87853
FDO26532H50,COVERED,ACTIVE,Data Center Networking,NX9K,N9300,N9K-C93180YC-FX3,"Nexus 9300 48p 1/10/25G, 6p 40/100G, MACsec,SyncE",Hardware,CHASSIS,Others,Others,,1,3/18/23,3/17/30,2030,2030 Q3,SNT,205287603,3/19/23,2023,2023 Q3,,,,,,,N,ENTERGY CORPORATION,181149,ENTERGY LOUISIANA LLC,15056,"ENTERGY LOUISIANA, LLC",352040,"ENTERGY LOUISIANA, LLC",1013892719,2200 W CHURCH ST,HAMMOND,LA,Major,87852
FDO27012VXC,COVERED,ACTIVE,Data Center Networking,NX9K,N9300,N9K-C93180YC-FX3,"Nexus 9300 48p 1/10/25G, 6p 40/100G, MACsec,SyncE",Hardware,CHASSIS,Others,Others,,1,3/18/23,3/17/30,2030,2030 Q3,SNT,205287603,3/19/23,2023,2023 Q3,,,,,,,N,ENTERGY CORPORATION,181149,ENTERGY LOUISIANA LLC,15056,"ENTERGY LOUISIANA, LLC",352040,"ENTERGY LOUISIANA, LLC",1013892719,2200 W CHURCH ST,HAMMOND,LA,Major,87855
FLM27150F8P,COVERED,ACTIVE,Data Center Networking,NX9K,N9300,N9K-C93180YC-FX3,"Nexus 9300 48p 1/10/25G, 6p 40/100G, MACsec,SyncE",Hardware,CHASSIS,Others,Others,,1,5/25/23,5/24/30,2030,2030 Q4,SNT,205483789,5/25/23,2023,2023 Q4,,,,,,,N,ENTERGY CORPORATION,181149,ENTERGY SERVICES INC,26853,ENTERGY SERVICES LLC,327996889,"ENTERGY SERVICES, LLC",1021009583,1300 ECHELON PKWY,JACKSON,MS,Major,89159
FLM271702KA,COVERED,ACTIVE,Data Center Networking,NX9K,N9300,N9K-C93180YC-FX3,"Nexus 9300 48p 1/10/25G, 6p 40/100G, MACsec,SyncE",Hardware,CHASSIS,Others,Others,,1,5/25/23,5/24/30,2030,2030 Q4,SNT,205483789,5/25/23,2023,2023 Q4,,,,,,,N,ENTERGY CORPORATION,181149,ENTERGY SERVICES INC,26853,ENTERGY SERVICES LLC,327996889,"ENTERGY SERVICES, LLC",1021009583,1300 ECHELON PKWY,JACKSON,MS,Major,89160
FLM271702L0,COVERED,ACTIVE,Data Center Networking,NX9K,N9300,N9K-C93180YC-FX3,"Nexus 9300 48p 1/10/25G, 6p 40/100G, MACsec,SyncE",Hardware,CHASSIS,Others,Others,,1,5/25/23,5/24/30,2030,2030 Q4,SNT,205483789,5/25/23,2023,2023 Q4,,,,,,,N,ENTERGY CORPORATION,181149,ENTERGY SERVICES INC,26853,ENTERGY SERVICES LLC,327996889,"ENTERGY SERVICES, LLC",1021009583,1300 ECHELON PKWY,JACKSON,MS,Major,89161
FLM271702LD,COVERED,ACTIVE,Data Center Networking,NX9K,N9300,N9K-C93180YC-FX3,"Nexus 9300 48p 1/10/25G, 6p 40/100G, MACsec,SyncE",Hardware,CHASSIS,Others,Others,,1,5/25/23,5/24/30,2030,2030 Q4,SNT,205483789,5/25/23,2023,2023 Q4,,,,,,,N,ENTERGY CORPORATION,181149,ENTERGY SERVICES INC,26853,ENTERGY SERVICES LLC,327996889,"ENTERGY SERVICES, LLC",1021009583,1300 ECHELON PKWY,JACKSON,MS,Major,89155
FLM271702Q7,COVERED,ACTIVE,Data Center Networking,NX9K,N9300,N9K-C93180YC-FX3,"Nexus 9300 48p 1/10/25G, 6p 40/100G, MACsec,SyncE",Hardware,CHASSIS,Others,Others,,1,5/25/23,5/24/30,2030,2030 Q4,SNT,205483789,5/25/23,2023,2023 Q4,,,,,,,N,ENTERGY CORPORATION,181149,ENTERGY SERVICES INC,26853,ENTERGY SERVICES LLC,327996889,"ENTERGY SERVICES, LLC",1021009583,1300 ECHELON PKWY,JACKSON,MS,Major,89153
FLM271702RQ,COVERED,ACTIVE,Data Center Networking,NX9K,N9300,N9K-C93180YC-FX3,"Nexus 9300 48p 1/10/25G, 6p 40/100G, MACsec,SyncE",Hardware,CHASSIS,Others,Others,,1,5/25/23,5/24/30,2030,2030 Q4,SNT,205483789,5/25/23,2023,2023 Q4,,,,,,,N,ENTERGY CORPORATION,181149,ENTERGY SERVICES INC,26853,ENTERGY SERVICES LLC,327996889,"ENTERGY SERVICES, LLC",1021009583,1300 ECHELON PKWY,JACKSON,MS,Major,89156
FLM27170EMW,COVERED,ACTIVE,Data Center Networking,NX9K,N9300,N9K-C93180YC-FX3,"Nexus 9300 48p 1/10/25G, 6p 40/100G, MACsec,SyncE",Hardware,CHASSIS,Others,Others,,1,5/25/23,5/24/30,2030,2030 Q4,SNT,205483789,5/25/23,2023,2023 Q4,,,,,,,N,ENTERGY CORPORATION,181149,ENTERGY SERVICES INC,26853,ENTERGY SERVICES LLC,327996889,"ENTERGY SERVICES, LLC",1021009583,1300 ECHELON PKWY,JACKSON,MS,Major,89154
FLM27170F34,COVERED,ACTIVE,Data Center Networking,NX9K,N9300,N9K-C93180YC-FX3,"Nexus 9300 48p 1/10/25G, 6p 40/100G, MACsec,SyncE",Hardware,CHASSIS,Others,Others,,1,5/25/23,5/24/30,2030,2030 Q4,SNT,205483789,5/25/23,2023,2023 Q4,,,,,,,N,ENTERGY CORPORATION,181149,ENTERGY SERVICES INC,26853,ENTERGY SERVICES LLC,327996889,"ENTERGY SERVICES, LLC",1021009583,1300 ECHELON PKWY,JACKSON,MS,Major,89157
FLM27170F3E,COVERED,ACTIVE,Data Center Networking,NX9K,N9300,N9K-C93180YC-FX3,"Nexus 9300 48p 1/10/25G, 6p 40/100G, MACsec,SyncE",Hardware,CHASSIS,Others,Others,,1,5/25/23,5/24/30,2030,2030 Q4,SNT,205483789,5/25/23,2023,2023 Q4,,,,,,,N,ENTERGY CORPORATION,181149,ENTERGY SERVICES INC,26853,ENTERGY SERVICES LLC,327996889,"ENTERGY SERVICES, LLC",1021009583,1300 ECHELON PKWY,JACKSON,MS,Major,89158
FLM271701M5,COVERED,ACTIVE,Data Center Networking,NX9K,N9300,N9K-C93180YC-FX3,"Nexus 9300 48p 1/10/25G, 6p 40/100G, MACsec,SyncE",Hardware,CHASSIS,Others,Others,,1,5/26/23,5/25/30,2030,2030 Q4,SNT,205483789,5/26/23,2023,2023 Q4,,,,,,,N,ENTERGY CORPORATION,181149,ENTERGY SERVICES INC,26853,ENTERGY LITTLE ROCK DATA CENTER,398198023,ENTERGY LITTLE ROCK DATA CENTER,1053216313,700 LOUISIANA ST,LITTLE ROCK,AR,Major,89215
FLM27190D8K,COVERED,ACTIVE,Data Center Networking,NX9K,N9300,N9K-C93180YC-FX3,"Nexus 9300 48p 1/10/25G, 6p 40/100G, MACsec,SyncE",Hardware,CHASSIS,Others,Others,,1,5/25/23,5/24/30,2030,2030 Q4,SNT,205483789,5/26/23,2023,2023 Q4,,,,,,,N,ENTERGY CORPORATION,181149,ENTERGY SERVICES INC,26853,ENTERGY SERVICES LLC,327996889,"ENTERGY SERVICES, LLC",1053231674,1300 ECHELON PKWY,JACKSON,MS,Major,89174
FLM27190D8L,COVERED,ACTIVE,Data Center Networking,NX9K,N9300,N9K-C93180YC-FX3,"Nexus 9300 48p 1/10/25G, 6p 40/100G, MACsec,SyncE",Hardware,CHASSIS,Others,Others,,1,5/25/23,5/24/30,2030,2030 Q4,SNT,205483789,5/26/23,2023,2023 Q4,,,,,,,N,ENTERGY CORPORATION,181149,ENTERGY SERVICES INC,26853,ENTERGY SERVICES LLC,327996889,"ENTERGY SERVICES, LLC",1053231674,1300 ECHELON PKWY,JACKSON,MS,Major,89173
FLM27190D8S,COVERED,ACTIVE,Data Center Networking,NX9K,N9300,N9K-C93180YC-FX3,"Nexus 9300 48p 1/10/25G, 6p 40/100G, MACsec,SyncE",Hardware,CHASSIS,Others,Others,,1,5/26/23,5/25/30,2030,2030 Q4,SNT,205483789,5/26/23,2023,2023 Q4,,,,,,,N,ENTERGY CORPORATION,181149,ENTERGY SERVICES INC,26853,ENTERGY LITTLE ROCK DATA CENTER,398198023,ENTERGY LITTLE ROCK DATA CENTER,1053216313,700 LOUISIANA ST,LITTLE ROCK,AR,Major,89214
FLM27160TNC,COVERED,ACTIVE,Data Center Networking,NX9K,N9300,N9K-C93180YC-FX3,"Nexus 9300 48p 1/10/25G, 6p 40/100G, MACsec,SyncE",Hardware,CHASSIS,Others,Others,,1,5/28/23,5/27/30,2030,2030 Q4,SNT,205483789,5/28/23,2023,2023 Q4,,,,,,,N,ENTERGY CORPORATION,181149,ENTERGY SERVICES INC,26853,ENTERGY-LITTLE ROCK DATA CENTER,256069912,ENTERGY LITTLE ROCK DATA CENTER,1047829814,700 SOUTH LOUSIANA ST. A-DC-BA,LITTLE ROCK,AR,Major,89249
FLM271702FL,COVERED,ACTIVE,Data Center Networking,NX9K,N9300,N9K-C93180YC-FX3,"Nexus 9300 48p 1/10/25G, 6p 40/100G, MACsec,SyncE",Hardware,CHASSIS,Others,Others,,1,5/28/23,5/27/30,2030,2030 Q4,SNT,205483789,5/28/23,2023,2023 Q4,,,,,,,N,ENTERGY CORPORATION,181149,ENTERGY SERVICES INC,26853,ENTERGY-LITTLE ROCK DATA CENTER,256069912,ENTERGY LITTLE ROCK DATA CENTER,1047829814,700 SOUTH LOUSIANA ST. A-DC-BA,LITTLE ROCK,AR,Major,89248
FDO262821BA,COVERED,ACTIVE,Data Center Networking,NX9K,N9300,C1-N9K-C93180YC-EX,Cisco ONE Nexus 9300 with 48p 10/25G SFP+ and 6p 100G QSFP28,Hardware,CHASSIS,Cisco One - Transactional - Perpetual,Cisco One,,1,5/30/23,2/28/26,2026,2026 Q3,SNT,205483789,6/12/23,2023,2023 Q4,3/1/21,5/27/25,3/1/22,2/28/26,2026,2026 Q3,N,ENTERGY CORPORATION,181149,ENTERGY SERVICES INC,26853,ENTERGY SERVICES INC,888373,"ENTERGY SERVICES, INC.",404264235,1340 ECHELON PKWY,JACKSON,MS,Major,89650
FLM27210ASC,COVERED,ACTIVE,Data Center Networking,NX9K,N9300,N9K-C9348GC-FXP,"Nexus 9300 with 48p 100M/1GT, 4p 10/25G & 2p 40/100G QSFP28",Hardware,CHASSIS,Others,Others,,1,6/17/22,6/16/29,2029,2029 Q4,SNT,204814150,12/7/23,2024,2024 Q2,,,,,,,N,ENTERGY CORPORATION,181149,ENTERGY LOUISIANA LLC,15056,"ENTERGY LOUISIANA, LLC",352040,"ENTERGY LOUISIANA, LLC",1013892719,2200 W CHURCH ST,HAMMOND,LA,Major,92654
FLM27490021,COVERED,ACTIVE,Data Center Networking,NX9K,N9300,N9K-C93180YC-FX3,"Nexus 9300 48p 1/10/25G, 6p 40/100G, MACsec,SyncE",Hardware,CHASSIS,Others,Others,,1,12/30/23,12/29/30,2031,2031 Q2,SNT,205809203,12/29/23,2024,2024 Q2,,,,,,,N,ENTERGY CORPORATION,181149,ENTERGY CORPORATION,181149,ENTERGY SERVICES INC,26853,ENTERGY CORPORATION,1003268054,639 LOYOLA AVE,NEW ORLEANS,LA,Major,92754
N/A,COVERED,ACTIVE,Data Center Networking,SAN,MDS9000,DS-9148T-KIT-CSCO,MDS 9148T Accessory Kit for Cisco,Hardware,CARD,Others,Others,,1,2/28/24,2/27/29,2029,2029 Q3,SSC4P,204720218,1/30/24,2024,2024 Q3,,,,,,,N,ENTERGY CORPORATION,181149,ENTERGY SERVICES INC,26853,ENTERGY-LITTLE ROCK DATA CENTER,256069912,ENTERGY LITTLE ROCK DATA CENTER,1047829814,700 SOUTH LOUSIANA ST. A-DC-BA,LITTLE ROCK,AR,Minor,92928.33
N/A,COVERED,ACTIVE,Data Center Networking,SAN,MDS9000,DS-9148T-KIT-CSCO,MDS 9148T Accessory Kit for Cisco,Hardware,CARD,Others,Others,,1,2/28/24,2/27/29,2029,2029 Q3,SSC4P,204720218,1/30/24,2024,2024 Q3,,,,,,,N,ENTERGY CORPORATION,181149,ENTERGY SERVICES INC,26853,ENTERGY-LITTLE ROCK DATA CENTER,256069912,ENTERGY LITTLE ROCK DATA CENTER,1047829814,700 SOUTH LOUSIANA ST. A-DC-BA,LITTLE ROCK,AR,Minor,92929.33
N/A,COVERED,ACTIVE,Data Center Networking,SAN,MDS9000,DS-9148T-KIT-CSCO,MDS 9148T Accessory Kit for Cisco,Hardware,CARD,Others,Others,,1,2/29/24,2/27/29,2029,2029 Q3,SSC4P,204720218,1/30/24,2024,2024 Q3,,,,,,,N,ENTERGY CORPORATION,181149,ENTERGY SERVICES INC,26853,ENTERGY-LITTLE ROCK DATA CENTER,256069912,ENTERGY LITTLE ROCK DATA CENTER,1047829814,700 SOUTH LOUSIANA ST. A-DC-BA,LITTLE ROCK,AR,Minor,93088.33
N/A,COVERED,ACTIVE,Data Center Networking,SAN,MDS9000,DS-9148T-KIT-CSCO,MDS 9148T Accessory Kit for Cisco,Hardware,CARD,Others,Others,,1,2/29/24,2/27/29,2029,2029 Q3,SSC4P,204720218,1/30/24,2024,2024 Q3,,,,,,,N,ENTERGY CORPORATION,181149,ENTERGY SERVICES INC,26853,ENTERGY-LITTLE ROCK DATA CENTER,256069912,ENTERGY LITTLE ROCK DATA CENTER,1047829814,700 SOUTH LOUSIANA ST. A-DC-BA,LITTLE ROCK,AR,Minor,93089.33
FLM281006BD,COVERED,ACTIVE,Data Center Networking,NX9K,N9300,N9K-C9336C-FX2,"Nexus 9300 Series, 36p 40/100G QSFP28",Hardware,CHASSIS,Others,Others,,1,4/9/24,4/8/31,2031,2031 Q3,SNT,204791607,4/10/24,2024,2024 Q3,,,,,,,N,ENTERGY CORPORATION,181149,ENTERGY SERVICES INC,26853,ENTERGY LITTLE ROCK DATA CENTER,398198023,ENTERGY LITTLE ROCK DATA CENTER,1057786727,700 LOUISIANA ST,LITTLE ROCK,AR,Major,93868
FLM281006BS,COVERED,ACTIVE,Data Center Networking,NX9K,N9300,N9K-C9336C-FX2,"Nexus 9300 Series, 36p 40/100G QSFP28",Hardware,CHASSIS,Others,Others,,1,4/9/24,4/8/31,2031,2031 Q3,SNT,204791607,4/10/24,2024,2024 Q3,,,,,,,N,ENTERGY CORPORATION,181149,ENTERGY SERVICES INC,26853,ENTERGY LITTLE ROCK DATA CENTER,398198023,ENTERGY LITTLE ROCK DATA CENTER,1057786727,700 LOUISIANA ST,LITTLE ROCK,AR,Major,93869
FDO280700DP,COVERED,ACTIVE,Data Center Networking,NX9K,N9300,N9K-C93180YC-FX3,"Nexus 9300 48p 1/10/25G, 6p 40/100G, MACsec,SyncE",Hardware,CHASSIS,Others,Others,,1,4/21/24,4/20/31,2031,2031 Q3,SNT,205483789,4/22/24,2024,2024 Q3,,,,,,,N,ENTERGY CORPORATION,181149,ENTERGY SERVICES INC,26853,ENTERGY SERVICES LLC,327996889,"ENTERGY SERVICES, LLC",1021009583,1300 ECHELON PKWY,JACKSON,MS,Major,93822
FDO280700DQ,COVERED,ACTIVE,Data Center Networking,NX9K,N9300,N9K-C93180YC-FX3,"Nexus 9300 48p 1/10/25G, 6p 40/100G, MACsec,SyncE",Hardware,CHASSIS,Others,Others,,1,4/21/24,4/20/31,2031,2031 Q3,SNT,205483789,4/22/24,2024,2024 Q3,,,,,,,N,ENTERGY CORPORATION,181149,ENTERGY SERVICES INC,26853,ENTERGY SERVICES LLC,327996889,"ENTERGY SERVICES, LLC",1021009583,1300 ECHELON PKWY,JACKSON,MS,Major,93823
FDO280700GK,COVERED,ACTIVE,Data Center Networking,NX9K,N9300,N9K-C93180YC-FX3,"Nexus 9300 48p 1/10/25G, 6p 40/100G, MACsec,SyncE",Hardware,CHASSIS,Others,Others,,1,4/21/24,4/20/31,2031,2031 Q3,SNT,205483789,4/22/24,2024,2024 Q3,,,,,,,N,ENTERGY CORPORATION,181149,ENTERGY SERVICES INC,26853,ENTERGY SERVICES LLC,327996889,"ENTERGY SERVICES, LLC",1021009583,1300 ECHELON PKWY,JACKSON,MS,Major,93824
FDO280700LN,COVERED,ACTIVE,Data Center Networking,NX9K,N9300,N9K-C93180YC-FX3,"Nexus 9300 48p 1/10/25G, 6p 40/100G, MACsec,SyncE",Hardware,CHASSIS,Others,Others,,1,4/21/24,4/20/31,2031,2031 Q3,SNT,205483789,4/22/24,2024,2024 Q3,,,,,,,N,ENTERGY CORPORATION,181149,ENTERGY SERVICES INC,26853,ENTERGY SERVICES LLC,327996889,"ENTERGY SERVICES, LLC",1021009583,1300 ECHELON PKWY,JACKSON,MS,Major,93825
FDO280705FB,COVERED,ACTIVE,Data Center Networking,NX9K,N9300,N9K-C93180YC-FX3,"Nexus 9300 48p 1/10/25G, 6p 40/100G, MACsec,SyncE",Hardware,CHASSIS,Others,Others,,1,4/21/24,4/20/31,2031,2031 Q3,SNT,205483789,4/22/24,2024,2024 Q3,,,,,,,N,ENTERGY CORPORATION,181149,ENTERGY SERVICES INC,26853,ENTERGY SERVICES LLC,327996889,"ENTERGY SERVICES, LLC",1021009583,1300 ECHELON PKWY,JACKSON,MS,Major,93831
FDO280705FC,COVERED,ACTIVE,Data Center Networking,NX9K,N9300,N9K-C93180YC-FX3,"Nexus 9300 48p 1/10/25G, 6p 40/100G, MACsec,SyncE",Hardware,CHASSIS,Others,Others,,1,4/21/24,4/20/31,2031,2031 Q3,SNT,205483789,4/22/24,2024,2024 Q3,,,,,,,N,ENTERGY CORPORATION,181149,ENTERGY SERVICES INC,26853,ENTERGY SERVICES LLC,327996889,"ENTERGY SERVICES, LLC",1021009583,1300 ECHELON PKWY,JACKSON,MS,Major,93827
FDO280705FD,COVERED,ACTIVE,Data Center Networking,NX9K,N9300,N9K-C93180YC-FX3,"Nexus 9300 48p 1/10/25G, 6p 40/100G, MACsec,SyncE",Hardware,CHASSIS,Others,Others,,1,4/21/24,4/20/31,2031,2031 Q3,SNT,205483789,4/22/24,2024,2024 Q3,,,,,,,N,ENTERGY CORPORATION,181149,ENTERGY SERVICES INC,26853,ENTERGY SERVICES LLC,327996889,"ENTERGY SERVICES, LLC",1021009583,1300 ECHELON PKWY,JACKSON,MS,Major,93828
FDO280705FE,COVERED,ACTIVE,Data Center Networking,NX9K,N9300,N9K-C93180YC-FX3,"Nexus 9300 48p 1/10/25G, 6p 40/100G, MACsec,SyncE",Hardware,CHASSIS,Others,Others,,1,4/21/24,4/20/31,2031,2031 Q3,SNT,205483789,4/22/24,2024,2024 Q3,,,,,,,N,ENTERGY CORPORATION,181149,ENTERGY SERVICES INC,26853,ENTERGY SERVICES LLC,327996889,"ENTERGY SERVICES, LLC",1021009583,1300 ECHELON PKWY,JACKSON,MS,Major,93829
FDO280705FG,COVERED,ACTIVE,Data Center Networking,NX9K,N9300,N9K-C93180YC-FX3,"Nexus 9300 48p 1/10/25G, 6p 40/100G, MACsec,SyncE",Hardware,CHASSIS,Others,Others,,1,4/21/24,4/20/31,2031,2031 Q3,SNT,205483789,4/22/24,2024,2024 Q3,,,,,,,N,ENTERGY CORPORATION,181149,ENTERGY SERVICES INC,26853,ENTERGY LITTLE ROCK DATA CENTER,398198023,ENTERGY LITTLE ROCK DATA CENTER,1057786727,700 LOUISIANA ST,LITTLE ROCK,AR,Major,93838
FDO280709EJ,COVERED,ACTIVE,Data Center Networking,NX9K,N9300,N9K-C93180YC-FX3,"Nexus 9300 48p 1/10/25G, 6p 40/100G, MACsec,SyncE",Hardware,CHASSIS,Others,Others,,1,4/21/24,4/20/31,2031,2031 Q3,SNT,205483789,4/22/24,2024,2024 Q3,,,,,,,N,ENTERGY CORPORATION,181149,ENTERGY SERVICES INC,26853,ENTERGY SERVICES LLC,327996889,"ENTERGY SERVICES, LLC",1021009583,1300 ECHELON PKWY,JACKSON,MS,Major,93830
FDO280709FF,COVERED,ACTIVE,Data Center Networking,NX9K,N9300,N9K-C93180YC-FX3,"Nexus 9300 48p 1/10/25G, 6p 40/100G, MACsec,SyncE",Hardware,CHASSIS,Others,Others,,1,4/21/24,4/20/31,2031,2031 Q3,SNT,205483789,4/22/24,2024,2024 Q3,,,,,,,N,ENTERGY CORPORATION,181149,ENTERGY SERVICES INC,26853,ENTERGY SERVICES LLC,327996889,"ENTERGY SERVICES, LLC",1021009583,1300 ECHELON PKWY,JACKSON,MS,Major,93826
FDO280709G8,COVERED,ACTIVE,Data Center Networking,NX9K,N9300,N9K-C93180YC-FX3,"Nexus 9300 48p 1/10/25G, 6p 40/100G, MACsec,SyncE",Hardware,CHASSIS,Others,Others,,1,4/21/24,4/20/31,2031,2031 Q3,SNT,205483789,4/22/24,2024,2024 Q3,,,,,,,N,ENTERGY CORPORATION,181149,ENTERGY SERVICES INC,26853,ENTERGY LITTLE ROCK DATA CENTER,398198023,ENTERGY LITTLE ROCK DATA CENTER,1057786727,700 LOUISIANA ST,LITTLE ROCK,AR,Major,93835
FDO280709G9,COVERED,ACTIVE,Data Center Networking,NX9K,N9300,N9K-C93180YC-FX3,"Nexus 9300 48p 1/10/25G, 6p 40/100G, MACsec,SyncE",Hardware,CHASSIS,Others,Others,,1,4/21/24,4/20/31,2031,2031 Q3,SNT,205483789,4/22/24,2024,2024 Q3,,,,,,,N,ENTERGY CORPORATION,181149,ENTERGY SERVICES INC,26853,ENTERGY LITTLE ROCK DATA CENTER,398198023,ENTERGY LITTLE ROCK DATA CENTER,1057786727,700 LOUISIANA ST,LITTLE ROCK,AR,Major,93832
FDO280709GB,COVERED,ACTIVE,Data Center Networking,NX9K,N9300,N9K-C93180YC-FX3,"Nexus 9300 48p 1/10/25G, 6p 40/100G, MACsec,SyncE",Hardware,CHASSIS,Others,Others,,1,4/21/24,4/20/31,2031,2031 Q3,SNT,205483789,4/22/24,2024,2024 Q3,,,,,,,N,ENTERGY CORPORATION,181149,ENTERGY SERVICES INC,26853,ENTERGY LITTLE ROCK DATA CENTER,398198023,ENTERGY LITTLE ROCK DATA CENTER,1057786727,700 LOUISIANA ST,LITTLE ROCK,AR,Major,93833
FDO280709P2,COVERED,ACTIVE,Data Center Networking,NX9K,N9300,N9K-C93180YC-FX3,"Nexus 9300 48p 1/10/25G, 6p 40/100G, MACsec,SyncE",Hardware,CHASSIS,Others,Others,,1,4/21/24,4/20/31,2031,2031 Q3,SNT,205483789,4/22/24,2024,2024 Q3,,,,,,,N,ENTERGY CORPORATION,181149,ENTERGY SERVICES INC,26853,ENTERGY LITTLE ROCK DATA CENTER,398198023,ENTERGY LITTLE ROCK DATA CENTER,1057786727,700 LOUISIANA ST,LITTLE ROCK,AR,Major,93834
FDO280709UV,COVERED,ACTIVE,Data Center Networking,NX9K,N9300,N9K-C93180YC-FX3,"Nexus 9300 48p 1/10/25G, 6p 40/100G, MACsec,SyncE",Hardware,CHASSIS,Others,Others,,1,4/21/24,4/20/31,2031,2031 Q3,SNT,205483789,4/22/24,2024,2024 Q3,,,,,,,N,ENTERGY CORPORATION,181149,ENTERGY SERVICES INC,26853,ENTERGY LITTLE ROCK DATA CENTER,398198023,ENTERGY LITTLE ROCK DATA CENTER,1057786727,700 LOUISIANA ST,LITTLE ROCK,AR,Major,93839
FDO280709UX,COVERED,ACTIVE,Data Center Networking,NX9K,N9300,N9K-C93180YC-FX3,"Nexus 9300 48p 1/10/25G, 6p 40/100G, MACsec,SyncE",Hardware,CHASSIS,Others,Others,,1,4/21/24,4/20/31,2031,2031 Q3,SNT,205483789,4/22/24,2024,2024 Q3,,,,,,,N,ENTERGY CORPORATION,181149,ENTERGY SERVICES INC,26853,ENTERGY LITTLE ROCK DATA CENTER,398198023,ENTERGY LITTLE ROCK DATA CENTER,1057786727,700 LOUISIANA ST,LITTLE ROCK,AR,Major,93836
FDO2808134L,COVERED,ACTIVE,Data Center Networking,NX9K,N9300,N9K-C93180YC-FX3,"Nexus 9300 48p 1/10/25G, 6p 40/100G, MACsec,SyncE",Hardware,CHASSIS,Others,Others,,1,4/21/24,4/20/31,2031,2031 Q3,SNT,204791607,4/22/24,2024,2024 Q3,,,,,,,N,ENTERGY CORPORATION,181149,ENTERGY SERVICES INC,26853,ENTERGY LITTLE ROCK DATA CENTER,398198023,ENTERGY LITTLE ROCK DATA CENTER,1057786727,700 LOUISIANA ST,LITTLE ROCK,AR,Major,93818
FDO2808135N,COVERED,ACTIVE,Data Center Networking,NX9K,N9300,N9K-C93180YC-FX3,"Nexus 9300 48p 1/10/25G, 6p 40/100G, MACsec,SyncE",Hardware,CHASSIS,Others,Others,,1,4/21/24,4/20/31,2031,2031 Q3,SNT,205483789,4/22/24,2024,2024 Q3,,,,,,,N,ENTERGY CORPORATION,181149,ENTERGY SERVICES INC,26853,ENTERGY SERVICES LLC,327996889,"ENTERGY SERVICES, LLC",1021009583,1300 ECHELON PKWY,JACKSON,MS,Major,93840
FDO2808135P,COVERED,ACTIVE,Data Center Networking,NX9K,N9300,N9K-C93180YC-FX3,"Nexus 9300 48p 1/10/25G, 6p 40/100G, MACsec,SyncE",Hardware,CHASSIS,Others,Others,,1,4/21/24,4/20/31,2031,2031 Q3,SNT,205483789,4/22/24,2024,2024 Q3,,,,,,,N,ENTERGY CORPORATION,181149,ENTERGY SERVICES INC,26853,ENTERGY SERVICES LLC,327996889,"ENTERGY SERVICES, LLC",1021009583,1300 ECHELON PKWY,JACKSON,MS,Major,93841
FDO2808135Q,COVERED,ACTIVE,Data Center Networking,NX9K,N9300,N9K-C93180YC-FX3,"Nexus 9300 48p 1/10/25G, 6p 40/100G, MACsec,SyncE",Hardware,CHASSIS,Others,Others,,1,4/21/24,4/20/31,2031,2031 Q3,SNT,205483789,4/22/24,2024,2024 Q3,,,,,,,N,ENTERGY CORPORATION,181149,ENTERGY SERVICES INC,26853,ENTERGY SERVICES LLC,327996889,"ENTERGY SERVICES, LLC",1021009583,1300 ECHELON PKWY,JACKSON,MS,Major,93842
FDO2808135S,COVERED,ACTIVE,Data Center Networking,NX9K,N9300,N9K-C93180YC-FX3,"Nexus 9300 48p 1/10/25G, 6p 40/100G, MACsec,SyncE",Hardware,CHASSIS,Others,Others,,1,4/21/24,4/20/31,2031,2031 Q3,SNT,205483789,4/22/24,2024,2024 Q3,,,,,,,N,ENTERGY CORPORATION,181149,ENTERGY SERVICES INC,26853,ENTERGY SERVICES LLC,327996889,"ENTERGY SERVICES, LLC",1021009583,1300 ECHELON PKWY,JACKSON,MS,Major,93843
FDO28081366,COVERED,ACTIVE,Data Center Networking,NX9K,N9300,N9K-C93180YC-FX3,"Nexus 9300 48p 1/10/25G, 6p 40/100G, MACsec,SyncE",Hardware,CHASSIS,Others,Others,,1,4/21/24,4/20/31,2031,2031 Q3,SNT,205483789,4/22/24,2024,2024 Q3,,,,,,,N,ENTERGY CORPORATION,181149,ENTERGY SERVICES INC,26853,ENTERGY SERVICES LLC,327996889,"ENTERGY SERVICES, LLC",1021009583,1300 ECHELON PKWY,JACKSON,MS,Major,93844
FDO28081367,COVERED,ACTIVE,Data Center Networking,NX9K,N9300,N9K-C93180YC-FX3,"Nexus 9300 48p 1/10/25G, 6p 40/100G, MACsec,SyncE",Hardware,CHASSIS,Others,Others,,1,4/21/24,4/20/31,2031,2031 Q3,SNT,205483789,4/22/24,2024,2024 Q3,,,,,,,N,ENTERGY CORPORATION,181149,ENTERGY SERVICES INC,26853,ENTERGY SERVICES LLC,327996889,"ENTERGY SERVICES, LLC",1021009583,1300 ECHELON PKWY,JACKSON,MS,Major,93845
FDO2808136A,COVERED,ACTIVE,Data Center Networking,NX9K,N9300,N9K-C93180YC-FX3,"Nexus 9300 48p 1/10/25G, 6p 40/100G, MACsec,SyncE",Hardware,CHASSIS,Others,Others,,1,4/21/24,4/20/31,2031,2031 Q3,SNT,205483789,4/22/24,2024,2024 Q3,,,,,,,N,ENTERGY CORPORATION,181149,ENTERGY SERVICES INC,26853,ENTERGY SERVICES LLC,327996889,"ENTERGY SERVICES, LLC",1021009583,1300 ECHELON PKWY,JACKSON,MS,Major,93853
FDO2808136Z,COVERED,ACTIVE,Data Center Networking,NX9K,N9300,N9K-C93180YC-FX3,"Nexus 9300 48p 1/10/25G, 6p 40/100G, MACsec,SyncE",Hardware,CHASSIS,Others,Others,,1,4/21/24,4/20/31,2031,2031 Q3,SNT,205483789,4/22/24,2024,2024 Q3,,,,,,,N,ENTERGY CORPORATION,181149,ENTERGY SERVICES INC,26853,ENTERGY SERVICES LLC,327996889,"ENTERGY SERVICES, LLC",1021009583,1300 ECHELON PKWY,JACKSON,MS,Major,93847
FDO28081382,COVERED,ACTIVE,Data Center Networking,NX9K,N9300,N9K-C93180YC-FX3,"Nexus 9300 48p 1/10/25G, 6p 40/100G, MACsec,SyncE",Hardware,CHASSIS,Others,Others,,1,4/21/24,4/20/31,2031,2031 Q3,SNT,205483789,4/22/24,2024,2024 Q3,,,,,,,N,ENTERGY CORPORATION,181149,ENTERGY SERVICES INC,26853,ENTERGY SERVICES LLC,327996889,"ENTERGY SERVICES, LLC",1021009583,1300 ECHELON PKWY,JACKSON,MS,Major,93848
FDO280813CT,COVERED,ACTIVE,Data Center Networking,NX9K,N9300,N9K-C93180YC-FX3,"Nexus 9300 48p 1/10/25G, 6p 40/100G, MACsec,SyncE",Hardware,CHASSIS,Others,Others,,1,4/21/24,4/20/31,2031,2031 Q3,SNT,204791607,4/22/24,2024,2024 Q3,,,,,,,N,ENTERGY CORPORATION,181149,ENTERGY SERVICES INC,26853,ENTERGY LITTLE ROCK DATA CENTER,398198023,ENTERGY LITTLE ROCK DATA CENTER,1057786727,700 LOUISIANA ST,LITTLE ROCK,AR,Major,93821
FDO280813DG,COVERED,ACTIVE,Data Center Networking,NX9K,N9300,N9K-C93180YC-FX3,"Nexus 9300 48p 1/10/25G, 6p 40/100G, MACsec,SyncE",Hardware,CHASSIS,Others,Others,,1,4/21/24,4/20/31,2031,2031 Q3,SNT,205483789,4/22/24,2024,2024 Q3,,,,,,,N,ENTERGY CORPORATION,181149,ENTERGY SERVICES INC,26853,ENTERGY SERVICES LLC,327996889,"ENTERGY SERVICES, LLC",1021009583,1300 ECHELON PKWY,JACKSON,MS,Major,93849
FDO280813EX,COVERED,ACTIVE,Data Center Networking,NX9K,N9300,N9K-C93180YC-FX3,"Nexus 9300 48p 1/10/25G, 6p 40/100G, MACsec,SyncE",Hardware,CHASSIS,Others,Others,,1,4/21/24,4/20/31,2031,2031 Q3,SNT,205483789,4/22/24,2024,2024 Q3,,,,,,,N,ENTERGY CORPORATION,181149,ENTERGY SERVICES INC,26853,ENTERGY SERVICES LLC,327996889,"ENTERGY SERVICES, LLC",1021009583,1300 ECHELON PKWY,JACKSON,MS,Major,93850
FDO280813EY,COVERED,ACTIVE,Data Center Networking,NX9K,N9300,N9K-C93180YC-FX3,"Nexus 9300 48p 1/10/25G, 6p 40/100G, MACsec,SyncE",Hardware,CHASSIS,Others,Others,,1,4/21/24,4/20/31,2031,2031 Q3,SNT,205483789,4/22/24,2024,2024 Q3,,,,,,,N,ENTERGY CORPORATION,181149,ENTERGY SERVICES INC,26853,ENTERGY SERVICES LLC,327996889,"ENTERGY SERVICES, LLC",1021009583,1300 ECHELON PKWY,JACKSON,MS,Major,93851
FDO280813EZ,COVERED,ACTIVE,Data Center Networking,NX9K,N9300,N9K-C93180YC-FX3,"Nexus 9300 48p 1/10/25G, 6p 40/100G, MACsec,SyncE",Hardware,CHASSIS,Others,Others,,1,4/21/24,4/20/31,2031,2031 Q3,SNT,205483789,4/22/24,2024,2024 Q3,,,,,,,N,ENTERGY CORPORATION,181149,ENTERGY SERVICES INC,26853,ENTERGY SERVICES LLC,327996889,"ENTERGY SERVICES, LLC",1021009583,1300 ECHELON PKWY,JACKSON,MS,Major,93852
FDO280813FD,COVERED,ACTIVE,Data Center Networking,NX9K,N9300,N9K-C93180YC-FX3,"Nexus 9300 48p 1/10/25G, 6p 40/100G, MACsec,SyncE",Hardware,CHASSIS,Others,Others,,1,4/21/24,4/20/31,2031,2031 Q3,SNT,204791607,4/22/24,2024,2024 Q3,,,,,,,N,ENTERGY CORPORATION,181149,ENTERGY SERVICES INC,26853,ENTERGY LITTLE ROCK DATA CENTER,398198023,ENTERGY LITTLE ROCK DATA CENTER,1057786727,700 LOUISIANA ST,LITTLE ROCK,AR,Major,93820
FDO280813FW,COVERED,ACTIVE,Data Center Networking,NX9K,N9300,N9K-C93180YC-FX3,"Nexus 9300 48p 1/10/25G, 6p 40/100G, MACsec,SyncE",Hardware,CHASSIS,Others,Others,,1,4/21/24,4/20/31,2031,2031 Q3,SNT,205483789,4/22/24,2024,2024 Q3,,,,,,,N,ENTERGY CORPORATION,181149,ENTERGY SERVICES INC,26853,ENTERGY SERVICES LLC,327996889,"ENTERGY SERVICES, LLC",1021009583,1300 ECHELON PKWY,JACKSON,MS,Major,93846
FDO280813G3,COVERED,ACTIVE,Data Center Networking,NX9K,N9300,N9K-C93180YC-FX3,"Nexus 9300 48p 1/10/25G, 6p 40/100G, MACsec,SyncE",Hardware,CHASSIS,Others,Others,,1,4/21/24,4/20/31,2031,2031 Q3,SNT,204791607,4/22/24,2024,2024 Q3,,,,,,,N,ENTERGY CORPORATION,181149,ENTERGY SERVICES INC,26853,ENTERGY LITTLE ROCK DATA CENTER,398198023,ENTERGY LITTLE ROCK DATA CENTER,1057786727,700 LOUISIANA ST,LITTLE ROCK,AR,Major,93819
FDO280813GE,COVERED,ACTIVE,Data Center Networking,NX9K,N9300,N9K-C93180YC-FX3,"Nexus 9300 48p 1/10/25G, 6p 40/100G, MACsec,SyncE",Hardware,CHASSIS,Others,Others,,1,4/21/24,4/20/31,2031,2031 Q3,SNT,205483789,4/22/24,2024,2024 Q3,,,,,,,N,ENTERGY CORPORATION,181149,ENTERGY SERVICES INC,26853,ENTERGY LITTLE ROCK DATA CENTER,398198023,ENTERGY LITTLE ROCK DATA CENTER,1057786727,700 LOUISIANA ST,LITTLE ROCK,AR,Major,93837
FDO280902C5,COVERED,ACTIVE,Data Center Networking,NX9K,N9300,N9K-C9348GC-FXP,"Nexus 9300 with 48p 100M/1GT, 4p 10/25G & 2p 40/100G QSFP28",Hardware,CHASSIS,Others,Others,,1,4/22/24,4/21/31,2031,2031 Q3,SNT,205483789,4/22/24,2024,2024 Q3,,,,,,,N,ENTERGY CORPORATION,181149,ENTERGY SERVICES INC,26853,ENTERGY SERVICES LLC,327996889,"ENTERGY SERVICES, LLC",1021009583,1300 ECHELON PKWY,JACKSON,MS,Major,93866
FDO280902CL,COVERED,ACTIVE,Data Center Networking,NX9K,N9300,N9K-C9348GC-FXP,"Nexus 9300 with 48p 100M/1GT, 4p 10/25G & 2p 40/100G QSFP28",Hardware,CHASSIS,Others,Others,,1,4/22/24,4/21/31,2031,2031 Q3,SNT,205483789,4/22/24,2024,2024 Q3,,,,,,,N,ENTERGY CORPORATION,181149,ENTERGY SERVICES INC,26853,ENTERGY SERVICES LLC,327996889,"ENTERGY SERVICES, LLC",1021009583,1300 ECHELON PKWY,JACKSON,MS,Major,93864
FDO280902LV,COVERED,ACTIVE,Data Center Networking,NX9K,N9300,N9K-C9348GC-FXP,"Nexus 9300 with 48p 100M/1GT, 4p 10/25G & 2p 40/100G QSFP28",Hardware,CHASSIS,Others,Others,,1,4/22/24,4/21/31,2031,2031 Q3,SNT,205483789,4/22/24,2024,2024 Q3,,,,,,,N,ENTERGY CORPORATION,181149,ENTERGY SERVICES INC,26853,ENTERGY SERVICES LLC,327996889,"ENTERGY SERVICES, LLC",1021009583,1300 ECHELON PKWY,JACKSON,MS,Major,93862
FDO280902M6,COVERED,ACTIVE,Data Center Networking,NX9K,N9300,N9K-C9348GC-FXP,"Nexus 9300 with 48p 100M/1GT, 4p 10/25G & 2p 40/100G QSFP28",Hardware,CHASSIS,Others,Others,,1,4/22/24,4/21/31,2031,2031 Q3,SNT,205483789,4/22/24,2024,2024 Q3,,,,,,,N,ENTERGY CORPORATION,181149,ENTERGY SERVICES INC,26853,ENTERGY SERVICES LLC,327996889,"ENTERGY SERVICES, LLC",1021009583,1300 ECHELON PKWY,JACKSON,MS,Major,93863
FDO281007HC,COVERED,ACTIVE,Data Center Networking,NX9K,N9300,N9K-C9348GC-FXP,"Nexus 9300 with 48p 100M/1GT, 4p 10/25G & 2p 40/100G QSFP28",Hardware,CHASSIS,Others,Others,,1,4/22/24,4/21/31,2031,2031 Q3,SNT,205483789,4/22/24,2024,2024 Q3,,,,,,,N,ENTERGY CORPORATION,181149,ENTERGY SERVICES INC,26853,ENTERGY SERVICES LLC,327996889,"ENTERGY SERVICES, LLC",1021009583,1300 ECHELON PKWY,JACKSON,MS,Major,93867
FDO281007KV,COVERED,ACTIVE,Data Center Networking,NX9K,N9300,N9K-C9348GC-FXP,"Nexus 9300 with 48p 100M/1GT, 4p 10/25G & 2p 40/100G QSFP28",Hardware,CHASSIS,Others,Others,,1,4/22/24,4/21/31,2031,2031 Q3,SNT,205483789,4/22/24,2024,2024 Q3,,,,,,,N,ENTERGY CORPORATION,181149,ENTERGY SERVICES INC,26853,ENTERGY SERVICES LLC,327996889,"ENTERGY SERVICES, LLC",1021009583,1300 ECHELON PKWY,JACKSON,MS,Major,93865
FLM2809078U,COVERED,ACTIVE,Data Center Networking,NX9K,N9300,N9K-C9348GC-FXP,"Nexus 9300 with 48p 100M/1GT, 4p 10/25G & 2p 40/100G QSFP28",Hardware,CHASSIS,Others,Others,,1,4/29/24,4/28/31,2031,2031 Q4,SNT,205483789,4/29/24,2024,2024 Q4,,,,,,,N,ENTERGY CORPORATION,181149,ENTERGY SERVICES INC,26853,ENTERGY LITTLE ROCK DATA CENTER,398198023,ENTERGY LITTLE ROCK DATA CENTER,1057786727,700 LOUISIANA ST,LITTLE ROCK,AR,Major,93956
FLM280907HV,COVERED,ACTIVE,Data Center Networking,NX9K,N9300,N9K-C9348GC-FXP,"Nexus 9300 with 48p 100M/1GT, 4p 10/25G & 2p 40/100G QSFP28",Hardware,CHASSIS,Others,Others,,1,4/29/24,4/28/31,2031,2031 Q4,SNT,205483789,4/29/24,2024,2024 Q4,,,,,,,N,ENTERGY CORPORATION,181149,ENTERGY SERVICES INC,26853,ENTERGY LITTLE ROCK DATA CENTER,398198023,ENTERGY LITTLE ROCK DATA CENTER,1057786727,700 LOUISIANA ST,LITTLE ROCK,AR,Major,93957
FLM281507D9,COVERED,ACTIVE,Data Center Networking,NX9K,N9300,N9K-C9348GC-FXP,"Nexus 9300 with 48p 100M/1GT, 4p 10/25G & 2p 40/100G QSFP28",Hardware,CHASSIS,Others,Others,,1,4/29/24,4/28/31,2031,2031 Q4,SNT,205483789,4/29/24,2024,2024 Q4,,,,,,,N,ENTERGY CORPORATION,181149,ENTERGY SERVICES INC,26853,ENTERGY LITTLE ROCK DATA CENTER,398198023,ENTERGY LITTLE ROCK DATA CENTER,1057786727,700 LOUISIANA ST,LITTLE ROCK,AR,Major,93958
FLM281507VC,COVERED,ACTIVE,Data Center Networking,NX9K,N9300,N9K-C9348GC-FXP,"Nexus 9300 with 48p 100M/1GT, 4p 10/25G & 2p 40/100G QSFP28",Hardware,CHASSIS,Others,Others,,1,4/29/24,4/28/31,2031,2031 Q4,SNT,205483789,4/29/24,2024,2024 Q4,,,,,,,N,ENTERGY CORPORATION,181149,ENTERGY SERVICES INC,26853,ENTERGY LITTLE ROCK DATA CENTER,398198023,ENTERGY LITTLE ROCK DATA CENTER,1057786727,700 LOUISIANA ST,LITTLE ROCK,AR,Major,93959
FLM281507VE,COVERED,ACTIVE,Data Center Networking,NX9K,N9300,N9K-C9348GC-FXP,"Nexus 9300 with 48p 100M/1GT, 4p 10/25G & 2p 40/100G QSFP28",Hardware,CHASSIS,Others,Others,,1,4/29/24,4/28/31,2031,2031 Q4,SNT,205483789,4/29/24,2024,2024 Q4,,,,,,,N,ENTERGY CORPORATION,181149,ENTERGY SERVICES INC,26853,ENTERGY LITTLE ROCK DATA CENTER,398198023,ENTERGY LITTLE ROCK DATA CENTER,1057786727,700 LOUISIANA ST,LITTLE ROCK,AR,Major,93964
FLM281507VX,COVERED,ACTIVE,Data Center Networking,NX9K,N9300,N9K-C9348GC-FXP,"Nexus 9300 with 48p 100M/1GT, 4p 10/25G & 2p 40/100G QSFP28",Hardware,CHASSIS,Others,Others,,1,4/29/24,4/28/31,2031,2031 Q4,SNT,205483789,4/29/24,2024,2024 Q4,,,,,,,N,ENTERGY CORPORATION,181149,ENTERGY SERVICES INC,26853,ENTERGY LITTLE ROCK DATA CENTER,398198023,ENTERGY LITTLE ROCK DATA CENTER,1057786727,700 LOUISIANA ST,LITTLE ROCK,AR,Major,93961
FLM281507WH,COVERED,ACTIVE,Data Center Networking,NX9K,N9300,N9K-C9348GC-FXP,"Nexus 9300 with 48p 100M/1GT, 4p 10/25G & 2p 40/100G QSFP28",Hardware,CHASSIS,Others,Others,,1,4/29/24,4/28/31,2031,2031 Q4,SNT,205483789,4/29/24,2024,2024 Q4,,,,,,,N,ENTERGY CORPORATION,181149,ENTERGY SERVICES INC,26853,ENTERGY LITTLE ROCK DATA CENTER,398198023,ENTERGY LITTLE ROCK DATA CENTER,1057786727,700 LOUISIANA ST,LITTLE ROCK,AR,Major,93962
FLM281507XC,COVERED,ACTIVE,Data Center Networking,NX9K,N9300,N9K-C9348GC-FXP,"Nexus 9300 with 48p 100M/1GT, 4p 10/25G & 2p 40/100G QSFP28",Hardware,CHASSIS,Others,Others,,1,4/29/24,4/28/31,2031,2031 Q4,SNT,205483789,4/29/24,2024,2024 Q4,,,,,,,N,ENTERGY CORPORATION,181149,ENTERGY SERVICES INC,26853,ENTERGY LITTLE ROCK DATA CENTER,398198023,ENTERGY LITTLE ROCK DATA CENTER,1057786727,700 LOUISIANA ST,LITTLE ROCK,AR,Major,93963
FLM281507ZH,COVERED,ACTIVE,Data Center Networking,NX9K,N9300,N9K-C9348GC-FXP,"Nexus 9300 with 48p 100M/1GT, 4p 10/25G & 2p 40/100G QSFP28",Hardware,CHASSIS,Others,Others,,1,4/29/24,4/28/31,2031,2031 Q4,SNT,205483789,4/29/24,2024,2024 Q4,,,,,,,N,ENTERGY CORPORATION,181149,ENTERGY SERVICES INC,26853,ENTERGY LITTLE ROCK DATA CENTER,398198023,ENTERGY LITTLE ROCK DATA CENTER,1057786727,700 LOUISIANA ST,LITTLE ROCK,AR,Major,93960
FDO2810124M,COVERED,ACTIVE,Data Center Networking,NX9K,N9300,N9K-C93180YC-FX3,"Nexus 9300 48p 1/10/25G, 6p 40/100G, MACsec,SyncE",Hardware,CHASSIS,Others,Others,,1,5/7/24,5/6/31,2031,2031 Q4,SNT,205483789,5/8/24,2024,2024 Q4,,,,,,,N,ENTERGY CORPORATION,181149,ENTERGY SERVICES INC,26853,ENTERGY SERVICES LLC,327996889,"ENTERGY SERVICES, LLC",1021009583,1300 ECHELON PKWY,JACKSON,MS,Major,94185
FDO28110PLU,COVERED,ACTIVE,Data Center Networking,NX9K,N9300,N9K-C93180YC-FX3,"Nexus 9300 48p 1/10/25G, 6p 40/100G, MACsec,SyncE",Hardware,CHASSIS,Others,Others,,1,5/7/24,5/6/31,2031,2031 Q4,SNT,205483789,5/8/24,2024,2024 Q4,,,,,,,N,ENTERGY CORPORATION,181149,ENTERGY SERVICES INC,26853,ENTERGY SERVICES LLC,327996889,"ENTERGY SERVICES, LLC",1021009583,1300 ECHELON PKWY,JACKSON,MS,Major,94184
FDO281204P2,COVERED,ACTIVE,Data Center Networking,NX9K,N9300,N9K-C93180YC-FX3,"Nexus 9300 48p 1/10/25G, 6p 40/100G, MACsec,SyncE",Hardware,CHASSIS,Others,Others,,1,5/7/24,5/6/31,2031,2031 Q4,SNT,205483789,5/8/24,2024,2024 Q4,,,,,,,N,ENTERGY CORPORATION,181149,ENTERGY SERVICES INC,26853,ENTERGY SERVICES LLC,327996889,"ENTERGY SERVICES, LLC",1021009583,1300 ECHELON PKWY,JACKSON,MS,Major,94187
FDO28120F5W,COVERED,ACTIVE,Data Center Networking,NX9K,N9300,N9K-C93180YC-FX3,"Nexus 9300 48p 1/10/25G, 6p 40/100G, MACsec,SyncE",Hardware,CHASSIS,Others,Others,,1,5/7/24,5/6/31,2031,2031 Q4,SNT,204781676,5/8/24,2024,2024 Q4,,,,,,,N,ENTERGY CORPORATION,181149,ENTERGY SERVICES INC,26853,ENTERGY SERVICES LLC,327996889,"ENTERGY SERVICES, LLC",1021009583,1300 ECHELON PKWY,JACKSON,MS,Major,94189
FDO28120F65,COVERED,ACTIVE,Data Center Networking,NX9K,N9300,N9K-C93180YC-FX3,"Nexus 9300 48p 1/10/25G, 6p 40/100G, MACsec,SyncE",Hardware,CHASSIS,Others,Others,,1,5/8/24,5/7/31,2031,2031 Q4,SNT,205483789,5/8/24,2024,2024 Q4,,,,,,,N,ENTERGY CORPORATION,181149,ENTERGY SERVICES INC,26853,ENTERGY-LITTLE ROCK DATA CENTER,256069912,ENTERGY LITTLE ROCK DATA CENTER,1047829814,700 SOUTH LOUSIANA ST. A-DC-BA,LITTLE ROCK,AR,Major,94199
FDO28120F7C,COVERED,ACTIVE,Data Center Networking,NX9K,N9300,N9K-C93180YC-FX3,"Nexus 9300 48p 1/10/25G, 6p 40/100G, MACsec,SyncE",Hardware,CHASSIS,Others,Others,,1,5/8/24,5/7/31,2031,2031 Q4,SNT,205483789,5/8/24,2024,2024 Q4,,,,,,,N,ENTERGY CORPORATION,181149,ENTERGY SERVICES INC,26853,ENTERGY-LITTLE ROCK DATA CENTER,256069912,ENTERGY LITTLE ROCK DATA CENTER,1047829814,700 SOUTH LOUSIANA ST. A-DC-BA,LITTLE ROCK,AR,Major,94201
FDO28120FA2,COVERED,ACTIVE,Data Center Networking,NX9K,N9300,N9K-C93180YC-FX3,"Nexus 9300 48p 1/10/25G, 6p 40/100G, MACsec,SyncE",Hardware,CHASSIS,Others,Others,,1,5/8/24,5/7/31,2031,2031 Q4,SNT,205483789,5/8/24,2024,2024 Q4,,,,,,,N,ENTERGY CORPORATION,181149,ENTERGY SERVICES INC,26853,ENTERGY-LITTLE ROCK DATA CENTER,256069912,ENTERGY LITTLE ROCK DATA CENTER,1047829814,700 SOUTH LOUSIANA ST. A-DC-BA,LITTLE ROCK,AR,Major,94197
FDO28120FAM,COVERED,ACTIVE,Data Center Networking,NX9K,N9300,N9K-C93180YC-FX3,"Nexus 9300 48p 1/10/25G, 6p 40/100G, MACsec,SyncE",Hardware,CHASSIS,Others,Others,,1,5/8/24,5/7/31,2031,2031 Q4,SNT,205483789,5/8/24,2024,2024 Q4,,,,,,,N,ENTERGY CORPORATION,181149,ENTERGY SERVICES INC,26853,ENTERGY-LITTLE ROCK DATA CENTER,256069912,ENTERGY LITTLE ROCK DATA CENTER,1047829814,700 SOUTH LOUSIANA ST. A-DC-BA,LITTLE ROCK,AR,Major,94200
FDO28120FAY,COVERED,ACTIVE,Data Center Networking,NX9K,N9300,N9K-C93180YC-FX3,"Nexus 9300 48p 1/10/25G, 6p 40/100G, MACsec,SyncE",Hardware,CHASSIS,Others,Others,,1,5/8/24,5/7/31,2031,2031 Q4,SNT,205483789,5/8/24,2024,2024 Q4,,,,,,,N,ENTERGY CORPORATION,181149,ENTERGY SERVICES INC,26853,ENTERGY-LITTLE ROCK DATA CENTER,256069912,ENTERGY LITTLE ROCK DATA CENTER,1047829814,700 SOUTH LOUSIANA ST. A-DC-BA,LITTLE ROCK,AR,Major,94198
FDO28120FC1,COVERED,ACTIVE,Data Center Networking,NX9K,N9300,N9K-C93180YC-FX3,"Nexus 9300 48p 1/10/25G, 6p 40/100G, MACsec,SyncE",Hardware,CHASSIS,Others,Others,,1,5/8/24,5/7/31,2031,2031 Q4,SNT,205483789,5/8/24,2024,2024 Q4,,,,,,,N,ENTERGY CORPORATION,181149,ENTERGY SERVICES INC,26853,ENTERGY-LITTLE ROCK DATA CENTER,256069912,ENTERGY LITTLE ROCK DATA CENTER,1047829814,700 SOUTH LOUSIANA ST. A-DC-BA,LITTLE ROCK,AR,Major,94196
FDO28120FC2,COVERED,ACTIVE,Data Center Networking,NX9K,N9300,N9K-C93180YC-FX3,"Nexus 9300 48p 1/10/25G, 6p 40/100G, MACsec,SyncE",Hardware,CHASSIS,Others,Others,,1,5/7/24,5/6/31,2031,2031 Q4,SNT,204781676,5/8/24,2024,2024 Q4,,,,,,,N,ENTERGY CORPORATION,181149,ENTERGY SERVICES INC,26853,ENTERGY SERVICES LLC,327996889,"ENTERGY SERVICES, LLC",1021009583,1300 ECHELON PKWY,JACKSON,MS,Major,94188
FDO28120MS8,COVERED,ACTIVE,Data Center Networking,NX9K,N9300,N9K-C93180YC-FX3,"Nexus 9300 48p 1/10/25G, 6p 40/100G, MACsec,SyncE",Hardware,CHASSIS,Others,Others,,1,5/7/24,5/6/31,2031,2031 Q4,SNT,205483789,5/8/24,2024,2024 Q4,,,,,,,N,ENTERGY CORPORATION,181149,ENTERGY SERVICES INC,26853,ENTERGY SERVICES LLC,327996889,"ENTERGY SERVICES, LLC",1021009583,1300 ECHELON PKWY,JACKSON,MS,Major,94186
FLM2822040R,COVERED,ACTIVE,Data Center Networking,NX9K,N9300,N9K-C93180YC-FX3,"Nexus 9300 48p 1/10/25G, 6p 40/100G, MACsec,SyncE",Hardware,CHASSIS,Others,Others,,1,6/10/24,6/9/31,2031,2031 Q4,SNT,204781676,6/11/24,2024,2024 Q4,,,,,,,N,ENTERGY CORPORATION,181149,ENTERGY CORPORATION,181149,ENTERGY SERVICES INC,26853,ENTERGY CORPORATION,1003268054,639 LOYOLA AVE,NEW ORLEANS,LA,Major,94488
FLM282205BD,COVERED,ACTIVE,Data Center Networking,NX9K,N9300,N9K-C93180YC-FX3,"Nexus 9300 48p 1/10/25G, 6p 40/100G, MACsec,SyncE",Hardware,CHASSIS,Others,Others,,1,6/10/24,6/9/31,2031,2031 Q4,SNT,204781676,6/11/24,2024,2024 Q4,,,,,,,N,ENTERGY CORPORATION,181149,ENTERGY CORPORATION,181149,ENTERGY SERVICES INC,26853,ENTERGY CORPORATION,1003268054,639 LOYOLA AVE,NEW ORLEANS,LA,Major,94484
FLM282205DG,COVERED,ACTIVE,Data Center Networking,NX9K,N9300,N9K-C93180YC-FX3,"Nexus 9300 48p 1/10/25G, 6p 40/100G, MACsec,SyncE",Hardware,CHASSIS,Others,Others,,1,6/10/24,6/9/31,2031,2031 Q4,SNT,204781676,6/11/24,2024,2024 Q4,,,,,,,N,ENTERGY CORPORATION,181149,ENTERGY CORPORATION,181149,ENTERGY SERVICES INC,26853,ENTERGY CORPORATION,1003268054,639 LOYOLA AVE,NEW ORLEANS,LA,Major,94486
FLM282206A9,COVERED,ACTIVE,Data Center Networking,NX9K,N9300,N9K-C93180YC-FX3,"Nexus 9300 48p 1/10/25G, 6p 40/100G, MACsec,SyncE",Hardware,CHASSIS,Others,Others,,1,6/10/24,6/9/31,2031,2031 Q4,SNT,204781676,6/11/24,2024,2024 Q4,,,,,,,N,ENTERGY CORPORATION,181149,ENTERGY CORPORATION,181149,ENTERGY SERVICES INC,26853,ENTERGY CORPORATION,1003268054,639 LOYOLA AVE,NEW ORLEANS,LA,Major,94485
FLM2822094G,COVERED,ACTIVE,Data Center Networking,NX9K,N9300,N9K-C93180YC-FX3,"Nexus 9300 48p 1/10/25G, 6p 40/100G, MACsec,SyncE",Hardware,CHASSIS,Others,Others,,1,6/10/24,6/9/31,2031,2031 Q4,SNT,204781676,6/11/24,2024,2024 Q4,,,,,,,N,ENTERGY CORPORATION,181149,ENTERGY CORPORATION,181149,ENTERGY SERVICES INC,26853,ENTERGY CORPORATION,1003268054,639 LOYOLA AVE,NEW ORLEANS,LA,Major,94483
FLM2822096K,COVERED,ACTIVE,Data Center Networking,NX9K,N9300,N9K-C93180YC-FX3,"Nexus 9300 48p 1/10/25G, 6p 40/100G, MACsec,SyncE",Hardware,CHASSIS,Others,Others,,1,6/10/24,6/9/31,2031,2031 Q4,SNT,204781676,6/11/24,2024,2024 Q4,,,,,,,N,ENTERGY CORPORATION,181149,ENTERGY CORPORATION,181149,ENTERGY SERVICES INC,26853,ENTERGY CORPORATION,1003268054,639 LOYOLA AVE,NEW ORLEANS,LA,Major,94487
FLM2822096N,COVERED,ACTIVE,Data Center Networking,NX9K,N9300,N9K-C93180YC-FX3,"Nexus 9300 48p 1/10/25G, 6p 40/100G, MACsec,SyncE",Hardware,CHASSIS,Others,Others,,1,6/10/24,6/9/31,2031,2031 Q4,SNT,204781676,6/11/24,2024,2024 Q4,,,,,,,N,ENTERGY CORPORATION,181149,ENTERGY CORPORATION,181149,ENTERGY SERVICES INC,26853,ENTERGY CORPORATION,1003268054,639 LOYOLA AVE,NEW ORLEANS,LA,Major,94482
FLM28220972,COVERED,ACTIVE,Data Center Networking,NX9K,N9300,N9K-C93180YC-FX3,"Nexus 9300 48p 1/10/25G, 6p 40/100G, MACsec,SyncE",Hardware,CHASSIS,Others,Others,,1,6/10/24,6/9/31,2031,2031 Q4,SNT,204781676,6/11/24,2024,2024 Q4,,,,,,,N,ENTERGY CORPORATION,181149,ENTERGY CORPORATION,181149,ENTERGY SERVICES INC,26853,ENTERGY CORPORATION,1003268054,639 LOYOLA AVE,NEW ORLEANS,LA,Major,94481
FLM282300WP,COVERED,ACTIVE,Data Center Networking,NX9K,N9300,N9K-C93180YC-FX3,"Nexus 9300 48p 1/10/25G, 6p 40/100G, MACsec,SyncE",Hardware,CHASSIS,Others,Others,,1,6/21/24,6/20/31,2031,2031 Q4,SNT,205483789,6/21/24,2024,2024 Q4,,,,,,,N,ENTERGY CORPORATION,181149,ENTERGY SERVICES INC,26853,ENTERGY SERVICES INC,888373,ENTERGY SERVICES INC,1054000226,1340 ECHELON PKWY,JACKSON,MS,Major,94603
FLM28370BAH,COVERED,ACTIVE,Data Center Networking,NX9K,N9300,N9K-C93180YC-FX3,"Nexus 9300 48p 1/10/25G, 6p 40/100G, MACsec,SyncE",Hardware,CHASSIS,Others,Others,,1,10/2/24,10/1/31,2032,2032 Q1,SNT,205483789,10/2/24,2025,2025 Q1,,,,,,,N,ENTERGY CORPORATION,181149,ENTERGY SERVICES INC,26853,ENTERGY-LITTLE ROCK DATA CENTER,256069912,ENTERGY LITTLE ROCK DATA CENTER,1047829814,700 SOUTH LOUSIANA ST. A-DC-BA,LITTLE ROCK,AR,Major,97338
FLM28370BEM,COVERED,ACTIVE,Data Center Networking,NX9K,N9300,N9K-C93180YC-FX3,"Nexus 9300 48p 1/10/25G, 6p 40/100G, MACsec,SyncE",Hardware,CHASSIS,Others,Others,,1,10/2/24,10/1/31,2032,2032 Q1,SNT,205483789,10/2/24,2025,2025 Q1,,,,,,,N,ENTERGY CORPORATION,181149,ENTERGY SERVICES INC,26853,ENTERGY SERVICES LLC,327996889,"ENTERGY SERVICES, LLC",1021009583,1300 ECHELON PKWY,JACKSON,MS,Major,97333
FLM28370BFV,COVERED,ACTIVE,Data Center Networking,NX9K,N9300,N9K-C93180YC-FX3,"Nexus 9300 48p 1/10/25G, 6p 40/100G, MACsec,SyncE",Hardware,CHASSIS,Others,Others,,1,10/2/24,10/1/31,2032,2032 Q1,SNT,205483789,10/2/24,2025,2025 Q1,,,,,,,N,ENTERGY CORPORATION,181149,ENTERGY SERVICES INC,26853,ENTERGY SERVICES LLC,327996889,"ENTERGY SERVICES, LLC",1021009583,1300 ECHELON PKWY,JACKSON,MS,Major,97331
FLM28370BGM,COVERED,ACTIVE,Data Center Networking,NX9K,N9300,N9K-C93180YC-FX3,"Nexus 9300 48p 1/10/25G, 6p 40/100G, MACsec,SyncE",Hardware,CHASSIS,Others,Others,,1,10/2/24,10/1/31,2032,2032 Q1,SNT,205483789,10/2/24,2025,2025 Q1,,,,,,,N,ENTERGY CORPORATION,181149,ENTERGY SERVICES INC,26853,ENTERGY SERVICES LLC,327996889,"ENTERGY SERVICES, LLC",1021009583,1300 ECHELON PKWY,JACKSON,MS,Major,97329
FLM283801N6,COVERED,ACTIVE,Data Center Networking,NX9K,N9300,N9K-C93180YC-FX3,"Nexus 9300 48p 1/10/25G, 6p 40/100G, MACsec,SyncE",Hardware,CHASSIS,Others,Others,,1,10/2/24,10/1/31,2032,2032 Q1,SNT,205483789,10/2/24,2025,2025 Q1,,,,,,,N,ENTERGY CORPORATION,181149,ENTERGY SERVICES INC,26853,ENTERGY SERVICES LLC,327996889,"ENTERGY SERVICES, LLC",1021009583,1300 ECHELON PKWY,JACKSON,MS,Major,97330
FLM283801NA,COVERED,ACTIVE,Data Center Networking,NX9K,N9300,N9K-C93180YC-FX3,"Nexus 9300 48p 1/10/25G, 6p 40/100G, MACsec,SyncE",Hardware,CHASSIS,Others,Others,,1,10/2/24,10/1/31,2032,2032 Q1,SNT,205483789,10/2/24,2025,2025 Q1,,,,,,,N,ENTERGY CORPORATION,181149,ENTERGY SERVICES INC,26853,ENTERGY-LITTLE ROCK DATA CENTER,256069912,ENTERGY LITTLE ROCK DATA CENTER,1047829814,700 SOUTH LOUSIANA ST. A-DC-BA,LITTLE ROCK,AR,Major,97339
FLM283801PM,COVERED,ACTIVE,Data Center Networking,NX9K,N9300,N9K-C93180YC-FX3,"Nexus 9300 48p 1/10/25G, 6p 40/100G, MACsec,SyncE",Hardware,CHASSIS,Others,Others,,1,10/2/24,10/1/31,2032,2032 Q1,SNT,205483789,10/2/24,2025,2025 Q1,,,,,,,N,ENTERGY CORPORATION,181149,ENTERGY SERVICES INC,26853,ENTERGY SERVICES LLC,327996889,"ENTERGY SERVICES, LLC",1021009583,1300 ECHELON PKWY,JACKSON,MS,Major,97334
FLM283801PV,COVERED,ACTIVE,Data Center Networking,NX9K,N9300,N9K-C93180YC-FX3,"Nexus 9300 48p 1/10/25G, 6p 40/100G, MACsec,SyncE",Hardware,CHASSIS,Others,Others,,1,10/2/24,10/1/31,2032,2032 Q1,SNT,205483789,10/2/24,2025,2025 Q1,,,,,,,N,ENTERGY CORPORATION,181149,ENTERGY SERVICES INC,26853,ENTERGY-LITTLE ROCK DATA CENTER,256069912,ENTERGY LITTLE ROCK DATA CENTER,1047829814,700 SOUTH LOUSIANA ST. A-DC-BA,LITTLE ROCK,AR,Major,97337
FLM283801SF,COVERED,ACTIVE,Data Center Networking,NX9K,N9300,N9K-C93180YC-FX3,"Nexus 9300 48p 1/10/25G, 6p 40/100G, MACsec,SyncE",Hardware,CHASSIS,Others,Others,,1,10/2/24,10/1/31,2032,2032 Q1,SNT,205483789,10/2/24,2025,2025 Q1,,,,,,,N,ENTERGY CORPORATION,181149,ENTERGY SERVICES INC,26853,ENTERGY-LITTLE ROCK DATA CENTER,256069912,ENTERGY LITTLE ROCK DATA CENTER,1047829814,700 SOUTH LOUSIANA ST. A-DC-BA,LITTLE ROCK,AR,Major,97335
FLM283801U1,COVERED,ACTIVE,Data Center Networking,NX9K,N9300,N9K-C93180YC-FX3,"Nexus 9300 48p 1/10/25G, 6p 40/100G, MACsec,SyncE",Hardware,CHASSIS,Others,Others,,1,10/2/24,10/1/31,2032,2032 Q1,SNT,205483789,10/2/24,2025,2025 Q1,,,,,,,N,ENTERGY CORPORATION,181149,ENTERGY SERVICES INC,26853,ENTERGY SERVICES LLC,327996889,"ENTERGY SERVICES, LLC",1021009583,1300 ECHELON PKWY,JACKSON,MS,Major,97332
FLM283801V3,COVERED,ACTIVE,Data Center Networking,NX9K,N9300,N9K-C93180YC-FX3,"Nexus 9300 48p 1/10/25G, 6p 40/100G, MACsec,SyncE",Hardware,CHASSIS,Others,Others,,1,10/2/24,10/1/31,2032,2032 Q1,SNT,205483789,10/2/24,2025,2025 Q1,,,,,,,N,ENTERGY CORPORATION,181149,ENTERGY SERVICES INC,26853,ENTERGY-LITTLE ROCK DATA CENTER,256069912,ENTERGY LITTLE ROCK DATA CENTER,1047829814,700 SOUTH LOUSIANA ST. A-DC-BA,LITTLE ROCK,AR,Major,97336
FLM283801W2,COVERED,ACTIVE,Data Center Networking,NX9K,N9300,N9K-C93180YC-FX3,"Nexus 9300 48p 1/10/25G, 6p 40/100G, MACsec,SyncE",Hardware,CHASSIS,Others,Others,,1,10/2/24,10/1/31,2032,2032 Q1,SNT,205483789,10/2/24,2025,2025 Q1,,,,,,,N,ENTERGY CORPORATION,181149,ENTERGY SERVICES INC,26853,ENTERGY-LITTLE ROCK DATA CENTER,256069912,ENTERGY LITTLE ROCK DATA CENTER,1047829814,700 SOUTH LOUSIANA ST. A-DC-BA,LITTLE ROCK,AR,Major,97340
FDO28350K0A,COVERED,ACTIVE,Data Center Networking,NX9K,N9300,N9K-C93180YC-FX3,"Nexus 9300 48p 1/10/25G, 6p 40/100G, MACsec,SyncE",Hardware,CHASSIS,Others,Others,,1,10/9/24,10/8/31,2032,2032 Q1,SNT,205483789,10/10/24,2025,2025 Q1,,,,,,,N,ENTERGY CORPORATION,181149,ENTERGY SERVICES INC,26853,ENTERGY-LITTLE ROCK DATA CENTER,256069912,ENTERGY LITTLE ROCK DATA CENTER,1047829814,700 SOUTH LOUSIANA ST. A-DC-BA,LITTLE ROCK,AR,Major,97370
FDO28360HDS,COVERED,ACTIVE,Data Center Networking,NX9K,N9300,N9K-C93180YC-FX3,"Nexus 9300 48p 1/10/25G, 6p 40/100G, MACsec,SyncE",Hardware,CHASSIS,Others,Others,,1,10/9/24,10/8/31,2032,2032 Q1,SNT,205483789,10/10/24,2025,2025 Q1,,,,,,,N,ENTERGY CORPORATION,181149,ENTERGY SERVICES INC,26853,ENTERGY-LITTLE ROCK DATA CENTER,256069912,ENTERGY LITTLE ROCK DATA CENTER,1047829814,700 SOUTH LOUSIANA ST. A-DC-BA,LITTLE ROCK,AR,Major,97369
FLM283908TE,COVERED,ACTIVE,Data Center Networking,NX9K,N9300,N9K-C93180YC-FX3,"Nexus 9300 48p 1/10/25G, 6p 40/100G, MACsec,SyncE",Hardware,CHASSIS,Others,Others,,1,10/28/24,10/27/29,2030,2030 Q1,SNT,205483789,10/29/24,2025,2025 Q2,,,,,,,N,ENTERGY CORPORATION,181149,ENTERGY SERVICES INC,26853,ENTERGY SERVICES INC,349719627,ENTERGY SERVICES GE (ID 55684),1061675422,17300 HIGHWAY 99,LYNNWOOD,WA,Major,97455
FLM28400C69,COVERED,ACTIVE,Data Center Networking,NX9K,N9300,N9K-C93180YC-FX3,"Nexus 9300 48p 1/10/25G, 6p 40/100G, MACsec,SyncE",Hardware,CHASSIS,Others,Others,,1,10/28/24,10/27/29,2030,2030 Q1,SNT,205483789,10/29/24,2025,2025 Q2,,,,,,,N,ENTERGY CORPORATION,181149,ENTERGY SERVICES INC,26853,ENTERGY SERVICES INC,349719627,ENTERGY SERVICES GE (ID 55684),1061675422,17300 HIGHWAY 99,LYNNWOOD,WA,Major,97454
FLM28380D6B,COVERED,ACTIVE,Data Center Networking,NX9K,N9300,N9K-C93360YC-FX2,"Nexus 9300 w/ 96p 1/10/25G, 12p 100G, MACsec capable",Hardware,CHASSIS,Others,Others,,1,11/24/24,11/23/31,2032,2032 Q2,SNT,205483789,11/24/24,2025,2025 Q2,,,,,,,N,ENTERGY CORPORATION,181149,ENTERGY SERVICES INC,26853,ENTERGY-LITTLE ROCK DATA CENTER,256069912,ENTERGY LITTLE ROCK DATA CENTER,1047829814,700 SOUTH LOUSIANA ST. A-DC-BA,LITTLE ROCK,AR,Major,97548
FLM284304KH,COVERED,ACTIVE,Data Center Networking,NX9K,N9300,N9K-C93360YC-FX2,"Nexus 9300 w/ 96p 1/10/25G, 12p 100G, MACsec capable",Hardware,CHASSIS,Others,Others,,1,11/24/24,11/23/31,2032,2032 Q2,SNT,205483789,11/24/24,2025,2025 Q2,,,,,,,N,ENTERGY CORPORATION,181149,ENTERGY SERVICES INC,26853,ENTERGY-LITTLE ROCK DATA CENTER,256069912,ENTERGY LITTLE ROCK DATA CENTER,1047829814,700 SOUTH LOUSIANA ST. A-DC-BA,LITTLE ROCK,AR,Major,97547